Date,Open,High,Low,Close
2011-10-04,9.872500000000,10.525000000000,9.825000000000,10.525000000000
2011-10-05,10.882500000000,11.410000000000,10.862500000000,11.347500000000
2011-10-06,11.357500000000,11.582500000000,11.200000000000,11.582500000000
2011-10-07,11.797500000000,11.797500000000,11.195000000000,11.672500000000
2011-10-10,11.875000000000,12.150000000000,11.850000000000,12.150000000000
2011-10-11,12.062500000000,12.412500000000,12.060000000000,12.315000000000
2011-10-12,12.790000000000,13.375000000000,12.750000000000,13.172500000000
2011-10-13,13.000000000000,13.067500000000,12.735000000000,13.067500000000
2011-10-14,13.847500000000,13.945000000000,13.502500000000,13.937500000000
2011-10-17,13.725000000000,13.727500000000,12.405000000000,12.405000000000
2011-10-18,12.375000000000,13.067500000000,12.072500000000,12.835000000000
2011-10-19,12.945000000000,12.952500000000,11.802500000000,11.980000000000
2011-10-20,11.912500000000,11.912500000000,11.462500000000,11.877500000000
2011-10-21,12.320000000000,12.462500000000,12.165000000000,12.462500000000
2011-10-24,12.735000000000,13.265000000000,12.735000000000,13.265000000000
2011-10-25,13.057500000000,13.057500000000,12.362500000000,12.365000000000
2011-10-26,12.825000000000,12.877500000000,12.210000000000,12.780000000000
2011-10-27,14.175000000000,14.637500000000,13.912500000000,14.457500000000
2011-10-28,14.207500000000,14.695000000000,14.145000000000,14.695000000000
2011-10-31,13.940000000000,14.040000000000,13.110000000000,13.110000000000
2011-11-01,11.100000000000,11.632500000000,10.767500000000,11.157500000000
2011-11-02,11.617500000000,11.620000000000,11.170000000000,11.527500000000
2011-11-03,11.860000000000,12.110000000000,11.157500000000,12.090000000000
2011-11-04,11.762500000000,12.050000000000,11.382500000000,11.852500000000
2011-11-07,11.757500000000,11.940000000000,11.505000000000,11.930000000000
2011-11-08,12.112500000000,12.502500000000,11.767500000000,12.502500000000
2011-11-09,11.552500000000,11.657500000000,10.055000000000,10.105000000000
2011-11-10,10.685000000000,10.750000000000,10.180000000000,10.725000000000
2011-11-11,11.150000000000,11.307500000000,11.107500000000,11.187500000000
2011-11-14,11.035000000000,11.037500000000,10.715000000000,10.910000000000
2011-11-15,10.712500000000,11.110000000000,10.627500000000,11.022500000000
2011-11-16,10.667500000000,11.070000000000,10.437500000000,10.497500000000
2011-11-17,10.392500000000,10.467500000000,9.792500000000,9.992500000000
2011-11-18,10.250000000000,10.325000000000,9.987500000000,10.312500000000
2011-11-21,9.767500000000,10.257500000000,9.750000000000,10.210000000000
2011-11-22,10.107500000000,10.427500000000,10.060000000000,10.417500000000
2011-11-23,10.190000000000,10.235000000000,9.925000000000,9.945000000000
2011-11-25,9.935000000000,10.100000000000,9.780000000000,9.812500000000
2011-11-28,10.457500000000,10.490000000000,10.165000000000,10.252500000000
2011-11-29,10.355000000000,10.517500000000,10.222500000000,10.445000000000
2011-11-30,11.155000000000,11.405000000000,11.075000000000,11.405000000000
2011-12-01,11.385000000000,11.737500000000,11.357500000000,11.637500000000
2011-12-02,11.980000000000,12.172500000000,11.680000000000,11.690000000000
2011-12-05,12.122500000000,12.152500000000,11.605000000000,11.705000000000
2011-12-06,11.697500000000,11.907500000000,11.652500000000,11.752500000000
2011-12-07,11.615000000000,11.615000000000,11.112500000000,11.390000000000
2011-12-08,11.075000000000,11.170000000000,10.762500000000,10.870000000000
2011-12-09,10.997500000000,11.630000000000,10.997500000000,11.615000000000
2011-12-12,11.340000000000,11.530000000000,11.107500000000,11.530000000000
2011-12-13,11.867500000000,12.027500000000,11.372500000000,11.555000000000
2011-12-14,11.575000000000,11.755000000000,11.332500000000,11.560000000000
2011-12-15,12.015000000000,12.140000000000,11.860000000000,11.990000000000
2011-12-16,12.392500000000,12.405000000000,11.925000000000,12.087500000000
2011-12-19,12.195000000000,12.445000000000,12.092500000000,12.175000000000
2011-12-20,12.740000000000,12.972500000000,12.640000000000,12.930000000000
2011-12-21,13.110000000000,13.830000000000,12.862500000000,13.810000000000
2011-12-22,14.112500000000,14.375000000000,13.605000000000,13.745000000000
2011-12-23,13.927500000000,13.962500000000,13.325000000000,13.425000000000
2011-12-27,13.407500000000,13.642500000000,13.407500000000,13.507500000000
2011-12-28,13.595000000000,13.595000000000,12.930000000000,12.930000000000
2011-12-29,13.152500000000,13.287500000000,13.140000000000,13.257500000000
2011-12-30,13.275000000000,13.320000000000,13.070000000000,13.070000000000
2012-01-03,13.655000000000,13.800000000000,13.592500000000,13.722500000000
2012-01-04,13.572500000000,13.987500000000,13.405000000000,13.977500000000
2012-01-05,13.697500000000,14.307500000000,13.647500000000,14.307500000000
2012-01-06,14.417500000000,14.665000000000,14.147500000000,14.540000000000
2012-01-09,14.657500000000,14.785000000000,14.555000000000,14.740000000000
2012-01-10,15.160000000000,15.297500000000,15.002500000000,15.025000000000
2012-01-11,14.877500000000,14.917500000000,14.747500000000,14.770000000000
2012-01-12,14.842500000000,15.007500000000,14.320000000000,14.975000000000
2012-01-13,14.587500000000,14.620000000000,14.142500000000,14.595000000000
2012-01-17,15.097500000000,15.320000000000,14.650000000000,14.717500000000
2012-01-18,14.790000000000,15.260000000000,14.677500000000,15.245000000000
2012-01-19,15.485000000000,15.662500000000,15.345000000000,15.662500000000
2012-01-20,15.567500000000,16.135000000000,15.540000000000,16.132500000000
2012-01-23,16.152500000000,16.622499000000,16.142500000000,16.535000000000
2012-01-24,16.110001000000,16.547501000000,16.067499000000,16.452499000000
2012-01-25,16.445000000000,17.227501000000,16.315001000000,17.195000000000
2012-01-26,17.582500000000,17.582500000000,16.915001000000,17.125000000000
2012-01-27,16.910000000000,17.557501000000,16.910000000000,17.555000000000
2012-01-30,16.807501000000,17.180000000000,16.777500000000,17.000000000000
2012-01-31,17.417500000000,17.475000000000,16.830000000000,17.030001000000
2012-02-01,17.362499000000,17.617500000000,17.272499000000,17.462500000000
2012-02-02,17.764999000000,17.990000000000,17.709999000000,17.990000000000
2012-02-03,18.737499000000,18.955000000000,18.555000000000,18.955000000000
2012-02-06,18.822500000000,19.162500000000,18.725000000000,19.142500000000
2012-02-07,19.132500000000,19.142500000000,18.737499000000,19.002501000000
2012-02-08,19.037500000000,19.080000000000,18.469999000000,18.592501000000
2012-02-09,18.475000000000,18.480000000000,17.647499000000,17.647499000000
2012-02-10,16.680000000000,16.875000000000,15.180000000000,16.055000000000
2012-02-13,17.070000000000,17.420000000000,16.842501000000,17.420000000000
2012-02-14,17.125000000000,17.125000000000,15.757500000000,16.832500000000
2012-02-15,16.517500000000,16.632500000000,15.770000000000,15.847500000000
2012-02-16,15.500000000000,16.455000000000,15.237500000000,16.424999000000
2012-02-17,16.684999000000,16.857500000000,16.250000000000,16.670000000000
2012-02-21,16.867500000000,16.867500000000,16.445000000000,16.682501000000
2012-02-22,16.587500000000,17.180000000000,16.587500000000,17.117500000000
2012-02-23,17.139999000000,18.302500000000,17.059999000000,18.250000000000
2012-02-24,18.557501000000,18.622499000000,17.465000000000,17.552500000000
2012-02-27,16.950001000000,17.945000000000,16.902500000000,17.412500000000
2012-02-28,17.215000000000,17.660000000000,17.160000000000,17.590000000000
2012-02-29,17.897499000000,18.230000000000,17.480000000000,17.865000000000
2012-03-01,18.025000000000,18.312500000000,17.945000000000,18.212500000000
2012-03-02,18.235001000000,18.337500000000,17.915001000000,18.090000000000
2012-03-05,17.940001000000,18.225000000000,17.762501000000,18.125000000000
2012-03-06,16.952499000000,17.334999000000,16.552500000000,16.702499000000
2012-03-07,16.910000000000,17.537500000000,16.809999000000,17.512501000000
2012-03-08,17.927500000000,18.285000000000,17.862499000000,18.180000000000
2012-03-09,18.427500000000,18.900000000000,18.410000000000,18.545000000000
2012-03-12,18.787500000000,19.450001000000,18.747499000000,19.385000000000
2012-03-13,19.959999000000,20.424999000000,19.795000000000,20.299999000000
2012-03-14,20.424999000000,20.467501000000,19.090000000000,19.597500000000
2012-03-15,19.392500000000,19.885000000000,19.227501000000,19.855000000000
2012-03-16,19.980000000000,20.162500000000,19.700001000000,19.910000000000
2012-03-19,20.055000000000,21.250000000000,19.959999000000,21.132500000000
2012-03-20,20.575001000000,22.084999000000,20.410000000000,22.084999000000
2012-03-21,22.514999000000,23.415001000000,22.215000000000,23.150000000000
2012-03-22,22.110001000000,23.122499000000,21.672501000000,22.834999000000
2012-03-23,23.014999000000,24.552500000000,22.617500000000,24.430000000000
2012-03-26,25.375000000000,26.877501000000,25.367500000000,26.752501000000
2012-03-27,26.247499000000,26.405001000000,23.997499000000,24.122499000000
2012-03-28,24.052500000000,24.407499000000,21.754999000000,23.817499000000
2012-03-29,22.379999000000,24.177500000000,22.375000000000,23.962500000000
2012-03-30,24.969999000000,24.969999000000,23.987499000000,24.532499000000
2012-04-02,24.327499000000,25.430000000000,24.305000000000,24.552500000000
2012-04-03,24.692499000000,24.870001000000,23.412500000000,24.117500000000
2012-04-04,22.887501000000,23.782499000000,22.325001000000,23.549999000000
2012-04-05,22.990000000000,23.647499000000,22.870001000000,23.012501000000
2012-04-09,21.682501000000,22.512501000000,21.612499000000,21.612499000000
2012-04-10,21.490000000000,21.780001000000,19.842501000000,19.857500000000
2012-04-11,20.912500000000,21.117500000000,20.275000000000,20.352501000000
2012-04-12,20.657499000000,22.225000000000,20.549999000000,22.145000000000
2012-04-13,22.150000000000,22.170000000000,20.475000000000,20.775000000000
2012-04-16,21.507500000000,21.702499000000,20.535000000000,21.100000000000
2012-04-17,21.827499000000,22.504999000000,21.775000000000,22.250000000000
2012-04-18,22.010000000000,22.475000000000,21.605000000000,21.852501000000
2012-04-19,21.942499000000,22.377501000000,21.070000000000,21.690001000000
2012-04-20,22.165001000000,22.625000000000,22.160000000000,22.397499000000
2012-04-23,21.262501000000,21.764999000000,20.772499000000,21.670000000000
2012-04-24,21.737499000000,22.155001000000,21.600000000000,22.155001000000
2012-04-25,23.070000000000,23.584999000000,22.570000000000,23.540001000000
2012-04-26,23.487499000000,24.542500000000,23.367500000000,24.334999000000
2012-04-27,24.475000000000,24.620001000000,23.955000000000,24.389999000000
2012-04-30,24.094999000000,24.237499000000,23.709999000000,23.842501000000
2012-05-01,23.907499000000,24.842501000000,23.830000000000,24.549999000000
2012-05-02,24.049999000000,24.590000000000,23.830000000000,24.370001000000
2012-05-03,24.587500000000,24.737499000000,23.580000000000,23.852501000000
2012-05-04,23.620001000000,23.639999000000,22.417500000000,22.785000000000
2012-05-07,22.257500000000,23.330000000000,22.139999000000,23.105000000000
2012-05-08,22.615000000000,23.004999000000,21.410000000000,22.910000000000
2012-05-09,21.770000000000,22.684999000000,21.340000000000,22.000000000000
2012-05-10,22.629999000000,22.959999000000,22.372499000000,22.705000000000
2012-05-11,22.090000000000,23.059999000000,22.025000000000,22.340000000000
2012-05-14,21.389999000000,21.655001000000,20.972500000000,21.020000000000
2012-05-15,20.900000000000,21.277500000000,19.910000000000,20.000000000000
2012-05-16,20.252501000000,20.580000000000,19.207500000000,19.254999000000
2012-05-17,19.432501000000,19.639999000000,18.330000000000,18.330000000000
2012-05-18,18.430000000000,18.522499000000,16.809999000000,17.100000000000
2012-05-21,17.180000000000,18.952499000000,16.950001000000,18.952499000000
2012-05-22,19.180000000000,19.972500000000,17.610001000000,18.190001000000
2012-05-23,17.770000000000,18.745001000000,17.187500000000,18.540001000000
2012-05-24,18.719999000000,18.780001000000,17.709999000000,18.375000000000
2012-05-25,18.430000000000,18.702499000000,18.309999000000,18.607500000000
2012-05-29,19.129999000000,19.575001000000,18.812500000000,19.455000000000
2012-05-30,18.934999000000,18.934999000000,18.145000000000,18.145000000000
2012-05-31,17.915001000000,18.402500000000,17.000000000000,17.799999000000
2012-06-01,16.495001000000,16.987499000000,16.285000000000,16.327499000000
2012-06-04,16.682501000000,17.030001000000,16.117500000000,17.027500000000
2012-06-05,16.820000000000,17.477501000000,16.817499000000,17.350000000000
2012-06-06,17.915001000000,18.652500000000,17.777500000000,18.635000000000
2012-06-07,19.490000000000,19.580000000000,18.712500000000,18.827499000000
2012-06-08,18.687500000000,19.862499000000,18.607500000000,19.832500000000
2012-06-11,20.562500000000,20.667500000000,18.035000000000,18.110001000000
2012-06-12,18.157499000000,18.455000000000,17.567499000000,18.340000000000
2012-06-13,17.865000000000,18.377501000000,17.075001000000,17.382500000000
2012-06-14,17.522499000000,18.497499000000,17.250000000000,18.497499000000
2012-06-15,18.612499000000,19.487499000000,18.375000000000,19.230000000000
2012-06-18,19.357500000000,20.934999000000,19.162500000000,20.867500000000
2012-06-19,21.584999000000,21.680000000000,20.927500000000,21.240000000000
2012-06-20,21.252501000000,22.122499000000,20.457500000000,22.122499000000
2012-06-21,22.052500000000,22.285000000000,19.459999000000,19.459999000000
2012-06-22,20.227501000000,21.655001000000,19.870001000000,21.520000000000
2012-06-25,20.219999000000,20.357500000000,19.742500000000,19.932501000000
2012-06-26,20.565001000000,20.832500000000,19.775000000000,20.580000000000
2012-06-27,20.870001000000,21.165001000000,20.379999000000,20.389999000000
2012-06-28,20.162500000000,21.092501000000,19.799999000000,21.035000000000
2012-06-29,22.277500000000,22.575001000000,21.975000000000,22.457500000000
2012-07-02,22.910000000000,23.962500000000,22.645000000000,23.877501000000
2012-07-03,24.022499000000,24.712500000000,23.990000000000,24.357500000000
2012-07-05,24.212500000000,24.212500000000,23.152500000000,23.459999000000
2012-07-06,22.757500000000,23.725000000000,22.735001000000,23.622499000000
2012-07-09,23.830000000000,24.110001000000,23.295000000000,23.860001000000
2012-07-10,24.242500000000,24.525000000000,22.747499000000,23.197500000000
2012-07-11,23.232500000000,24.120001000000,22.837500000000,23.887501000000
2012-07-12,23.327499000000,24.215000000000,22.770000000000,23.657499000000
2012-07-13,24.055000000000,25.070000000000,24.030001000000,25.042500000000
2012-07-16,25.105000000000,25.587500000000,24.790001000000,25.322500000000
2012-07-17,25.797501000000,26.434999000000,25.032499000000,26.230000000000
2012-07-18,26.115000000000,26.629999000000,25.787500000000,25.947500000000
2012-07-19,26.162500000000,26.545000000000,25.562500000000,26.537500000000
2012-07-20,25.750000000000,26.092501000000,24.875000000000,25.125000000000
2012-07-23,23.129999000000,23.962500000000,22.257500000000,23.372499000000
2012-07-24,23.477501000000,23.490000000000,21.775000000000,22.485001000000
2012-07-25,22.594999000000,23.077499000000,21.787500000000,22.707500000000
2012-07-26,24.115000000000,24.527500000000,23.670000000000,24.469999000000
2012-07-27,25.465000000000,25.562500000000,24.812500000000,25.065001000000
2012-07-30,25.280001000000,25.584999000000,24.497499000000,24.542500000000
2012-07-31,24.012501000000,24.525000000000,23.799999000000,23.815001000000
2012-08-01,24.262501000000,24.639999000000,23.775000000000,24.330000000000
2012-08-02,23.697500000000,24.875000000000,23.527500000000,24.875000000000
2012-08-03,25.832500000000,26.615000000000,25.677500000000,26.615000000000
2012-08-06,26.995001000000,27.487499000000,26.820000000000,27.222500000000
2012-08-07,27.625000000000,27.775000000000,26.385000000000,26.424999000000
2012-08-08,26.487499000000,27.535000000000,26.297501000000,27.502501000000
2012-08-09,27.270000000000,27.895000000000,27.030001000000,27.612499000000
2012-08-10,27.315001000000,28.122499000000,27.117500000000,28.105000000000
2012-08-13,28.014999000000,28.872499000000,27.912500000000,28.872499000000
2012-08-14,28.777500000000,28.930000000000,27.347500000000,27.379999000000
2012-08-15,27.395000000000,28.067499000000,27.222500000000,27.385000000000
2012-08-16,27.507500000000,27.945000000000,27.025000000000,27.932501000000
2012-08-17,28.202499000000,28.940001000000,27.882500000000,28.674999000000
2012-08-20,28.424999000000,28.757500000000,27.959999000000,28.697500000000
2012-08-21,29.055000000000,29.147499000000,27.652500000000,27.920000000000
2012-08-22,27.422501000000,27.937500000000,27.162500000000,27.715000000000
2012-08-23,27.507500000000,27.605000000000,26.770000000000,27.137501000000
2012-08-24,26.834999000000,28.440001000000,26.772499000000,28.217501000000
2012-08-27,28.497499000000,28.722500000000,27.975000000000,28.057501000000
2012-08-28,27.577499000000,28.035000000000,27.462500000000,27.530001000000
2012-08-29,27.562500000000,28.127501000000,27.347500000000,27.395000000000
2012-08-30,26.770000000000,27.152500000000,26.540001000000,26.830000000000
2012-08-31,27.250000000000,27.834999000000,26.684999000000,27.632500000000
2012-09-04,27.547501000000,27.942499000000,27.080000000000,27.917500000000
2012-09-05,27.987499000000,28.770000000000,27.987499000000,28.617500000000
2012-09-06,29.270000000000,31.645000000000,29.270000000000,31.645000000000
2012-09-07,32.267502000000,33.509998000000,32.145000000000,33.430000000000
2012-09-10,32.887501000000,33.892502000000,31.379999000000,31.527500000000
2012-09-11,31.552500000000,32.392502000000,31.167500000000,31.670000000000
2012-09-12,32.262501000000,32.622501000000,31.492500000000,32.500000000000
2012-09-13,32.467499000000,35.080002000000,31.885000000000,34.860001000000
2012-09-14,35.544998000000,36.105000000000,33.472500000000,33.665001000000
2012-09-17,33.049999000000,33.842499000000,33.027500000000,33.837502000000
2012-09-18,33.654999000000,34.834999000000,33.299999000000,34.724998000000
2012-09-19,35.375000000000,35.462502000000,34.590000000000,34.785000000000
2012-09-20,34.462502000000,35.165001000000,33.922501000000,35.130001000000
2012-09-21,35.090000000000,35.830002000000,34.770000000000,35.342499000000
2012-09-24,34.942501000000,36.152500000000,34.787498000000,35.817501000000
2012-09-25,36.230000000000,36.264999000000,33.052502000000,33.139999000000
2012-09-26,32.512501000000,32.959999000000,31.135000000000,31.815001000000
2012-09-27,32.955002000000,34.834999000000,32.415001000000,34.737499000000
2012-09-28,33.937500000000,34.802502000000,33.377499000000,33.685001000000
2012-10-01,34.509998000000,35.430000000000,33.197498000000,33.365002000000
2012-10-02,33.792500000000,34.080002000000,32.889999000000,34.032501000000
2012-10-03,34.000000000000,34.560001000000,33.165001000000,34.157501000000
2012-10-04,34.439999000000,34.992500000000,34.205002000000,34.974998000000
2012-10-05,36.080002000000,36.435001000000,35.000000000000,35.435001000000
2012-10-08,34.950001000000,35.384998000000,34.674999000000,35.040001000000
2012-10-09,34.970001000000,35.125000000000,33.330002000000,33.514999000000
2012-10-10,33.889999000000,34.090000000000,33.139999000000,33.895000000000
2012-10-11,34.395000000000,34.779999000000,34.105000000000,34.220001000000
2012-10-12,34.919998000000,35.224998000000,33.825001000000,34.000000000000
2012-10-15,34.290001000000,35.235001000000,33.610001000000,35.160000000000
2012-10-16,35.755001000000,36.125000000000,35.474998000000,35.945000000000
2012-10-17,35.965000000000,36.610001000000,35.584999000000,36.424999000000
2012-10-18,36.165001000000,36.939999000000,35.910000000000,36.474998000000
2012-10-19,36.169998000000,36.169998000000,33.759998000000,34.180000000000
2012-10-22,34.275002000000,34.619999000000,33.250000000000,34.619999000000
2012-10-23,32.660000000000,32.880001000000,31.400000000000,31.840000000000
2012-10-24,32.189999000000,32.259998000000,31.344999000000,31.570000000000
2012-10-25,32.654999000000,32.814999000000,31.610001000000,32.384998000000
2012-10-26,32.410000000000,32.970001000000,31.615000000000,32.470001000000
2012-10-31,33.150002000000,33.209999000000,31.525000000000,31.775000000000
2012-11-01,32.160000000000,34.369999000000,32.070000000000,34.340000000000
2012-11-02,34.775002000000,34.895000000000,33.270000000000,33.439999000000
2012-11-05,32.935001000000,33.139999000000,31.955000000000,32.794998000000
2012-11-06,33.044998000000,34.290001000000,32.735001000000,33.930000000000
2012-11-07,33.084999000000,33.325001000000,30.820000000000,31.230000000000
2012-11-08,31.275000000000,31.955000000000,30.830000000000,30.965000000000
2012-11-09,30.650000000000,31.975000000000,30.600000000000,30.985001000000
2012-11-12,31.320000000000,33.070000000000,31.320000000000,32.985001000000
2012-11-13,32.209999000000,33.770000000000,32.000000000000,32.915001000000
2012-11-14,33.860001000000,33.945000000000,31.250000000000,31.799999000000
2012-11-15,31.809999000000,32.375000000000,30.485001000000,31.455000000000
2012-11-16,31.840000000000,32.965000000000,30.725000000000,32.910000000000
2012-11-19,34.075001000000,35.759998000000,34.044998000000,35.730000000000
2012-11-20,36.125000000000,36.404999000000,35.505001000000,36.310001000000
2012-11-21,36.410000000000,37.035000000000,35.720001000000,36.070000000000
2012-11-23,36.935001000000,37.645000000000,36.619999000000,37.645000000000
2012-11-26,36.990002000000,37.994999000000,36.779999000000,37.955002000000
2012-11-27,38.200001000000,38.500000000000,37.005001000000,37.115002000000
2012-11-28,36.485001000000,38.230000000000,35.724998000000,38.125000000000
2012-11-29,38.730000000000,38.875000000000,37.794998000000,38.639999000000
2012-11-30,39.005001000000,39.005001000000,37.549999000000,37.884998000000
2012-12-03,38.945000000000,38.994999000000,37.055000000000,37.180000000000
2012-12-04,36.900002000000,37.369999000000,35.970001000000,36.480000000000
2012-12-05,36.500000000000,37.255001000000,35.689999000000,37.084999000000
2012-12-06,37.090000000000,37.205002000000,36.334999000000,36.654999000000
2012-12-07,37.215000000000,37.985001000000,36.404999000000,37.915001000000
2012-12-10,37.580002000000,37.840000000000,37.154999000000,37.455002000000
2012-12-11,37.895000000000,38.720001000000,37.755001000000,38.685001000000
2012-12-12,38.849998000000,39.060001000000,37.610001000000,37.724998000000
2012-12-13,37.785000000000,37.985001000000,36.410000000000,37.005001000000
2012-12-14,36.799999000000,37.000000000000,36.279999000000,36.759998000000
2012-12-17,36.615002000000,38.025002000000,36.560001000000,38.000000000000
2012-12-18,38.605000000000,39.695000000000,38.384998000000,39.419998000000
2012-12-19,39.465000000000,39.465000000000,37.075001000000,37.080002000000
2012-12-20,37.200001000000,37.445000000000,36.000000000000,36.224998000000
2012-12-21,33.279999000000,34.435001000000,33.105000000000,33.849998000000
2012-12-24,34.470001000000,34.619999000000,34.025002000000,34.474998000000
2012-12-26,33.935001000000,34.000000000000,32.584999000000,32.625000000000
2012-12-27,32.654999000000,33.000000000000,30.580000000000,32.605000000000
2012-12-28,31.565001000000,32.380001000000,30.700001000000,30.924999000000
2012-12-31,29.365000000000,33.040001000000,29.135000000000,32.724998000000
2013-01-02,35.875000000000,36.744999000000,34.965000000000,36.730000000000
2013-01-03,36.330002000000,37.130001000000,35.884998000000,36.424999000000
2013-01-04,36.474998000000,37.310001000000,36.310001000000,37.165001000000
2013-01-07,36.770000000000,37.369999000000,36.430000000000,37.150002000000
2013-01-08,37.415001000000,37.740002000000,36.750000000000,37.575001000000
2013-01-09,38.224998000000,38.299999000000,37.224998000000,37.520000000000
2013-01-10,38.240002000000,38.540001000000,37.674999000000,38.455002000000
2013-01-11,38.400002000000,38.634998000000,37.935001000000,38.570000000000
2013-01-14,38.660000000000,39.404999000000,38.380001000000,39.240002000000
2013-01-15,38.770000000000,39.595001000000,38.599998000000,39.224998000000
2013-01-16,39.544998000000,40.459999000000,39.355000000000,40.105000000000
2013-01-17,40.590000000000,40.750000000000,39.820000000000,39.820000000000
2013-01-18,40.259998000000,42.514999000000,40.000000000000,42.320000000000
2013-01-22,42.404999000000,43.814999000000,41.599998000000,43.610001000000
2013-01-23,43.555000000000,44.970001000000,43.419998000000,44.744999000000
2013-01-24,44.424999000000,45.165001000000,41.834999000000,44.480000000000
2013-01-25,44.369999000000,44.900002000000,43.294998000000,44.139999000000
2013-01-28,44.294998000000,44.294998000000,42.450001000000,42.900002000000
2013-01-29,42.285000000000,44.560001000000,42.029999000000,44.255001000000
2013-01-30,43.195000000000,43.724998000000,41.369999000000,41.470001000000
2013-01-31,41.125000000000,42.180000000000,40.860001000000,41.279999000000
2013-02-01,42.900002000000,43.950001000000,42.884998000000,43.365002000000
2013-02-04,42.195000000000,42.654999000000,40.525002000000,40.540001000000
2013-02-05,41.459999000000,43.049999000000,41.325001000000,42.299999000000
2013-02-06,41.415001000000,42.575001000000,41.294998000000,42.494999000000
2013-02-07,43.075001000000,43.185001000000,40.924999000000,42.645000000000
2013-02-08,42.924999000000,43.680000000000,42.915001000000,43.465000000000
2013-02-11,43.639999000000,44.430000000000,43.259998000000,44.075001000000
2013-02-12,44.360001000000,45.064999000000,43.970001000000,44.650002000000
2013-02-13,44.799999000000,45.250000000000,43.715000000000,44.490002000000
2013-02-14,44.240002000000,45.365002000000,43.869999000000,45.115002000000
2013-02-15,45.619999000000,45.730000000000,44.424999000000,45.465000000000
2013-02-19,45.779999000000,47.520000000000,45.779999000000,47.369999000000
2013-02-20,47.230000000000,47.294998000000,42.755001000000,42.755001000000
2013-02-21,43.105000000000,43.150002000000,40.849998000000,42.360001000000
2013-02-22,43.404999000000,43.860001000000,42.555000000000,43.790001000000
2013-02-25,45.305000000000,45.845001000000,37.310001000000,37.669998000000
2013-02-26,37.860001000000,38.865002000000,35.735001000000,38.310001000000
2013-02-27,38.055000000000,41.424999000000,37.705002000000,40.755001000000
2013-02-28,40.910000000000,41.564999000000,39.560001000000,39.560001000000
2013-03-01,37.805000000000,39.619999000000,36.860001000000,38.950001000000
2013-03-04,38.384998000000,41.000000000000,38.209999000000,40.965000000000
2013-03-05,42.275002000000,42.535000000000,41.805000000000,42.285000000000
2013-03-06,42.740002000000,42.820000000000,41.264999000000,42.020000000000
2013-03-07,42.185001000000,42.924999000000,41.869999000000,42.910000000000
2013-03-08,43.645000000000,43.750000000000,42.255001000000,43.474998000000
2013-03-11,43.485001000000,45.345001000000,43.340000000000,45.294998000000
2013-03-12,45.130001000000,45.450001000000,43.049999000000,44.494999000000
2013-03-13,44.730000000000,45.099998000000,43.750000000000,44.744999000000
2013-03-14,45.349998000000,45.779999000000,44.834999000000,45.584999000000
2013-03-15,45.424999000000,45.889999000000,44.610001000000,45.625000000000
2013-03-18,42.709999000000,45.230000000000,42.610001000000,43.264999000000
2013-03-19,44.209999000000,44.380001000000,40.955002000000,43.075001000000
2013-03-20,44.705002000000,45.790001000000,44.255001000000,45.505001000000
2013-03-21,44.355000000000,45.380001000000,43.580002000000,44.139999000000
2013-03-22,44.950001000000,45.119999000000,43.634998000000,44.285000000000
2013-03-25,45.419998000000,46.070000000000,43.564999000000,44.695000000000
2013-03-26,45.615002000000,46.294998000000,45.105000000000,45.990002000000
2013-03-27,44.939999000000,45.950001000000,44.570000000000,45.630001000000
2013-03-28,45.755001000000,45.939999000000,45.389999000000,45.540001000000
2013-04-01,45.965000000000,46.174999000000,45.090000000000,45.590000000000
2013-04-02,46.270000000000,47.049999000000,46.125000000000,47.029999000000
2013-04-03,47.090000000000,47.325001000000,44.849998000000,45.305000000000
2013-04-04,45.400002000000,46.075001000000,44.224998000000,46.075001000000
2013-04-05,43.470001000000,45.910000000000,43.235001000000,45.895000000000
2013-04-08,46.195000000000,47.174999000000,45.595001000000,47.055000000000
2013-04-09,47.439999000000,48.244999000000,46.724998000000,47.709999000000
2013-04-10,48.250000000000,49.134998000000,48.139999000000,48.904999000000
2013-04-11,49.185001000000,50.035000000000,48.830002000000,49.174999000000
2013-04-12,48.650002000000,50.160000000000,48.084999000000,50.049999000000
2013-04-15,49.750000000000,50.424999000000,42.160000000000,44.250000000000
2013-04-16,44.825001000000,46.305000000000,44.169998000000,46.224998000000
2013-04-17,44.580002000000,44.584999000000,39.430000000000,41.220001000000
2013-04-18,41.064999000000,41.325001000000,38.195000000000,39.105000000000
2013-04-19,39.615002000000,42.130001000000,39.400002000000,41.685001000000
2013-04-22,41.680000000000,43.290001000000,40.770000000000,42.820000000000
2013-04-23,44.205002000000,45.180000000000,41.264999000000,44.895000000000
2013-04-24,44.935001000000,45.470001000000,44.415001000000,44.865002000000
2013-04-25,45.310001000000,45.465000000000,44.035000000000,44.330002000000
2013-04-26,43.820000000000,44.509998000000,43.299999000000,44.294998000000
2013-04-29,45.000000000000,45.330002000000,44.259998000000,44.535000000000
2013-04-30,44.535000000000,45.139999000000,43.820000000000,44.990002000000
2013-05-01,44.500000000000,44.705002000000,43.014999000000,43.020000000000
2013-05-02,43.799999000000,44.735001000000,43.669998000000,44.570000000000
2013-05-03,45.570000000000,45.755001000000,45.150002000000,45.525002000000
2013-05-06,45.525002000000,46.555000000000,45.459999000000,46.285000000000
2013-05-07,46.910000000000,47.125000000000,46.049999000000,46.650002000000
2013-05-08,46.290001000000,46.660000000000,45.470001000000,46.395000000000
2013-05-09,46.020000000000,46.160000000000,44.590000000000,45.509998000000
2013-05-10,45.244999000000,46.009998000000,44.715000000000,45.935001000000
2013-05-13,45.939999000000,46.360001000000,45.494999000000,46.285000000000
2013-05-14,46.465000000000,46.820000000000,46.005001000000,46.634998000000
2013-05-15,46.049999000000,46.660000000000,45.755001000000,46.314999000000
2013-05-16,45.900002000000,46.445000000000,45.310001000000,45.814999000000
2013-05-17,46.075001000000,47.165001000000,45.945000000000,47.029999000000
2013-05-20,46.480000000000,47.125000000000,46.365002000000,46.389999000000
2013-05-21,46.660000000000,46.805000000000,45.630001000000,46.055000000000
2013-05-22,46.389999000000,46.660000000000,44.730000000000,45.525002000000
2013-05-23,43.215000000000,45.439999000000,43.185001000000,45.095001000000
2013-05-24,44.580002000000,45.330002000000,44.255001000000,45.139999000000
2013-05-28,46.505001000000,46.799999000000,45.730000000000,46.395000000000
2013-05-29,45.605000000000,46.044998000000,44.669998000000,45.705002000000
2013-05-30,45.580002000000,46.154999000000,45.040001000000,45.750000000000
2013-05-31,45.189999000000,45.775002000000,44.049999000000,44.049999000000
2013-06-03,44.195000000000,44.259998000000,41.875000000000,44.224998000000
2013-06-04,43.930000000000,44.290001000000,42.330002000000,43.744999000000
2013-06-05,42.849998000000,43.235001000000,41.605000000000,41.775002000000
2013-06-06,41.375000000000,42.279999000000,39.470001000000,42.255001000000
2013-06-07,43.415001000000,44.275002000000,42.805000000000,44.275002000000
2013-06-10,44.775002000000,44.915001000000,43.974998000000,44.744999000000
2013-06-11,42.845001000000,43.689999000000,41.465000000000,41.845001000000
2013-06-12,42.695000000000,42.779999000000,38.834999000000,39.340000000000
2013-06-13,39.270000000000,41.395000000000,38.790001000000,41.209999000000
2013-06-14,40.965000000000,41.915001000000,39.849998000000,40.150002000000
2013-06-17,40.955002000000,41.174999000000,40.000000000000,40.744999000000
2013-06-18,40.910000000000,41.380001000000,40.740002000000,41.380001000000
2013-06-19,40.955002000000,43.189999000000,40.685001000000,41.264999000000
2013-06-20,39.599998000000,39.794998000000,35.355000000000,36.695000000000
2013-06-21,37.840000000000,38.174999000000,35.840000000000,37.915001000000
2013-06-24,35.875000000000,36.915001000000,35.150002000000,35.735001000000
2013-06-25,36.785000000000,36.955002000000,35.990002000000,36.660000000000
2013-06-26,37.619999000000,37.634998000000,36.805000000000,37.525002000000
2013-06-27,38.459999000000,39.055000000000,38.125000000000,39.014999000000
2013-06-28,38.220001000000,39.849998000000,37.980000000000,39.224998000000
2013-07-01,39.735001000000,41.134998000000,39.735001000000,40.525002000000
2013-07-02,40.035000000000,40.980000000000,39.334999000000,39.834999000000
2013-07-03,39.465000000000,40.615002000000,39.334999000000,40.430000000000
2013-07-05,41.459999000000,42.505001000000,40.805000000000,42.505001000000
2013-07-08,43.610001000000,44.580002000000,43.369999000000,44.299999000000
2013-07-09,45.450001000000,45.715000000000,44.895000000000,45.255001000000
2013-07-10,45.185001000000,45.924999000000,45.070000000000,45.669998000000
2013-07-11,47.195000000000,47.345001000000,46.395000000000,46.974998000000
2013-07-12,46.939999000000,47.169998000000,46.160000000000,46.505001000000
2013-07-15,46.915001000000,47.775002000000,46.544998000000,47.485001000000
2013-07-16,47.575001000000,47.650002000000,45.685001000000,46.189999000000
2013-07-17,46.849998000000,47.840000000000,46.375000000000,47.720001000000
2013-07-18,48.134998000000,49.145000000000,47.980000000000,48.509998000000
2013-07-19,48.090000000000,49.860001000000,47.665001000000,49.544998000000
2013-07-22,49.820000000000,50.830002000000,49.365002000000,50.709999000000
2013-07-23,51.084999000000,51.549999000000,50.044998000000,50.935001000000
2013-07-24,51.209999000000,51.325001000000,49.685001000000,50.345001000000
2013-07-25,49.715000000000,51.625000000000,49.615002000000,51.509998000000
2013-07-26,50.895000000000,51.834999000000,50.025002000000,51.625000000000
2013-07-29,51.154999000000,51.599998000000,50.500000000000,51.035000000000
2013-07-30,51.209999000000,52.070000000000,50.705002000000,51.915001000000
2013-07-31,52.029999000000,54.255001000000,52.009998000000,53.099998000000
2013-08-01,54.529999000000,54.959999000000,54.215000000000,54.810001000000
2013-08-02,54.630001000000,56.240002000000,54.630001000000,56.240002000000
2013-08-05,56.305000000000,57.014999000000,56.020000000000,56.880001000000
2013-08-06,56.535000000000,56.674999000000,54.689999000000,55.200001000000
2013-08-07,54.200001000000,54.900002000000,53.055000000000,54.500000000000
2013-08-08,55.560001000000,55.794998000000,54.275002000000,55.334999000000
2013-08-09,55.220001000000,55.814999000000,54.070000000000,54.619999000000
2013-08-12,53.474998000000,55.130001000000,53.400002000000,54.845001000000
2013-08-13,55.355000000000,55.724998000000,54.115002000000,55.474998000000
2013-08-14,55.730000000000,55.965000000000,54.799999000000,54.840000000000
2013-08-15,53.064999000000,53.294998000000,51.884998000000,52.055000000000
2013-08-16,52.110001000000,53.865002000000,52.020000000000,53.005001000000
2013-08-19,52.759998000000,53.150002000000,51.419998000000,51.705002000000
2013-08-20,51.380001000000,53.455002000000,51.090000000000,52.040001000000
2013-08-21,51.255001000000,53.279999000000,50.205002000000,51.080002000000
2013-08-22,51.764999000000,52.674999000000,51.695000000000,52.365002000000
2013-08-23,52.840000000000,53.580002000000,52.419998000000,53.580002000000
2013-08-26,53.930000000000,54.365002000000,51.509998000000,51.709999000000
2013-08-27,49.275002000000,50.070000000000,47.205002000000,47.480000000000
2013-08-28,47.095001000000,48.325001000000,46.520000000000,47.520000000000
2013-08-29,46.880001000000,47.945000000000,46.555000000000,46.615002000000
2013-08-30,46.875000000000,46.924999000000,45.195000000000,46.075001000000
2013-09-03,48.105000000000,48.299999000000,46.849998000000,47.705002000000
2013-09-04,47.735001000000,48.250000000000,47.410000000000,47.834999000000
2013-09-05,48.014999000000,49.099998000000,47.865002000000,48.985001000000
2013-09-06,49.625000000000,49.810001000000,47.209999000000,48.610001000000
2013-09-09,49.130001000000,50.619999000000,48.875000000000,50.404999000000
2013-09-10,51.810001000000,52.250000000000,51.505001000000,52.240002000000
2013-09-11,51.889999000000,54.049999000000,51.790001000000,53.915001000000
2013-09-12,54.020000000000,54.779999000000,52.855000000000,53.000000000000
2013-09-13,54.005001000000,54.235001000000,52.820000000000,53.965000000000
2013-09-16,55.000000000000,55.165001000000,53.939999000000,54.290001000000
2013-09-17,54.340000000000,55.145000000000,54.340000000000,54.910000000000
2013-09-18,54.654999000000,57.560001000000,53.924999000000,57.029999000000
2013-09-19,57.584999000000,57.814999000000,56.474998000000,57.250000000000
2013-09-20,57.035000000000,57.740002000000,56.075001000000,56.090000000000
2013-09-23,56.384998000000,56.430000000000,54.389999000000,55.529999000000
2013-09-24,55.709999000000,56.615002000000,55.070000000000,55.575001000000
2013-09-25,55.770000000000,56.445000000000,55.060001000000,55.915001000000
2013-09-26,56.639999000000,57.000000000000,56.025002000000,56.889999000000
2013-09-27,55.955002000000,56.115002000000,54.040001000000,54.599998000000
2013-09-30,52.119999000000,53.970001000000,51.875000000000,52.570000000000
2013-10-01,52.485001000000,54.400002000000,52.365002000000,54.400002000000
2013-10-02,53.160000000000,53.900002000000,52.180000000000,52.764999000000
2013-10-03,52.180000000000,52.424999000000,48.279999000000,50.735001000000
2013-10-04,49.950001000000,51.255001000000,49.384998000000,50.924999000000
2013-10-07,48.845001000000,49.490002000000,46.945000000000,47.154999000000
2013-10-08,46.985001000000,47.189999000000,44.180000000000,44.810001000000
2013-10-09,44.895000000000,46.950001000000,43.630001000000,46.375000000000
2013-10-10,48.025002000000,50.799999000000,48.000000000000,50.779999000000
2013-10-11,50.685001000000,52.555000000000,50.564999000000,51.820000000000
2013-10-14,49.630001000000,51.834999000000,48.759998000000,51.165001000000
2013-10-15,50.555000000000,51.625000000000,47.660000000000,48.020000000000
2013-10-16,50.505001000000,53.779999000000,49.799999000000,53.720001000000
2013-10-17,53.139999000000,56.904999000000,53.095001000000,56.904999000000
2013-10-18,57.599998000000,58.404999000000,56.200001000000,57.165001000000
2013-10-21,58.500000000000,58.555000000000,56.330002000000,56.860001000000
2013-10-22,58.070000000000,58.195000000000,56.365002000000,56.764999000000
2013-10-23,55.904999000000,56.365002000000,54.540001000000,56.365002000000
2013-10-24,56.599998000000,57.415001000000,56.224998000000,57.145000000000
2013-10-25,57.259998000000,57.375000000000,56.415001000000,57.375000000000
2013-10-28,57.014999000000,57.294998000000,56.455002000000,56.945000000000
2013-10-29,57.080002000000,57.500000000000,56.590000000000,57.445000000000
2013-10-30,57.480000000000,57.480000000000,55.755001000000,56.695000000000
2013-10-31,56.750000000000,57.875000000000,56.340000000000,56.994999000000
2013-11-01,57.459999000000,57.810001000000,56.625000000000,57.345001000000
2013-11-04,57.695000000000,58.855000000000,57.400002000000,58.770000000000
2013-11-05,58.375000000000,59.200001000000,57.994999000000,58.980000000000
2013-11-06,59.555000000000,60.000000000000,58.730000000000,59.889999000000
2013-11-07,60.075001000000,60.185001000000,57.369999000000,57.794998000000
2013-11-08,58.389999000000,60.200001000000,58.244999000000,60.125000000000
2013-11-11,60.134998000000,60.470001000000,59.775002000000,60.410000000000
2013-11-12,60.294998000000,60.825001000000,59.895000000000,60.535000000000
2013-11-13,59.689999000000,60.945000000000,59.575001000000,60.744999000000
2013-11-14,60.895000000000,61.564999000000,60.650002000000,61.455002000000
2013-11-15,61.840000000000,62.275002000000,61.740002000000,62.270000000000
2013-11-18,63.160000000000,63.770000000000,61.930000000000,62.180000000000
2013-11-19,62.485001000000,62.810001000000,60.730000000000,61.430000000000
2013-11-20,60.855000000000,63.695000000000,60.735001000000,62.660000000000
2013-11-21,63.384998000000,65.360001000000,63.285000000000,64.815002000000
2013-11-22,65.144997000000,65.724998000000,64.775002000000,65.699997000000
2013-11-25,66.364998000000,66.379997000000,65.125000000000,65.430000000000
2013-11-26,65.504997000000,65.945000000000,64.930000000000,65.059998000000
2013-11-27,65.550003000000,65.550003000000,64.845001000000,65.025002000000
2013-11-29,65.294998000000,65.355003000000,64.169998000000,64.245003000000
2013-12-02,64.500000000000,64.525002000000,63.244999000000,63.759998000000
2013-12-03,62.490002000000,63.025002000000,60.560001000000,62.105000000000
2013-12-04,60.875000000000,62.880001000000,60.009998000000,62.779999000000
2013-12-05,63.185001000000,63.235001000000,61.700001000000,62.294998000000
2013-12-06,63.650002000000,64.839996000000,63.520000000000,64.474998000000
2013-12-09,65.010002000000,65.324997000000,64.419998000000,64.945000000000
2013-12-10,64.535004000000,65.040001000000,64.290001000000,64.625000000000
2013-12-11,64.794998000000,64.894997000000,61.305000000000,61.590000000000
2013-12-12,61.915001000000,62.330002000000,60.090000000000,61.325001000000
2013-12-13,61.450001000000,61.740002000000,60.715000000000,61.185001000000
2013-12-16,61.915001000000,62.180000000000,60.779999000000,61.169998000000
2013-12-17,60.365002000000,61.785000000000,59.590000000000,61.334999000000
2013-12-18,61.945000000000,65.680000000000,60.880001000000,65.665001000000
2013-12-19,65.239998000000,65.910004000000,64.779999000000,65.010002000000
2013-12-20,65.559998000000,65.894997000000,64.535004000000,64.669998000000
2013-12-23,65.500000000000,67.195000000000,65.250000000000,67.014999000000
2013-12-24,68.000000000000,68.544998000000,67.544998000000,68.305000000000
2013-12-26,69.735001000000,69.949997000000,69.360001000000,69.504997000000
2013-12-27,69.684998000000,69.809998000000,68.029999000000,68.489998000000
2013-12-30,68.209999000000,68.540001000000,67.084999000000,67.430000000000
2013-12-31,68.205002000000,68.320000000000,66.449997000000,67.470001000000
2014-01-02,66.449997000000,66.720001000000,65.660004000000,66.114998000000
2014-01-03,66.684998000000,67.410004000000,65.815002000000,66.514999000000
2014-01-06,67.665001000000,68.169998000000,66.675003000000,67.309998000000
2014-01-07,68.074997000000,69.055000000000,67.970001000000,68.885002000000
2014-01-08,68.440002000000,69.139999000000,68.160004000000,68.769997000000
2014-01-09,68.934998000000,69.184998000000,68.190002000000,68.589996000000
2014-01-10,69.199997000000,70.345001000000,68.330002000000,70.199997000000
2014-01-13,69.974998000000,71.099998000000,65.699997000000,67.764999000000
2014-01-14,68.595001000000,70.610001000000,68.584999000000,70.464996000000
2014-01-15,70.639999000000,70.800003000000,69.360001000000,70.239998000000
2014-01-16,70.004997000000,70.309998000000,69.055000000000,69.875000000000
2014-01-17,69.584999000000,70.599998000000,69.279999000000,69.754997000000
2014-01-21,70.410004000000,70.669998000000,69.269997000000,70.544998000000
2014-01-22,71.305000000000,71.800003000000,70.879997000000,71.629997000000
2014-01-23,70.705002000000,70.820000000000,67.885002000000,69.690002000000
2014-01-24,67.680000000000,67.820000000000,62.110001000000,63.389999000000
2014-01-27,62.799999000000,63.840000000000,58.060001000000,61.810001000000
2014-01-28,61.740002000000,64.870003000000,61.500000000000,64.320000000000
2014-01-29,61.169998000000,63.029999000000,59.000000000000,60.029999000000
2014-01-30,61.779999000000,62.529999000000,60.230000000000,60.860001000000
2014-01-31,55.419998000000,58.660000000000,55.279999000000,56.259998000000
2014-02-03,55.500000000000,56.330002000000,51.610001000000,52.220001000000
2014-02-04,52.880001000000,53.740002000000,52.000000000000,53.070000000000
2014-02-05,52.020000000000,52.509998000000,49.799999000000,51.180000000000
2014-02-06,51.820000000000,56.180000000000,51.820000000000,56.160000000000
2014-02-07,57.630001000000,60.730000000000,57.369999000000,59.520000000000
2014-02-10,59.790001000000,60.680000000000,58.900002000000,59.459999000000
2014-02-11,60.450001000000,62.400002000000,59.970001000000,61.709999000000
2014-02-12,62.509998000000,63.099998000000,61.290001000000,62.959999000000
2014-02-13,61.150002000000,63.549999000000,61.020000000000,63.459999000000
2014-02-14,63.669998000000,64.970001000000,63.279999000000,64.400002000000
2014-02-18,65.000000000000,65.349998000000,63.480000000000,65.230003000000
2014-02-19,64.400002000000,65.000000000000,60.299999000000,60.779999000000
2014-02-20,61.459999000000,63.380001000000,60.330002000000,63.099998000000
2014-02-21,63.980000000000,64.290001000000,62.150002000000,62.480000000000
2014-02-24,62.740002000000,63.939999000000,62.590000000000,62.919998000000
2014-02-25,63.090000000000,63.639999000000,61.630001000000,62.880001000000
2014-02-26,62.990002000000,63.430000000000,61.150002000000,62.049999000000
2014-02-27,61.160000000000,62.540001000000,60.799999000000,62.230000000000
2014-02-28,62.110001000000,63.320000000000,59.939999000000,61.200001000000
2014-03-03,57.490002000000,59.209999000000,56.200001000000,57.730000000000
2014-03-04,60.740002000000,61.500000000000,60.500000000000,61.320000000000
2014-03-05,61.279999000000,61.730000000000,60.380001000000,61.250000000000
2014-03-06,61.549999000000,61.950001000000,60.830002000000,61.700001000000
2014-03-07,62.119999000000,62.160000000000,59.700001000000,60.270000000000
2014-03-10,59.820000000000,60.740002000000,58.619999000000,60.590000000000
2014-03-11,60.700001000000,61.439999000000,59.369999000000,59.730000000000
2014-03-12,58.540001000000,60.040001000000,58.060001000000,59.830002000000
2014-03-13,60.570000000000,60.680000000000,56.400002000000,57.349998000000
2014-03-14,56.209999000000,57.240002000000,54.730000000000,55.770000000000
2014-03-17,57.200001000000,58.570000000000,57.200001000000,58.279999000000
2014-03-18,59.540001000000,60.619999000000,59.200001000000,60.450001000000
2014-03-19,60.380001000000,61.040001000000,57.110001000000,59.279999000000
2014-03-20,58.849998000000,59.919998000000,58.500000000000,59.680000000000
2014-03-21,60.430000000000,60.610001000000,58.939999000000,59.240002000000
2014-03-24,59.400002000000,59.730000000000,57.630001000000,59.080002000000
2014-03-25,59.790001000000,60.020000000000,58.799999000000,59.849998000000
2014-03-26,60.419998000000,60.500000000000,58.759998000000,58.759998000000
2014-03-27,58.869999000000,59.549999000000,58.169998000000,59.509998000000
2014-03-28,60.040001000000,60.430000000000,59.320000000000,60.110001000000
2014-03-31,60.669998000000,62.080002000000,60.650002000000,61.970001000000
2014-04-01,62.200001000000,64.089996000000,62.200001000000,64.070000000000
2014-04-02,64.000000000000,64.139999000000,63.009998000000,63.619999000000
2014-04-03,63.610001000000,63.799999000000,62.840000000000,63.709999000000
2014-04-04,64.760002000000,64.839996000000,61.540001000000,62.360001000000
2014-04-07,61.720001000000,62.169998000000,60.060001000000,60.980000000000
2014-04-08,61.230000000000,62.090000000000,60.119999000000,62.090000000000
2014-04-09,62.830002000000,63.689999000000,61.959999000000,63.570000000000
2014-04-10,63.500000000000,63.599998000000,59.549999000000,59.759998000000
2014-04-11,59.070000000000,59.900002000000,57.090000000000,57.889999000000
2014-04-14,59.000000000000,59.189999000000,56.500000000000,58.369999000000
2014-04-15,58.730000000000,59.430000000000,55.860001000000,59.020000000000
2014-04-16,60.110001000000,61.200001000000,59.279999000000,61.110001000000
2014-04-17,60.959999000000,62.169998000000,60.599998000000,61.990002000000
2014-04-21,62.040001000000,63.270000000000,61.980000000000,63.180000000000
2014-04-22,62.950001000000,63.709999000000,62.720001000000,63.349998000000
2014-04-23,63.029999000000,63.310001000000,62.610001000000,63.020000000000
2014-04-24,63.380001000000,63.470001000000,61.880001000000,62.279999000000
2014-04-25,61.860001000000,62.009998000000,60.660000000000,61.830002000000
2014-04-28,62.310001000000,63.240002000000,61.119999000000,63.169998000000
2014-04-29,63.490002000000,64.339996000000,63.180000000000,64.309998000000
2014-04-30,63.930000000000,64.660004000000,63.610001000000,64.220001000000
2014-05-01,64.080002000000,64.779999000000,63.849998000000,64.290001000000
2014-05-02,65.000000000000,65.290001000000,63.950001000000,64.650002000000
2014-05-05,63.650002000000,65.300003000000,63.250000000000,65.300003000000
2014-05-06,65.000000000000,65.690002000000,64.550003000000,64.720001000000
2014-05-07,64.959999000000,66.080002000000,63.980000000000,66.080002000000
2014-05-08,66.190002000000,67.389999000000,65.500000000000,65.889999000000
2014-05-09,66.129997000000,67.370003000000,65.269997000000,67.349998000000
2014-05-12,68.120003000000,69.510002000000,67.940002000000,69.290001000000
2014-05-13,69.470001000000,69.870003000000,69.019997000000,69.129997000000
2014-05-14,68.830002000000,70.139999000000,68.650002000000,69.519997000000
2014-05-15,69.209999000000,69.360001000000,67.089996000000,68.690002000000
2014-05-16,69.260002000000,70.360001000000,68.489998000000,70.360001000000
2014-05-19,70.110001000000,71.279999000000,69.870003000000,71.209999000000
2014-05-20,71.300003000000,72.220001000000,70.339996000000,71.830002000000
2014-05-21,72.430000000000,73.220001000000,72.220001000000,72.879997000000
2014-05-22,72.910004000000,73.580002000000,72.500000000000,72.949997000000
2014-05-23,73.160004000000,73.739998000000,72.930000000000,73.510002000000
2014-05-27,74.750000000000,75.849998000000,74.529999000000,75.779999000000
2014-05-28,75.709999000000,76.250000000000,74.809998000000,75.989998000000
2014-05-29,76.309998000000,76.760002000000,75.750000000000,76.260002000000
2014-05-30,76.220001000000,76.500000000000,75.879997000000,76.389999000000
2014-06-02,76.389999000000,76.959999000000,75.639999000000,76.919998000000
2014-06-03,76.300003000000,76.900002000000,75.959999000000,76.580002000000
2014-06-04,76.059998000000,77.809998000000,76.000000000000,77.389999000000
2014-06-05,78.430000000000,80.400002000000,77.639999000000,80.099998000000
2014-06-06,82.239998000000,84.209999000000,82.000000000000,84.110001000000
2014-06-09,84.620003000000,85.389999000000,82.790001000000,83.000000000000
2014-06-10,82.639999000000,84.519997000000,82.080002000000,84.470001000000
2014-06-11,83.010002000000,83.529999000000,81.349998000000,82.599998000000
2014-06-12,82.019997000000,82.360001000000,77.129997000000,78.540001000000
2014-06-13,79.139999000000,80.680000000000,77.809998000000,79.910004000000
2014-06-16,79.559998000000,80.879997000000,78.570000000000,80.040001000000
2014-06-17,80.239998000000,82.910004000000,79.919998000000,82.660004000000
2014-06-18,82.919998000000,87.230003000000,82.870003000000,87.180000000000
2014-06-19,87.779999000000,88.400002000000,86.050003000000,86.830002000000
2014-06-20,87.080002000000,87.669998000000,85.529999000000,85.620003000000
2014-06-23,85.769997000000,87.900002000000,85.120003000000,87.720001000000
2014-06-24,86.839996000000,88.089996000000,83.790001000000,84.500000000000
2014-06-25,83.080002000000,87.690002000000,83.029999000000,87.690002000000
2014-06-26,87.790001000000,87.919998000000,84.410004000000,86.660004000000
2014-06-27,85.849998000000,87.559998000000,85.430000000000,87.389999000000
2014-06-30,87.480003000000,89.199997000000,87.239998000000,88.269997000000
2014-07-01,89.050003000000,91.430000000000,88.690002000000,90.510002000000
2014-07-02,90.849998000000,92.260002000000,90.639999000000,91.410004000000
2014-07-03,93.089996000000,93.330002000000,92.400002000000,92.699997000000
2014-07-07,92.250000000000,92.250000000000,90.419998000000,90.699997000000
2014-07-08,90.089996000000,90.089996000000,87.220001000000,89.269997000000
2014-07-09,90.709999000000,91.589996000000,89.809998000000,91.040001000000
2014-07-10,86.190002000000,89.160004000000,85.830002000000,87.779999000000
2014-07-11,87.809998000000,89.099998000000,87.330002000000,88.860001000000
2014-07-14,90.739998000000,92.029999000000,90.690002000000,91.209999000000
2014-07-15,91.739998000000,92.199997000000,87.989998000000,89.519997000000
2014-07-16,92.160004000000,92.550003000000,90.070000000000,91.769997000000
2014-07-17,90.620003000000,91.739998000000,81.010002000000,83.099998000000
2014-07-18,86.599998000000,89.660004000000,86.000000000000,89.099998000000
2014-07-21,88.150002000000,88.400002000000,85.150002000000,87.040001000000
2014-07-22,88.959999000000,89.790001000000,88.129997000000,88.760002000000
2014-07-23,89.250000000000,89.330002000000,87.480003000000,87.959999000000
2014-07-24,88.709999000000,88.769997000000,87.120003000000,88.589996000000
2014-07-25,87.050003000000,87.230003000000,85.470001000000,85.919998000000
2014-07-28,86.300003000000,86.760002000000,84.059998000000,86.309998000000
2014-07-29,86.820000000000,87.919998000000,85.699997000000,86.529999000000
2014-07-30,87.419998000000,87.510002000000,84.809998000000,85.089996000000
2014-07-31,82.290001000000,82.800003000000,76.820000000000,77.820000000000
2014-08-01,77.040001000000,79.750000000000,72.360001000000,74.010002000000
2014-08-04,74.500000000000,78.690002000000,73.599998000000,77.129997000000
2014-08-05,75.510002000000,76.430000000000,70.510002000000,71.739998000000
2014-08-06,70.410004000000,74.269997000000,70.279999000000,71.459999000000
2014-08-07,73.230003000000,73.769997000000,68.650002000000,69.989998000000
2014-08-08,69.910004000000,72.889999000000,68.910004000000,72.629997000000
2014-08-11,74.120003000000,77.430000000000,73.830002000000,75.620003000000
2014-08-12,75.849998000000,77.230003000000,75.110001000000,76.099998000000
2014-08-13,78.000000000000,80.760002000000,77.449997000000,80.400002000000
2014-08-14,81.410004000000,83.089996000000,81.050003000000,82.930000000000
2014-08-15,84.660004000000,85.199997000000,78.180000000000,82.949997000000
2014-08-18,85.589996000000,86.180000000000,85.040001000000,86.180000000000
2014-08-19,87.139999000000,87.410004000000,86.349998000000,86.940002000000
2014-08-20,85.699997000000,86.650002000000,84.540001000000,86.279999000000
2014-08-21,86.070000000000,86.419998000000,85.029999000000,86.070000000000
2014-08-22,86.309998000000,86.940002000000,84.550003000000,86.419998000000
2014-08-25,87.400002000000,87.760002000000,86.580002000000,87.250000000000
2014-08-26,87.250000000000,87.419998000000,86.139999000000,86.430000000000
2014-08-27,86.330002000000,86.639999000000,85.110001000000,85.910004000000
2014-08-28,83.430000000000,85.239998000000,83.160004000000,84.470001000000
2014-08-29,85.470001000000,85.660004000000,84.070000000000,85.029999000000
2014-09-02,85.029999000000,85.459999000000,83.769997000000,84.459999000000
2014-09-03,85.889999000000,85.889999000000,84.500000000000,85.449997000000
2014-09-04,86.040001000000,87.190002000000,84.360001000000,85.290001000000
2014-09-05,85.739998000000,87.160004000000,84.330002000000,87.010002000000
2014-09-08,86.699997000000,87.169998000000,85.790001000000,86.839996000000
2014-09-09,86.260002000000,86.389999000000,83.970001000000,84.459999000000
2014-09-10,84.400002000000,85.440002000000,82.739998000000,85.050003000000
2014-09-11,83.540001000000,85.349998000000,83.209999000000,85.290001000000
2014-09-12,85.010002000000,85.190002000000,82.000000000000,83.430000000000
2014-09-15,83.050003000000,83.050003000000,80.769997000000,81.290001000000
2014-09-16,80.419998000000,85.449997000000,80.290001000000,85.199997000000
2014-09-17,85.580002000000,87.720001000000,84.760002000000,85.949997000000
2014-09-18,86.629997000000,87.300003000000,86.129997000000,87.190002000000
2014-09-19,88.029999000000,88.529999000000,86.000000000000,87.139999000000
2014-09-22,86.089996000000,86.250000000000,83.410004000000,84.120003000000
2014-09-23,81.910004000000,83.540001000000,80.900002000000,81.000000000000
2014-09-24,81.379997000000,83.589996000000,80.599998000000,83.519997000000
2014-09-25,82.720001000000,82.720001000000,76.010002000000,77.250000000000
2014-09-26,77.879997000000,80.750000000000,77.500000000000,79.900002000000
2014-09-29,75.629997000000,78.059998000000,74.699997000000,76.080002000000
2014-09-30,75.639999000000,77.070000000000,74.419998000000,74.940002000000
2014-10-01,74.980003000000,75.120003000000,71.419998000000,73.379997000000
2014-10-02,72.839996000000,75.260002000000,70.879997000000,73.940002000000
2014-10-03,76.440002000000,79.180000000000,75.980003000000,78.419998000000
2014-10-06,80.160004000000,80.940002000000,76.620003000000,77.050003000000
2014-10-07,75.180000000000,75.400002000000,71.540001000000,71.620003000000
2014-10-08,71.250000000000,77.669998000000,70.540001000000,77.440002000000
2014-10-09,76.360001000000,76.820000000000,70.010002000000,70.239998000000
2014-10-10,69.900002000000,71.320000000000,62.400002000000,62.459999000000
2014-10-13,63.400002000000,64.459999000000,55.849998000000,56.349998000000
2014-10-14,57.099998000000,59.650002000000,54.380001000000,56.709999000000
2014-10-15,52.279999000000,55.900002000000,48.290001000000,55.590000000000
2014-10-16,48.720001000000,54.400002000000,48.490002000000,53.259998000000
2014-10-17,56.900002000000,57.779999000000,54.500000000000,55.509998000000
2014-10-20,55.270000000000,59.919998000000,54.959999000000,59.799999000000
2014-10-21,61.910000000000,64.529999000000,61.500000000000,64.230003000000
2014-10-22,64.599998000000,65.419998000000,58.669998000000,59.040001000000
2014-10-23,63.000000000000,64.400002000000,61.759998000000,62.759998000000
2014-10-24,62.740002000000,63.820000000000,59.200001000000,63.430000000000
2014-10-27,62.290001000000,64.589996000000,61.099998000000,64.300003000000
2014-10-28,65.320000000000,68.620003000000,65.169998000000,68.580002000000
2014-10-29,68.320000000000,68.709999000000,65.260002000000,67.379997000000
2014-10-30,65.930000000000,68.410004000000,64.879997000000,67.059998000000
2014-10-31,69.250000000000,69.260002000000,67.690002000000,68.820000000000
2014-11-03,68.839996000000,69.239998000000,67.000000000000,67.680000000000
2014-11-04,67.180000000000,68.360001000000,65.330002000000,68.160004000000
2014-11-05,69.419998000000,69.440002000000,67.760002000000,69.059998000000
2014-11-06,69.430000000000,71.080002000000,68.089996000000,70.779999000000
2014-11-07,70.860001000000,71.900002000000,69.949997000000,71.800003000000
2014-11-10,72.099998000000,75.029999000000,71.940002000000,74.480003000000
2014-11-11,74.860001000000,75.230003000000,73.029999000000,74.580002000000
2014-11-12,72.739998000000,74.370003000000,72.599998000000,73.620003000000
2014-11-13,73.220001000000,74.239998000000,70.620003000000,72.720001000000
2014-11-14,72.339996000000,72.739998000000,70.970001000000,72.500000000000
2014-11-17,71.790001000000,73.370003000000,71.279999000000,72.599998000000
2014-11-18,73.099998000000,74.769997000000,73.019997000000,73.959999000000
2014-11-19,72.940002000000,73.300003000000,71.480003000000,72.110001000000
2014-11-20,70.760002000000,73.190002000000,70.669998000000,72.870003000000
2014-11-21,75.040001000000,75.080002000000,73.660004000000,74.339996000000
2014-11-24,74.989998000000,75.959999000000,74.660004000000,75.889999000000
2014-11-25,76.199997000000,76.639999000000,75.300003000000,76.500000000000
2014-11-26,76.279999000000,77.879997000000,76.199997000000,77.699997000000
2014-11-28,77.309998000000,77.860001000000,75.320000000000,75.599998000000
2014-12-01,74.000000000000,74.180000000000,71.669998000000,72.379997000000
2014-12-02,72.410004000000,76.279999000000,72.410004000000,76.199997000000
2014-12-03,76.949997000000,77.669998000000,76.440002000000,77.379997000000
2014-12-04,76.379997000000,78.000000000000,74.980003000000,77.279999000000
2014-12-05,78.500000000000,79.860001000000,77.889999000000,78.540001000000
2014-12-08,78.120003000000,79.320000000000,74.510002000000,75.419998000000
2014-12-09,71.459999000000,74.970001000000,70.190002000000,74.480003000000
2014-12-10,72.919998000000,73.260002000000,66.599998000000,66.839996000000
2014-12-11,67.199997000000,69.860001000000,62.349998000000,62.560001000000
2014-12-12,59.580002000000,62.590000000000,58.660000000000,59.000000000000
2014-12-15,61.810001000000,63.320000000000,58.099998000000,60.360001000000
2014-12-16,58.990002000000,63.970001000000,57.450001000000,57.570000000000
2014-12-17,56.590000000000,63.060001000000,56.580002000000,62.830002000000
2014-12-18,65.970001000000,66.150002000000,63.000000000000,64.849998000000
2014-12-19,65.080002000000,66.239998000000,64.070000000000,65.320000000000
2014-12-22,66.989998000000,68.510002000000,66.599998000000,68.500000000000
2014-12-23,68.900002000000,68.900002000000,67.000000000000,68.370003000000
2014-12-24,69.160004000000,69.269997000000,68.300003000000,68.879997000000
2014-12-26,68.870003000000,69.370003000000,67.870003000000,68.220001000000
2014-12-29,67.730003000000,68.900002000000,67.370003000000,68.330002000000
2014-12-30,67.260002000000,68.199997000000,66.250000000000,66.629997000000
2014-12-31,66.919998000000,67.209999000000,60.009998000000,61.160000000000
2015-01-02,63.380001000000,64.040001000000,58.730000000000,62.270000000000
2015-01-05,60.619999000000,60.860001000000,56.900002000000,57.959999000000
2015-01-06,58.220001000000,58.950001000000,54.450001000000,56.480000000000
2015-01-07,58.189999000000,59.080002000000,56.939999000000,58.320000000000
2015-01-08,60.500000000000,62.320000000000,60.330002000000,61.939999000000
2015-01-09,62.709999000000,62.799999000000,59.070000000000,59.660000000000
2015-01-12,59.080002000000,59.279999000000,55.259998000000,56.759998000000
2015-01-13,58.049999000000,58.750000000000,53.639999000000,55.119999000000
2015-01-14,52.529999000000,54.349998000000,52.000000000000,54.099998000000
2015-01-15,54.759998000000,55.500000000000,52.259998000000,52.480000000000
2015-01-16,52.299999000000,54.049999000000,51.279999000000,53.419998000000
2015-01-20,55.099998000000,55.139999000000,52.119999000000,53.919998000000
2015-01-21,53.320000000000,56.560001000000,52.580002000000,56.490002000000
2015-01-22,58.060001000000,60.220001000000,55.860001000000,60.169998000000
2015-01-23,59.310001000000,61.020000000000,58.310001000000,58.599998000000
2015-01-26,59.060001000000,61.279999000000,57.919998000000,61.230000000000
2015-01-27,57.919998000000,60.279999000000,57.270000000000,58.299999000000
2015-01-28,59.990002000000,60.049999000000,52.610001000000,53.259998000000
2015-01-29,52.919998000000,54.919998000000,51.080002000000,54.520000000000
2015-01-30,52.709999000000,53.880001000000,48.630001000000,48.849998000000
2015-02-02,50.779999000000,51.869999000000,48.509998000000,51.869999000000
2015-02-03,52.709999000000,54.480000000000,52.200001000000,54.380001000000
2015-02-04,53.520000000000,55.200001000000,52.480000000000,52.810001000000
2015-02-05,53.340000000000,54.970001000000,53.310001000000,54.619999000000
2015-02-06,55.340000000000,55.660000000000,51.099998000000,52.320000000000
2015-02-09,51.349998000000,52.299999000000,50.889999000000,52.060001000000
2015-02-10,53.259998000000,54.330002000000,52.299999000000,54.009998000000
2015-02-11,53.439999000000,53.910000000000,52.709999000000,53.630001000000
2015-02-12,55.000000000000,57.290001000000,54.759998000000,57.009998000000
2015-02-13,57.259998000000,58.000000000000,56.189999000000,57.740002000000
2015-02-17,57.169998000000,58.000000000000,56.720001000000,57.560001000000
2015-02-18,56.840000000000,58.230000000000,56.740002000000,57.950001000000
2015-02-19,57.380001000000,59.389999000000,57.240002000000,59.389999000000
2015-02-20,58.119999000000,61.840000000000,57.709999000000,61.419998000000
2015-02-23,60.750000000000,61.419998000000,60.310001000000,61.119999000000
2015-02-24,61.369999000000,64.040001000000,61.299999000000,63.720001000000
2015-02-25,63.560001000000,66.150002000000,62.529999000000,63.220001000000
2015-02-26,63.430000000000,64.779999000000,62.189999000000,63.930000000000
2015-02-27,64.050003000000,65.300003000000,63.400002000000,64.330002000000
2015-03-02,64.620003000000,66.489998000000,64.400002000000,66.459999000000
2015-03-03,65.779999000000,66.089996000000,63.220001000000,64.980003000000
2015-03-04,64.070000000000,65.250000000000,62.619999000000,65.139999000000
2015-03-05,65.589996000000,66.059998000000,64.580002000000,65.930000000000
2015-03-06,64.959999000000,65.919998000000,62.619999000000,62.980000000000
2015-03-09,63.410000000000,64.500000000000,63.000000000000,63.880001000000
2015-03-10,62.040001000000,62.480000000000,60.939999000000,61.799999000000
2015-03-11,61.540001000000,61.740002000000,59.799999000000,60.259998000000
2015-03-12,61.369999000000,63.990002000000,61.259998000000,63.840000000000
2015-03-13,63.660000000000,63.900002000000,60.709999000000,62.380001000000
2015-03-16,63.209999000000,64.459999000000,63.000000000000,63.860001000000
2015-03-17,62.970001000000,64.360001000000,62.480000000000,64.169998000000
2015-03-18,63.810001000000,67.470001000000,63.290001000000,66.989998000000
2015-03-19,65.910004000000,67.070000000000,65.139999000000,66.860001000000
2015-03-20,67.620003000000,69.919998000000,67.230003000000,67.980003000000
2015-03-23,68.419998000000,69.930000000000,68.330002000000,69.199997000000
2015-03-24,69.110001000000,70.769997000000,68.650002000000,69.480003000000
2015-03-25,69.760002000000,70.150002000000,66.169998000000,66.360001000000
2015-03-26,65.000000000000,67.300003000000,64.360001000000,66.900002000000
2015-03-27,66.889999000000,67.949997000000,66.650002000000,67.730003000000
2015-03-30,69.250000000000,70.099998000000,69.110001000000,69.739998000000
2015-03-31,69.470001000000,69.660004000000,67.570000000000,68.040001000000
2015-04-01,67.820000000000,68.099998000000,65.839996000000,68.019997000000
2015-04-02,68.500000000000,69.599998000000,68.139999000000,69.440002000000
2015-04-06,68.730003000000,71.489998000000,68.419998000000,70.989998000000
2015-04-07,71.440002000000,72.180000000000,71.040001000000,71.120003000000
2015-04-08,71.440002000000,72.559998000000,71.059998000000,72.440002000000
2015-04-09,72.800003000000,75.000000000000,71.910004000000,74.860001000000
2015-04-10,75.459999000000,78.339996000000,75.430000000000,78.339996000000
2015-04-13,79.150002000000,79.959999000000,75.279999000000,75.910004000000
2015-04-14,75.199997000000,77.400002000000,74.580002000000,76.750000000000
2015-04-15,77.760002000000,79.230003000000,77.599998000000,78.449997000000
2015-04-16,78.040001000000,80.720001000000,77.739998000000,80.010002000000
2015-04-17,77.400002000000,77.790001000000,75.000000000000,77.190002000000
2015-04-20,78.750000000000,80.300003000000,78.360001000000,79.879997000000
2015-04-21,80.800003000000,81.070000000000,78.959999000000,79.809998000000
2015-04-22,80.290001000000,81.070000000000,78.750000000000,80.739998000000
2015-04-23,80.199997000000,82.220001000000,79.830002000000,81.510002000000
2015-04-24,82.019997000000,82.519997000000,81.290001000000,82.309998000000
2015-04-27,83.070000000000,83.250000000000,79.279999000000,79.919998000000
2015-04-28,79.309998000000,82.699997000000,77.120003000000,82.669998000000
2015-04-29,80.599998000000,82.160004000000,79.059998000000,80.400002000000
2015-04-30,79.400002000000,80.190002000000,76.599998000000,78.180000000000
2015-05-01,79.400002000000,82.089996000000,79.239998000000,81.959999000000
2015-05-04,82.570000000000,83.230003000000,80.940002000000,81.870003000000
2015-05-05,81.370003000000,82.050003000000,78.959999000000,79.050003000000
2015-05-06,79.970001000000,80.300003000000,75.110001000000,77.730003000000
2015-05-07,77.349998000000,79.000000000000,76.339996000000,78.339996000000
2015-05-08,81.419998000000,82.699997000000,80.839996000000,82.449997000000
2015-05-11,82.239998000000,82.500000000000,80.190002000000,80.199997000000
2015-05-12,78.970001000000,80.940002000000,77.870003000000,80.550003000000
2015-05-13,81.269997000000,82.110001000000,80.339996000000,81.970001000000
2015-05-14,82.830002000000,83.639999000000,82.500000000000,83.639999000000
2015-05-15,84.000000000000,84.360001000000,82.650002000000,84.300003000000
2015-05-18,84.330002000000,87.779999000000,84.220001000000,87.150002000000
2015-05-19,87.589996000000,89.019997000000,86.370003000000,88.290001000000
2015-05-20,88.550003000000,88.949997000000,86.900002000000,88.050003000000
2015-05-21,87.680000000000,91.019997000000,87.239998000000,90.500000000000
2015-05-22,90.760002000000,91.419998000000,89.940002000000,90.320000000000
2015-05-26,89.279999000000,89.690002000000,86.000000000000,86.809998000000
2015-05-27,87.730003000000,90.669998000000,87.089996000000,90.050003000000
2015-05-28,89.150002000000,89.669998000000,87.870003000000,89.190002000000
2015-05-29,88.930000000000,89.839996000000,87.279999000000,88.500000000000
2015-06-01,89.519997000000,90.349998000000,88.040001000000,89.400002000000
2015-06-02,88.419998000000,89.559998000000,87.430000000000,88.040001000000
2015-06-03,88.769997000000,89.720001000000,88.080002000000,89.500000000000
2015-06-04,88.300003000000,88.709999000000,85.809998000000,86.430000000000
2015-06-05,86.339996000000,88.160004000000,85.480003000000,87.820000000000
2015-06-08,87.540001000000,87.739998000000,85.470001000000,85.989998000000
2015-06-09,85.830002000000,87.430000000000,84.959999000000,87.029999000000
2015-06-10,88.370003000000,91.120003000000,88.230003000000,90.769997000000
2015-06-11,91.820000000000,93.250000000000,91.430000000000,92.669998000000
2015-06-12,91.540001000000,91.820000000000,89.690002000000,91.550003000000
2015-06-15,89.250000000000,89.639999000000,87.449997000000,87.519997000000
2015-06-16,86.800003000000,89.559998000000,86.290001000000,89.110001000000
2015-06-17,89.620003000000,90.379997000000,87.389999000000,89.330002000000
2015-06-18,90.690002000000,92.910004000000,90.330002000000,91.919998000000
2015-06-19,91.940002000000,92.190002000000,90.599998000000,90.889999000000
2015-06-22,93.070000000000,94.989998000000,92.459999000000,94.889999000000
2015-06-23,95.389999000000,97.419998000000,95.279999000000,97.400002000000
2015-06-24,96.769997000000,98.129997000000,95.269997000000,95.449997000000
2015-06-25,96.199997000000,96.959999000000,94.099998000000,94.599998000000
2015-06-26,95.070000000000,95.699997000000,93.209999000000,95.129997000000
2015-06-29,89.230003000000,90.730003000000,78.000000000000,79.440002000000
2015-06-30,83.000000000000,83.099998000000,75.809998000000,79.059998000000
2015-07-01,83.519997000000,84.949997000000,81.040001000000,84.739998000000
2015-07-02,84.769997000000,85.150002000000,77.809998000000,79.470001000000
2015-07-06,75.580002000000,79.209999000000,74.860001000000,77.459999000000
2015-07-07,77.699997000000,81.589996000000,73.160004000000,81.510002000000
2015-07-08,78.010002000000,78.919998000000,73.110001000000,73.339996000000
2015-07-09,77.300003000000,77.519997000000,72.260002000000,72.680000000000
2015-07-10,76.239998000000,78.239998000000,74.180000000000,78.080002000000
2015-07-13,82.300003000000,86.019997000000,81.940002000000,85.680000000000
2015-07-14,85.389999000000,88.050003000000,84.930000000000,86.309998000000
2015-07-15,86.650002000000,87.809998000000,84.510002000000,86.470001000000
2015-07-16,89.430000000000,92.580002000000,89.220001000000,92.480003000000
2015-07-17,92.900002000000,93.300003000000,91.769997000000,93.120003000000
2015-07-20,93.330002000000,95.370003000000,92.660004000000,93.459999000000
2015-07-21,93.779999000000,94.379997000000,92.459999000000,94.169998000000
2015-07-22,91.699997000000,95.589996000000,91.610001000000,94.589996000000
2015-07-23,95.610001000000,96.070000000000,92.050003000000,93.510002000000
2015-07-24,93.370003000000,94.349998000000,89.029999000000,90.220001000000
2015-07-27,86.699997000000,88.000000000000,83.580002000000,85.540001000000
2015-07-28,88.099998000000,92.589996000000,86.000000000000,91.860001000000
2015-07-29,92.269997000000,94.139999000000,91.800003000000,93.220001000000
2015-07-30,92.980003000000,94.300003000000,90.949997000000,93.940002000000
2015-07-31,94.589996000000,95.430000000000,92.760002000000,94.019997000000
2015-08-03,94.320000000000,95.699997000000,91.629997000000,95.529999000000
2015-08-04,94.919998000000,95.910004000000,93.320000000000,94.970001000000
2015-08-05,95.500000000000,97.129997000000,94.430000000000,95.839996000000
2015-08-06,95.680000000000,95.720001000000,90.529999000000,92.330002000000
2015-08-07,92.639999000000,93.800003000000,90.559998000000,93.279999000000
2015-08-10,95.580002000000,96.919998000000,95.580002000000,96.760002000000
2015-08-11,93.050003000000,94.379997000000,90.449997000000,92.309998000000
2015-08-12,87.419998000000,93.129997000000,85.680000000000,92.440002000000
2015-08-13,93.330002000000,94.790001000000,91.419998000000,93.440002000000
2015-08-14,93.820000000000,94.510002000000,92.260002000000,93.660004000000
2015-08-17,92.750000000000,94.980003000000,91.809998000000,94.790001000000
2015-08-18,94.430000000000,95.279999000000,93.150002000000,93.669998000000
2015-08-19,92.349998000000,94.709999000000,89.580002000000,91.839996000000
2015-08-20,88.019997000000,89.220001000000,83.459999000000,84.099998000000
2015-08-21,79.610001000000,81.900002000000,70.330002000000,70.389999000000
2015-08-24,48.419998000000,67.199997000000,45.700001000000,57.139999000000
2015-08-25,60.740002000000,60.840000000000,51.020000000000,51.160000000000
2015-08-26,55.520000000000,56.570000000000,49.849998000000,56.020000000000
2015-08-27,58.240002000000,58.360001000000,51.380001000000,54.799999000000
2015-08-28,53.040001000000,53.779999000000,49.410000000000,52.119999000000
2015-08-31,51.480000000000,52.160000000000,49.660000000000,50.060001000000
2015-09-01,45.500000000000,46.980000000000,41.630001000000,42.880001000000
2015-09-02,45.560001000000,47.889999000000,43.919998000000,47.889999000000
2015-09-03,49.270000000000,51.259998000000,46.560001000000,47.919998000000
2015-09-04,45.680000000000,46.799999000000,43.279999000000,44.400002000000
2015-09-08,47.000000000000,48.380001000000,46.430000000000,48.230000000000
2015-09-09,50.869999000000,50.910000000000,46.720001000000,47.080002000000
2015-09-10,45.689999000000,48.279999000000,45.459999000000,48.279999000000
2015-09-11,48.000000000000,49.430000000000,47.169998000000,49.380001000000
2015-09-14,49.540001000000,49.540001000000,48.209999000000,49.270000000000
2015-09-15,50.060001000000,54.380001000000,49.669998000000,54.270000000000
2015-09-16,56.230000000000,57.709999000000,54.410000000000,57.529999000000
2015-09-17,57.529999000000,62.830002000000,56.080002000000,57.500000000000
2015-09-18,52.000000000000,54.020000000000,49.990002000000,50.639999000000
2015-09-21,52.369999000000,54.360001000000,51.750000000000,54.290001000000
2015-09-22,51.150002000000,52.000000000000,47.669998000000,50.650002000000
2015-09-23,50.529999000000,52.180000000000,49.860001000000,51.639999000000
2015-09-24,49.240002000000,50.730000000000,46.580002000000,50.380001000000
2015-09-25,52.299999000000,52.360001000000,47.820000000000,49.090000000000
2015-09-28,47.330002000000,47.750000000000,44.259998000000,45.560001000000
2015-09-29,46.099998000000,47.230000000000,44.410000000000,45.490002000000
2015-09-30,47.500000000000,47.980000000000,46.299999000000,47.639999000000
2015-10-01,47.639999000000,48.240002000000,46.090000000000,48.230000000000
2015-10-02,46.340000000000,50.750000000000,45.849998000000,50.750000000000
2015-10-05,51.720001000000,53.950001000000,51.630001000000,53.650002000000
2015-10-06,53.740002000000,54.549999000000,52.150002000000,53.000000000000
2015-10-07,53.650002000000,54.400002000000,52.450001000000,54.200001000000
2015-10-08,54.380001000000,57.549999000000,53.759998000000,56.880001000000
2015-10-09,57.080002000000,57.680000000000,55.180000000000,56.880001000000
2015-10-12,57.020000000000,60.959999000000,56.500000000000,60.410000000000
2015-10-13,58.919998000000,61.099998000000,56.630001000000,57.009998000000
2015-10-14,56.279999000000,57.380001000000,54.240002000000,55.680000000000
2015-10-15,56.910000000000,59.959999000000,56.349998000000,59.700001000000
2015-10-16,60.560001000000,60.650002000000,57.849998000000,60.160000000000
2015-10-19,60.009998000000,64.599998000000,59.779999000000,64.500000000000
2015-10-20,63.700001000000,64.739998000000,60.930000000000,61.970001000000
2015-10-21,62.599998000000,63.279999000000,57.439999000000,57.759998000000
2015-10-22,59.000000000000,62.660000000000,59.000000000000,62.549999000000
2015-10-23,64.000000000000,64.139999000000,60.490002000000,61.720001000000
2015-10-26,60.869999000000,61.680000000000,59.599998000000,59.750000000000
2015-10-27,58.959999000000,61.160000000000,58.849998000000,60.919998000000
2015-10-28,61.139999000000,62.869999000000,59.139999000000,62.720001000000
2015-10-29,61.689999000000,62.480000000000,60.599998000000,61.860001000000
2015-10-30,61.740002000000,62.570000000000,60.779999000000,60.849998000000
2015-11-02,60.959999000000,64.449997000000,60.779999000000,63.980000000000
2015-11-03,63.270000000000,64.370003000000,62.380001000000,62.740002000000
2015-11-04,63.139999000000,63.380001000000,60.099998000000,60.689999000000
2015-11-05,60.779999000000,62.150002000000,59.639999000000,61.900002000000
2015-11-06,61.869999000000,63.270000000000,60.349998000000,63.189999000000
2015-11-09,62.849998000000,63.150002000000,58.680000000000,59.740002000000
2015-11-10,59.000000000000,61.700001000000,58.730000000000,61.400002000000
2015-11-11,61.820000000000,61.970001000000,59.980000000000,59.980000000000
2015-11-12,58.400002000000,59.110001000000,54.580002000000,54.740002000000
2015-11-13,54.459999000000,54.849998000000,50.720001000000,50.959999000000
2015-11-16,51.180000000000,56.279999000000,50.779999000000,56.160000000000
2015-11-17,56.830002000000,57.099998000000,51.980000000000,53.000000000000
2015-11-18,54.139999000000,56.849998000000,54.049999000000,56.720001000000
2015-11-19,56.259998000000,56.509998000000,54.110001000000,54.830002000000
2015-11-20,56.560001000000,57.340000000000,56.169998000000,56.650002000000
2015-11-23,56.959999000000,58.490002000000,56.400002000000,58.160000000000
2015-11-24,56.580002000000,58.490002000000,55.830002000000,57.860001000000
2015-11-25,57.959999000000,58.939999000000,57.500000000000,58.639999000000
2015-11-27,58.820000000000,58.900002000000,57.910000000000,58.080002000000
2015-11-30,58.419998000000,58.830002000000,57.720001000000,58.419998000000
2015-12-01,59.139999000000,61.000000000000,58.590000000000,60.900002000000
2015-12-02,60.660000000000,61.790001000000,58.029999000000,58.500000000000
2015-12-03,59.549999000000,59.900002000000,52.799999000000,54.200001000000
2015-12-04,55.959999000000,59.430000000000,55.509998000000,59.410000000000
2015-12-07,59.169998000000,59.209999000000,55.779999000000,57.740002000000
2015-12-08,55.389999000000,57.450001000000,54.599998000000,56.040001000000
2015-12-09,55.279999000000,57.330002000000,52.080002000000,53.669998000000
2015-12-10,53.369999000000,54.860001000000,52.380001000000,52.990002000000
2015-12-11,50.169998000000,50.799999000000,44.049999000000,45.139999000000
2015-12-14,45.220001000000,48.369999000000,43.080002000000,48.020000000000
2015-12-15,49.720001000000,50.669998000000,48.220001000000,50.060001000000
2015-12-16,51.680000000000,54.299999000000,50.459999000000,53.380001000000
2015-12-17,53.790001000000,53.820000000000,50.619999000000,51.200001000000
2015-12-18,49.419998000000,49.980000000000,46.750000000000,47.180000000000
2015-12-21,48.849998000000,49.279999000000,47.090000000000,49.230000000000
2015-12-22,50.759998000000,52.189999000000,50.090000000000,51.650002000000
2015-12-23,52.840000000000,53.240002000000,51.619999000000,52.810001000000
2015-12-24,52.389999000000,52.669998000000,51.709999000000,51.840000000000
2015-12-28,50.980000000000,52.500000000000,49.930000000000,52.400002000000
2015-12-29,53.270000000000,53.650002000000,52.770000000000,53.400002000000
2015-12-30,52.680000000000,52.759998000000,51.509998000000,51.709999000000
2015-12-31,51.020000000000,51.900002000000,50.419998000000,50.450001000000
2016-01-04,46.480000000000,47.500000000000,44.730000000000,47.259998000000
2016-01-05,48.419998000000,49.279999000000,46.939999000000,48.860001000000
2016-01-06,45.619999000000,47.540001000000,45.580002000000,47.389999000000
2016-01-07,44.209999000000,45.459999000000,41.560001000000,42.340000000000
2016-01-08,43.599998000000,44.029999000000,39.400002000000,39.869999000000
2016-01-11,40.220001000000,41.380001000000,36.930000000000,41.040001000000
2016-01-12,42.770000000000,43.090000000000,40.349998000000,43.009998000000
2016-01-13,43.820000000000,43.939999000000,37.880001000000,38.599998000000
2016-01-14,39.000000000000,41.020000000000,37.230000000000,40.029999000000
2016-01-15,35.619999000000,37.310001000000,34.590000000000,36.029999000000
2016-01-19,37.490002000000,37.490002000000,34.419998000000,36.009998000000
2016-01-20,34.830002000000,35.930000000000,31.900000000000,35.110001000000
2016-01-21,35.450001000000,36.500000000000,33.740002000000,35.250000000000
2016-01-22,36.900002000000,38.200001000000,36.500000000000,38.189999000000
2016-01-25,37.680000000000,38.270000000000,36.049999000000,36.209999000000
2016-01-26,36.750000000000,37.959999000000,36.250000000000,37.930000000000
2016-01-27,37.509998000000,38.730000000000,35.860001000000,36.380001000000
2016-01-28,37.599998000000,37.869999000000,36.000000000000,37.619999000000
2016-01-29,37.900002000000,39.250000000000,37.709999000000,39.119999000000
2016-02-01,38.880001000000,40.020000000000,38.209999000000,39.560001000000
2016-02-02,38.270000000000,38.349998000000,36.540001000000,36.860001000000
2016-02-03,37.500000000000,37.529999000000,34.799999000000,37.340000000000
2016-02-04,36.880001000000,37.849998000000,36.400002000000,36.930000000000
2016-02-05,37.029999000000,37.070000000000,34.849998000000,35.470001000000
2016-02-08,34.150002000000,34.490002000000,32.250000000000,33.759998000000
2016-02-09,32.400002000000,34.209999000000,32.270000000000,33.509998000000
2016-02-10,34.119999000000,34.709999000000,33.169998000000,33.250000000000
2016-02-11,30.990000000000,32.000000000000,29.980000000000,31.230000000000
2016-02-12,32.200001000000,32.650002000000,31.459999000000,32.580002000000
2016-02-16,33.700001000000,34.169998000000,33.150002000000,34.070000000000
2016-02-17,34.860001000000,35.580002000000,34.540001000000,35.400002000000
2016-02-18,35.610001000000,36.049999000000,34.910000000000,35.480000000000
2016-02-19,34.880001000000,36.490002000000,34.560001000000,36.430000000000
2016-02-22,37.450001000000,38.520000000000,37.349998000000,38.500000000000
2016-02-23,38.020000000000,38.270000000000,36.400002000000,36.570000000000
2016-02-24,35.049999000000,36.970001000000,34.419998000000,36.779999000000
2016-02-25,37.080002000000,38.090000000000,36.330002000000,38.060001000000
2016-02-26,38.680000000000,38.849998000000,37.099998000000,37.500000000000
2016-02-29,37.619999000000,38.639999000000,36.820000000000,36.880001000000
2016-03-01,37.759998000000,40.090000000000,37.380001000000,40.090000000000
2016-03-02,39.889999000000,40.759998000000,39.240002000000,40.759998000000
2016-03-03,40.520000000000,42.459999000000,40.200001000000,42.060001000000
2016-03-04,42.730000000000,42.959999000000,41.070000000000,41.549999000000
2016-03-07,40.689999000000,42.349998000000,40.509998000000,41.410000000000
2016-03-08,40.529999000000,41.130001000000,39.680000000000,39.790001000000
2016-03-09,40.209999000000,40.529999000000,39.470001000000,40.340000000000
2016-03-10,40.939999000000,42.259998000000,39.110001000000,41.040001000000
2016-03-11,42.060001000000,43.150002000000,41.820000000000,43.150002000000
2016-03-14,42.830002000000,44.060001000000,42.500000000000,43.830002000000
2016-03-15,42.500000000000,43.279999000000,42.320000000000,43.209999000000
2016-03-16,42.630001000000,45.150002000000,42.599998000000,44.779999000000
2016-03-17,44.779999000000,46.669998000000,44.470001000000,46.090000000000
2016-03-18,46.709999000000,47.290001000000,45.540001000000,46.450001000000
2016-03-21,46.439999000000,47.889999000000,46.310001000000,47.750000000000
2016-03-22,47.080002000000,48.720001000000,46.930000000000,48.369999000000
2016-03-23,47.880001000000,47.919998000000,45.790001000000,46.049999000000
2016-03-24,44.480000000000,46.340000000000,44.080002000000,46.290001000000
2016-03-28,46.740002000000,47.680000000000,45.990002000000,46.939999000000
2016-03-29,46.779999000000,49.770000000000,46.380001000000,49.660000000000
2016-03-30,50.560001000000,51.680000000000,49.639999000000,50.880001000000
2016-03-31,50.380001000000,51.500000000000,49.740002000000,50.529999000000
2016-04-01,48.880001000000,52.119999000000,48.540001000000,52.000000000000
2016-04-04,52.070000000000,52.310001000000,50.360001000000,50.560001000000
2016-04-05,48.639999000000,49.299999000000,47.380001000000,47.639999000000
2016-04-06,47.889999000000,50.919998000000,47.529999000000,50.799999000000
2016-04-07,49.360001000000,49.980000000000,44.939999000000,46.080002000000
2016-04-08,47.799999000000,48.570000000000,46.410000000000,47.320000000000
2016-04-11,48.099998000000,48.689999000000,46.570000000000,46.610001000000
2016-04-12,46.619999000000,48.580002000000,45.540001000000,48.139999000000
2016-04-13,49.290001000000,50.630001000000,49.080002000000,50.570000000000
2016-04-14,50.669998000000,51.389999000000,49.799999000000,50.740002000000
2016-04-15,50.889999000000,51.470001000000,50.279999000000,51.410000000000
2016-04-18,50.770000000000,54.790001000000,50.730000000000,54.630001000000
2016-04-19,54.900002000000,55.709999000000,52.980000000000,54.150002000000
2016-04-20,54.919998000000,55.360001000000,53.520000000000,53.860001000000
2016-04-21,53.270000000000,53.700001000000,51.970001000000,52.860001000000
2016-04-22,52.529999000000,54.320000000000,52.119999000000,54.180000000000
2016-04-25,53.290001000000,53.680000000000,52.200001000000,53.439999000000
2016-04-26,54.160000000000,55.000000000000,53.770000000000,54.639999000000
2016-04-27,53.849998000000,56.790001000000,53.509998000000,56.220001000000
2016-04-28,55.090000000000,57.250000000000,52.470001000000,52.889999000000
2016-04-29,52.259998000000,52.869999000000,48.700001000000,51.130001000000
2016-05-02,52.209999000000,54.880001000000,51.700001000000,54.299999000000
2016-05-03,52.680000000000,52.889999000000,50.660000000000,51.810001000000
2016-05-04,50.500000000000,51.529999000000,49.980000000000,51.150002000000
2016-05-05,52.139999000000,52.400002000000,50.389999000000,51.240002000000
2016-05-06,51.040001000000,53.740002000000,50.959999000000,53.560001000000
2016-05-09,54.040001000000,55.889999000000,53.900002000000,54.759998000000
2016-05-10,56.169998000000,57.560001000000,56.049999000000,57.459999000000
2016-05-11,57.220001000000,58.119999000000,54.900002000000,55.360001000000
2016-05-12,55.950001000000,56.889999000000,53.750000000000,56.000000000000
2016-05-13,56.000000000000,57.060001000000,53.459999000000,53.930000000000
2016-05-16,54.380001000000,57.160000000000,54.310001000000,56.450001000000
2016-05-17,56.029999000000,56.349998000000,53.180000000000,53.980000000000
2016-05-18,53.959999000000,55.959999000000,53.000000000000,54.209999000000
2016-05-19,53.279999000000,54.099998000000,51.160000000000,53.980000000000
2016-05-20,55.119999000000,56.070000000000,54.959999000000,55.860001000000
2016-05-23,56.000000000000,56.919998000000,55.490002000000,56.230000000000
2016-05-24,56.959999000000,59.090000000000,56.900002000000,58.450001000000
2016-05-25,59.360001000000,60.689999000000,58.860001000000,59.560001000000
2016-05-26,59.619999000000,60.439999000000,59.450001000000,60.169998000000
2016-05-27,60.619999000000,61.880001000000,60.439999000000,61.869999000000
2016-05-31,62.689999000000,62.990002000000,60.060001000000,61.919998000000
2016-06-01,60.820000000000,62.820000000000,60.119999000000,62.340000000000
2016-06-02,61.720001000000,64.120003000000,60.970001000000,64.070000000000
2016-06-03,62.930000000000,64.769997000000,61.130001000000,64.379997000000
2016-06-06,64.709999000000,65.489998000000,63.599998000000,65.190002000000
2016-06-07,65.769997000000,66.500000000000,65.010002000000,65.150002000000
2016-06-08,65.190002000000,65.669998000000,64.019997000000,64.720001000000
2016-06-09,63.450001000000,64.239998000000,62.669998000000,63.490002000000
2016-06-10,60.580002000000,61.049999000000,57.459999000000,57.750000000000
2016-06-13,55.240002000000,56.700001000000,49.009998000000,49.070000000000
2016-06-14,48.130001000000,50.849998000000,47.410000000000,50.119999000000
2016-06-15,50.610001000000,52.730000000000,50.150002000000,50.610001000000
2016-06-16,48.360001000000,52.459999000000,46.540001000000,51.970001000000
2016-06-17,52.000000000000,52.900002000000,51.020000000000,52.049999000000
2016-06-20,55.310001000000,56.980000000000,55.259998000000,55.540001000000
2016-06-21,56.570000000000,56.680000000000,54.209999000000,55.180000000000
2016-06-22,55.180000000000,56.759998000000,52.599998000000,53.360001000000
2016-06-23,56.209999000000,58.779999000000,55.509998000000,58.459999000000
2016-06-24,45.709999000000,51.740002000000,41.500000000000,43.000000000000
2016-06-27,41.689999000000,42.090000000000,39.430000000000,41.889999000000
2016-06-28,43.080002000000,45.540001000000,43.020000000000,45.430000000000
2016-06-29,46.570000000000,48.189999000000,46.529999000000,47.689999000000
2016-06-30,48.240002000000,49.389999000000,47.509998000000,49.060001000000
2016-07-01,49.419998000000,50.880001000000,49.220001000000,50.610001000000
2016-07-05,49.700001000000,49.910000000000,47.810001000000,49.630001000000
2016-07-06,48.900002000000,51.060001000000,48.139999000000,50.990002000000
2016-07-07,51.779999000000,52.610001000000,49.750000000000,51.810001000000
2016-07-08,53.700001000000,55.619999000000,53.380001000000,55.209999000000
2016-07-11,56.160000000000,56.619999000000,55.099998000000,55.200001000000
2016-07-12,56.580002000000,56.720001000000,55.270000000000,56.480000000000
2016-07-13,57.090000000000,57.560001000000,56.020000000000,57.410000000000
2016-07-14,58.029999000000,58.430000000000,57.180000000000,57.450001000000
2016-07-15,57.910000000000,58.250000000000,55.860001000000,57.730000000000
2016-07-18,57.490002000000,59.230000000000,57.200001000000,58.720001000000
2016-07-19,58.700001000000,59.520000000000,57.709999000000,58.770000000000
2016-07-20,59.919998000000,60.919998000000,59.349998000000,60.470001000000
2016-07-21,60.189999000000,60.660000000000,57.950001000000,58.730000000000
2016-07-22,59.130001000000,60.799999000000,58.680000000000,60.070000000000
2016-07-25,60.520000000000,60.980000000000,58.200001000000,60.439999000000
2016-07-26,60.480000000000,61.060001000000,59.299999000000,61.029999000000
2016-07-27,61.779999000000,62.959999000000,60.119999000000,62.380001000000
2016-07-28,62.040001000000,63.939999000000,61.400002000000,63.520000000000
2016-07-29,63.619999000000,66.260002000000,63.419998000000,65.720001000000
2016-08-01,66.300003000000,67.750000000000,65.150002000000,66.790001000000
2016-08-02,66.059998000000,66.480003000000,62.200001000000,64.279999000000
2016-08-03,64.150002000000,65.940002000000,63.500000000000,65.930000000000
2016-08-04,66.739998000000,68.199997000000,66.040001000000,67.730003000000
2016-08-05,69.370003000000,70.900002000000,69.339996000000,70.050003000000
2016-08-08,71.000000000000,71.650002000000,70.610001000000,71.599998000000
2016-08-09,72.580002000000,74.160004000000,71.639999000000,72.760002000000
2016-08-10,73.199997000000,73.360001000000,69.580002000000,71.019997000000
2016-08-11,71.879997000000,72.809998000000,71.019997000000,71.400002000000
2016-08-12,71.400002000000,72.599998000000,70.459999000000,72.110001000000
2016-08-15,73.019997000000,73.599998000000,72.650002000000,73.239998000000
2016-08-16,71.820000000000,71.839996000000,70.269997000000,70.739998000000
2016-08-17,70.970001000000,72.800003000000,69.120003000000,72.540001000000
2016-08-18,72.239998000000,73.820000000000,71.720001000000,73.820000000000
2016-08-19,73.019997000000,73.779999000000,72.230003000000,73.440002000000
2016-08-22,72.989998000000,73.489998000000,72.000000000000,73.209999000000
2016-08-23,73.680000000000,74.139999000000,73.230003000000,73.410004000000
2016-08-24,73.000000000000,73.180000000000,70.919998000000,71.739998000000
2016-08-25,70.489998000000,72.519997000000,70.349998000000,71.669998000000
2016-08-26,72.250000000000,74.239998000000,68.980003000000,71.449997000000
2016-08-29,71.660004000000,73.300003000000,71.639999000000,72.919998000000
2016-08-30,73.129997000000,73.750000000000,72.199997000000,73.480003000000
2016-08-31,73.180000000000,73.580002000000,71.169998000000,73.010002000000
2016-09-01,73.339996000000,73.739998000000,71.500000000000,73.419998000000
2016-09-02,74.970001000000,76.139999000000,74.650002000000,76.099998000000
2016-09-06,76.720001000000,78.160004000000,76.050003000000,78.089996000000
2016-09-07,78.000000000000,79.269997000000,77.750000000000,79.080002000000
2016-09-08,79.059998000000,79.269997000000,77.839996000000,78.800003000000
2016-09-09,75.739998000000,76.050003000000,66.110001000000,66.169998000000
2016-09-12,65.529999000000,71.360001000000,64.809998000000,70.699997000000
2016-09-13,67.959999000000,68.160004000000,59.000000000000,61.430000000000
2016-09-14,62.689999000000,65.250000000000,61.180000000000,62.040001000000
2016-09-15,62.040001000000,64.970001000000,60.970001000000,64.279999000000
2016-09-16,62.970001000000,65.500000000000,61.860001000000,65.089996000000
2016-09-19,67.330002000000,68.690002000000,65.440002000000,66.739998000000
2016-09-20,68.370003000000,68.379997000000,66.139999000000,67.230003000000
2016-09-21,68.059998000000,72.629997000000,67.180000000000,72.230003000000
2016-09-22,74.339996000000,75.050003000000,73.510002000000,74.779999000000
2016-09-23,74.379997000000,75.110001000000,73.750000000000,74.129997000000
2016-09-26,71.459999000000,71.879997000000,69.320000000000,70.180000000000
2016-09-27,70.269997000000,74.459999000000,69.650002000000,73.919998000000
2016-09-28,74.480003000000,74.930000000000,71.849998000000,74.720001000000
2016-09-29,74.419998000000,75.589996000000,67.379997000000,70.019997000000
2016-09-30,72.730003000000,74.070000000000,71.389999000000,73.209999000000
2016-10-03,72.410004000000,73.760002000000,71.779999000000,73.519997000000
2016-10-04,74.160004000000,75.199997000000,71.860001000000,73.720001000000
2016-10-05,74.540001000000,74.980003000000,74.050003000000,74.379997000000
2016-10-06,74.110001000000,75.290001000000,73.570000000000,74.959999000000
2016-10-07,75.419998000000,75.699997000000,73.209999000000,74.860001000000
2016-10-10,75.739998000000,77.000000000000,75.440002000000,76.440002000000
2016-10-11,75.830002000000,76.000000000000,71.029999000000,72.180000000000
2016-10-12,72.500000000000,73.879997000000,71.290001000000,72.110001000000
2016-10-13,69.360001000000,70.959999000000,67.449997000000,69.919998000000
2016-10-14,72.000000000000,72.410004000000,70.160004000000,70.709999000000
2016-10-17,71.099998000000,71.500000000000,70.050003000000,71.010002000000
2016-10-18,72.930000000000,73.980003000000,72.419998000000,73.910004000000
2016-10-19,75.449997000000,76.160004000000,74.459999000000,75.610001000000
2016-10-20,75.440002000000,76.820000000000,74.599998000000,76.550003000000
2016-10-21,76.110001000000,78.300003000000,75.669998000000,78.180000000000
2016-10-24,79.980003000000,81.239998000000,79.879997000000,80.940002000000
2016-10-25,80.930000000000,81.050003000000,79.059998000000,80.070000000000
2016-10-26,78.260002000000,79.900002000000,77.650002000000,78.099998000000
2016-10-27,79.349998000000,79.400002000000,76.410004000000,76.750000000000
2016-10-28,76.459999000000,77.320000000000,72.139999000000,73.459999000000
2016-10-31,73.900002000000,74.099998000000,71.379997000000,71.820000000000
2016-11-01,71.769997000000,71.779999000000,66.410004000000,69.830002000000
2016-11-02,69.459999000000,69.800003000000,67.519997000000,68.150002000000
2016-11-03,68.239998000000,68.570000000000,63.619999000000,64.470001000000
2016-11-04,65.160004000000,66.779999000000,63.959999000000,64.320000000000
2016-11-07,69.900002000000,72.570000000000,69.290001000000,72.480003000000
2016-11-08,71.709999000000,74.849998000000,70.739998000000,74.370003000000
2016-11-09,70.230003000000,77.180000000000,70.139999000000,76.160004000000
2016-11-10,78.220001000000,78.900002000000,71.129997000000,74.000000000000
2016-11-11,72.529999000000,76.070000000000,71.839996000000,75.790001000000
2016-11-14,75.339996000000,76.449997000000,73.269997000000,76.080002000000
2016-11-15,76.820000000000,79.379997000000,76.000000000000,79.330002000000
2016-11-16,77.639999000000,79.720001000000,77.639999000000,78.830002000000
2016-11-17,79.000000000000,81.129997000000,78.680000000000,81.099998000000
2016-11-18,81.239998000000,81.989998000000,80.120003000000,81.459999000000
2016-11-21,82.419998000000,85.320000000000,82.400002000000,85.169998000000
2016-11-22,85.199997000000,85.589996000000,82.870003000000,84.709999000000
2016-11-23,83.860001000000,84.879997000000,83.139999000000,84.510002000000
2016-11-25,84.779999000000,85.150002000000,83.919998000000,85.089996000000
2016-11-28,84.120003000000,85.019997000000,82.839996000000,84.320000000000
2016-11-29,84.139999000000,86.019997000000,83.379997000000,84.900002000000
2016-11-30,86.050003000000,86.290001000000,84.339996000000,84.669998000000
2016-12-01,84.900002000000,85.220001000000,79.989998000000,81.500000000000
2016-12-02,81.110001000000,83.820000000000,80.639999000000,81.580002000000
2016-12-05,84.279999000000,87.139999000000,83.980003000000,86.820000000000
2016-12-06,88.230003000000,90.099998000000,87.690002000000,89.610001000000
2016-12-07,90.000000000000,91.839996000000,88.849998000000,89.389999000000
2016-12-08,89.230003000000,89.760002000000,86.129997000000,89.129997000000
2016-12-09,88.410004000000,90.480003000000,88.290001000000,90.110001000000
2016-12-12,90.000000000000,90.260002000000,88.440002000000,89.400002000000
2016-12-13,89.559998000000,89.849998000000,87.050003000000,88.629997000000
2016-12-14,88.050003000000,91.500000000000,87.750000000000,88.790001000000
2016-12-15,90.169998000000,90.870003000000,88.870003000000,90.080002000000
2016-12-16,91.199997000000,91.839996000000,89.970001000000,91.160004000000
2016-12-19,92.239998000000,94.620003000000,92.239998000000,94.440002000000
2016-12-20,95.220001000000,96.820000000000,95.139999000000,96.269997000000
2016-12-21,96.919998000000,98.070000000000,96.559998000000,97.800003000000
2016-12-22,97.690002000000,98.190002000000,95.519997000000,96.059998000000
2016-12-23,95.750000000000,96.610001000000,95.180000000000,96.580002000000
2016-12-27,96.570000000000,98.129997000000,96.459999000000,97.820000000000
2016-12-28,98.139999000000,98.500000000000,94.110001000000,94.440002000000
2016-12-29,94.070000000000,94.889999000000,91.639999000000,92.910004000000
2016-12-30,93.959999000000,93.989998000000,89.970001000000,90.980003000000
2017-01-03,94.709999000000,97.650002000000,94.099998000000,97.449997000000
2017-01-04,98.550003000000,103.529999000000,98.529999000000,102.529999000000
2017-01-05,101.610001000000,102.989998000000,99.779999000000,102.860001000000
2017-01-06,103.919998000000,106.370003000000,103.050003000000,104.250000000000
2017-01-09,103.690002000000,106.019997000000,102.760002000000,104.459999000000
2017-01-10,105.540001000000,106.410004000000,103.680000000000,105.150002000000
2017-01-11,105.010002000000,107.739998000000,103.010002000000,107.440002000000
2017-01-12,106.489998000000,107.599998000000,101.970001000000,107.489998000000
2017-01-13,107.919998000000,108.720001000000,106.080002000000,107.199997000000
2017-01-17,105.730003000000,108.010002000000,105.400002000000,107.500000000000
2017-01-18,108.239998000000,109.589996000000,107.370003000000,108.000000000000
2017-01-19,108.500000000000,108.930000000000,105.779999000000,106.769997000000
2017-01-20,107.860001000000,111.000000000000,107.459999000000,110.949997000000
2017-01-23,110.870003000000,111.940002000000,108.790001000000,111.849998000000
2017-01-24,113.300003000000,117.709999000000,113.160004000000,117.040001000000
2017-01-25,118.970001000000,120.480003000000,118.379997000000,119.940002000000
2017-01-26,119.559998000000,120.629997000000,118.050003000000,119.320000000000
2017-01-27,119.790001000000,121.160004000000,118.720001000000,120.739998000000
2017-01-30,118.190002000000,118.269997000000,112.110001000000,117.309998000000
2017-01-31,116.290001000000,118.000000000000,114.180000000000,117.849998000000
2017-02-01,120.089996000000,121.230003000000,118.370003000000,119.910004000000
2017-02-02,118.849998000000,120.089996000000,117.709999000000,118.930000000000
2017-02-03,121.300003000000,122.540001000000,120.519997000000,121.360001000000
2017-02-06,120.029999000000,121.980003000000,119.610001000000,121.489998000000
2017-02-07,121.620003000000,121.889999000000,120.070000000000,120.529999000000
2017-02-08,120.099998000000,121.699997000000,118.550003000000,120.879997000000
2017-02-09,121.550003000000,124.570000000000,121.320000000000,123.419998000000
2017-02-10,124.699997000000,126.250000000000,124.449997000000,125.400002000000
2017-02-13,127.620003000000,129.820007000000,127.230003000000,129.369995000000
2017-02-14,129.449997000000,135.059998000000,129.320007000000,134.940002000000
2017-02-15,134.639999000000,135.539993000000,129.850006000000,129.979996000000
2017-02-16,130.259995000000,130.419998000000,122.699997000000,129.300003000000
2017-02-17,126.339996000000,129.610001000000,125.379997000000,129.050003000000
2017-02-21,130.789993000000,131.149994000000,127.059998000000,127.480003000000
2017-02-22,126.449997000000,128.449997000000,124.660004000000,126.940002000000
2017-02-23,126.660004000000,127.070000000000,121.669998000000,123.599998000000
2017-02-24,119.040001000000,125.449997000000,118.440002000000,125.250000000000
2017-02-27,125.199997000000,128.460007000000,124.059998000000,125.589996000000
2017-02-28,125.080002000000,125.900002000000,121.879997000000,122.500000000000
2017-03-01,127.919998000000,128.750000000000,125.040001000000,125.300003000000
2017-03-02,125.190002000000,127.580002000000,123.699997000000,124.980003000000
2017-03-03,126.769997000000,129.270004000000,126.639999000000,128.789993000000
2017-03-06,129.029999000000,131.630005000000,128.389999000000,131.179993000000
2017-03-07,131.000000000000,133.300003000000,129.660004000000,131.070007000000
2017-03-08,132.339996000000,133.649994000000,129.669998000000,130.110001000000
2017-03-09,130.940002000000,132.410004000000,128.550003000000,130.779999000000
2017-03-10,131.970001000000,132.800003000000,130.229996000000,132.580002000000
2017-03-13,133.020004000000,135.550003000000,132.419998000000,135.339996000000
2017-03-14,134.910004000000,135.889999000000,131.830002000000,132.759995000000
2017-03-15,134.300003000000,138.839996000000,134.000000000000,137.500000000000
2017-03-16,138.539993000000,140.850006000000,138.300003000000,140.440002000000
2017-03-17,141.500000000000,144.279999000000,141.300003000000,142.149994000000
2017-03-20,142.380005000000,144.029999000000,141.970001000000,142.050003000000
2017-03-21,144.869995000000,145.889999000000,135.419998000000,136.630005000000
2017-03-22,135.270004000000,137.979996000000,133.440002000000,135.919998000000
2017-03-23,134.740005000000,137.619995000000,130.669998000000,131.309998000000
2017-03-24,133.300003000000,136.100006000000,128.000000000000,133.820007000000
2017-03-27,128.500000000000,137.639999000000,127.559998000000,136.529999000000
2017-03-28,137.860001000000,144.139999000000,137.619995000000,143.899994000000
2017-03-29,144.389999000000,146.000000000000,143.320007000000,144.449997000000
2017-03-30,144.399994000000,145.110001000000,142.509995000000,143.770004000000
2017-03-31,143.649994000000,144.710007000000,141.000000000000,141.149994000000
2017-04-03,141.270004000000,141.929993000000,135.440002000000,140.460007000000
2017-04-04,138.550003000000,142.960007000000,137.979996000000,142.389999000000
2017-04-05,143.710007000000,145.500000000000,137.199997000000,137.610001000000
2017-04-06,138.899994000000,142.789993000000,137.970001000000,140.029999000000
2017-04-07,138.000000000000,139.500000000000,134.380005000000,134.899994000000
2017-04-10,134.479996000000,136.110001000000,130.020004000000,130.179993000000
2017-04-11,126.779999000000,127.730003000000,122.760002000000,124.080002000000
2017-04-12,124.080002000000,125.910004000000,122.300003000000,123.620003000000
2017-04-13,123.209999000000,125.620003000000,120.330002000000,121.320000000000
2017-04-17,123.320000000000,127.239998000000,123.110001000000,127.239998000000
2017-04-18,125.510002000000,128.300003000000,123.150002000000,128.220001000000
2017-04-19,130.089996000000,131.000000000000,124.139999000000,125.110001000000
2017-04-20,126.989998000000,129.419998000000,124.900002000000,128.360001000000
2017-04-21,127.559998000000,128.220001000000,125.120003000000,127.879997000000
2017-04-24,138.339996000000,142.100006000000,136.649994000000,141.669998000000
2017-04-25,143.520004000000,145.279999000000,143.020004000000,145.139999000000
2017-04-26,144.440002000000,145.220001000000,141.309998000000,143.550003000000
2017-04-27,145.119995000000,145.490005000000,143.330002000000,145.100006000000
2017-04-28,144.979996000000,145.229996000000,143.300003000000,145.050003000000
2017-05-01,146.429993000000,151.929993000000,146.350006000000,150.789993000000
2017-05-02,150.789993000000,151.179993000000,148.800003000000,150.179993000000
2017-05-03,148.559998000000,149.770004000000,146.449997000000,147.139999000000
2017-05-04,149.619995000000,151.320007000000,145.830002000000,150.949997000000
2017-05-05,151.039993000000,152.050003000000,149.410004000000,150.070007000000
2017-05-08,152.320007000000,154.960007000000,152.229996000000,154.070007000000
2017-05-09,156.410004000000,156.600006000000,153.250000000000,154.339996000000
2017-05-10,153.460007000000,155.149994000000,153.460007000000,153.759995000000
2017-05-11,152.039993000000,154.339996000000,148.369995000000,154.149994000000
2017-05-12,153.339996000000,154.449997000000,152.759995000000,154.449997000000
2017-05-15,155.600006000000,158.139999000000,155.410004000000,157.559998000000
2017-05-16,159.380005000000,160.050003000000,157.440002000000,159.110001000000
2017-05-17,149.389999000000,151.740005000000,130.050003000000,130.050003000000
2017-05-18,131.369995000000,137.399994000000,130.570007000000,133.500000000000
2017-05-19,137.770004000000,144.610001000000,137.669998000000,142.399994000000
2017-05-22,146.149994000000,149.309998000000,145.949997000000,148.559998000000
2017-05-23,149.490005000000,150.000000000000,147.399994000000,148.679993000000
2017-05-24,149.100006000000,153.229996000000,147.440002000000,152.699997000000
2017-05-25,152.729996000000,153.380005000000,149.869995000000,150.889999000000
2017-05-26,150.259995000000,153.949997000000,150.210007000000,153.490005000000
2017-05-30,151.610001000000,155.100006000000,151.300003000000,154.639999000000
2017-05-31,155.339996000000,155.869995000000,149.750000000000,153.350006000000
2017-06-01,155.320007000000,157.169998000000,154.820007000000,156.990005000000
2017-06-02,156.479996000000,158.190002000000,155.679993000000,156.649994000000
2017-06-05,155.869995000000,159.119995000000,155.779999000000,155.850006000000
2017-06-06,154.369995000000,155.399994000000,151.679993000000,152.470001000000
2017-06-07,154.220001000000,154.929993000000,150.020004000000,154.050003000000
2017-06-08,154.250000000000,158.570007000000,154.190002000000,157.710007000000
2017-06-09,159.100006000000,160.789993000000,148.320007000000,155.309998000000
2017-06-12,153.429993000000,154.169998000000,149.399994000000,153.630005000000
2017-06-13,156.789993000000,159.300003000000,156.250000000000,158.940002000000
2017-06-14,159.039993000000,160.210007000000,156.360001000000,159.429993000000
2017-06-15,153.279999000000,159.070007000000,152.830002000000,157.619995000000
2017-06-16,158.910004000000,159.350006000000,156.000000000000,159.350006000000
2017-06-19,161.869995000000,164.869995000000,161.679993000000,163.979996000000
2017-06-20,162.500000000000,162.789993000000,159.059998000000,159.779999000000
2017-06-21,162.699997000000,163.460007000000,159.660004000000,161.100006000000
2017-06-22,161.509995000000,163.679993000000,160.470001000000,162.869995000000
2017-06-23,162.899994000000,164.740005000000,161.729996000000,164.429993000000
2017-06-26,166.559998000000,168.240005000000,165.009995000000,168.059998000000
2017-06-27,167.169998000000,169.000000000000,162.000000000000,162.100006000000
2017-06-28,165.210007000000,167.800003000000,163.350006000000,167.100006000000
2017-06-29,166.860001000000,166.899994000000,142.009995000000,158.360001000000
2017-06-30,162.759995000000,164.169998000000,155.729996000000,161.270004000000
2017-07-03,163.699997000000,164.529999000000,158.800003000000,159.110001000000
2017-07-05,159.960007000000,161.020004000000,154.570007000000,159.000000000000
2017-07-06,155.910004000000,156.850006000000,149.669998000000,151.000000000000
2017-07-07,153.970001000000,156.559998000000,152.639999000000,156.360001000000
2017-07-10,156.610001000000,161.419998000000,156.259995000000,160.169998000000
2017-07-11,159.699997000000,161.580002000000,153.240005000000,160.860001000000
2017-07-12,163.639999000000,165.869995000000,163.350006000000,165.270004000000
2017-07-13,165.320007000000,167.550003000000,165.240005000000,167.089996000000
2017-07-14,167.139999000000,171.240005000000,166.970001000000,170.000000000000
2017-07-17,173.220001000000,175.080002000000,172.800003000000,174.440002000000
2017-07-18,172.720001000000,176.839996000000,171.000000000000,176.820007000000
2017-07-19,178.440002000000,180.440002000000,178.020004000000,178.759995000000
2017-07-20,180.080002000000,180.460007000000,176.759995000000,180.460007000000
2017-07-21,179.339996000000,181.960007000000,178.399994000000,181.919998000000
2017-07-24,182.339996000000,185.800003000000,182.220001000000,185.039993000000
2017-07-25,185.479996000000,186.039993000000,183.500000000000,184.179993000000
2017-07-26,185.399994000000,186.860001000000,183.539993000000,184.020004000000
2017-07-27,185.740005000000,185.740005000000,172.259995000000,182.320007000000
2017-07-28,178.559998000000,181.119995000000,175.919998000000,180.440002000000
2017-07-31,183.300003000000,183.500000000000,179.759995000000,181.899994000000
2017-08-01,184.059998000000,185.160004000000,182.740005000000,184.000000000000
2017-08-02,185.360001000000,185.419998000000,179.619995000000,183.419998000000
2017-08-03,183.020004000000,183.300003000000,180.279999000000,181.039993000000
2017-08-04,181.919998000000,184.039993000000,181.100006000000,181.539993000000
2017-08-07,182.199997000000,183.960007000000,181.619995000000,183.940002000000
2017-08-08,183.779999000000,186.419998000000,176.119995000000,178.759995000000
2017-08-09,173.899994000000,177.679993000000,168.740005000000,173.839996000000
2017-08-10,169.240005000000,169.460007000000,148.899994000000,149.860001000000
2017-08-11,146.399994000000,150.639999000000,139.259995000000,143.360001000000
2017-08-14,154.100006000000,161.899994000000,154.059998000000,161.639999000000
2017-08-15,165.899994000000,165.899994000000,159.300003000000,162.440002000000
2017-08-16,162.539993000000,164.960007000000,161.199997000000,163.660004000000
2017-08-17,159.259995000000,161.520004000000,136.000000000000,136.479996000000
2017-08-18,141.679993000000,148.320007000000,136.860001000000,141.320007000000
2017-08-21,142.500000000000,147.320007000000,139.320007000000,146.940002000000
2017-08-22,151.559998000000,158.360001000000,151.039993000000,157.740005000000
2017-08-23,150.940002000000,157.240005000000,149.580002000000,155.839996000000
2017-08-24,156.279999000000,157.160004000000,148.360001000000,151.339996000000
2017-08-25,154.320007000000,156.479996000000,152.559998000000,155.919998000000
2017-08-28,157.800003000000,157.919998000000,153.860001000000,156.940002000000
2017-08-29,145.240005000000,155.800003000000,144.619995000000,155.220001000000
2017-08-30,155.479996000000,157.059998000000,154.139999000000,156.000000000000
2017-08-31,157.100006000000,160.660004000000,156.699997000000,160.399994000000
2017-09-01,161.779999000000,162.279999000000,160.179993000000,160.619995000000
2017-09-05,154.960007000000,158.000000000000,144.720001000000,151.440002000000
2017-09-06,155.399994000000,156.220001000000,151.660004000000,155.559998000000
2017-09-07,155.979996000000,157.679993000000,153.399994000000,156.380005000000
2017-09-08,154.399994000000,155.039993000000,151.559998000000,152.660004000000
2017-09-11,158.320007000000,162.339996000000,158.320007000000,161.380005000000
2017-09-12,163.479996000000,165.600006000000,162.360001000000,165.460007000000
2017-09-13,165.600006000000,171.500000000000,165.460007000000,171.240005000000
2017-09-14,169.199997000000,171.500000000000,168.500000000000,168.919998000000
2017-09-15,169.860001000000,172.399994000000,169.759995000000,172.080002000000
2017-09-18,174.360001000000,180.919998000000,174.339996000000,179.520004000000
2017-09-19,179.580002000000,179.860001000000,177.199997000000,179.460007000000
2017-09-20,178.779999000000,180.419998000000,172.600006000000,179.279999000000
2017-09-21,180.000000000000,180.460007000000,177.300003000000,179.440002000000
2017-09-22,176.199997000000,179.440002000000,174.960007000000,178.220001000000
2017-09-25,177.839996000000,180.139999000000,172.639999000000,178.139999000000
2017-09-26,179.119995000000,181.100006000000,177.080002000000,180.000000000000
2017-09-27,181.979996000000,182.940002000000,179.639999000000,181.539993000000
2017-09-28,180.740005000000,184.160004000000,180.419998000000,184.100006000000
2017-09-29,184.279999000000,187.960007000000,182.880005000000,187.500000000000
2017-10-02,188.699997000000,193.000000000000,188.559998000000,191.039993000000
2017-10-03,193.000000000000,193.419998000000,191.020004000000,191.880005000000
2017-10-04,191.440002000000,192.460007000000,190.119995000000,191.740005000000
2017-10-05,192.699997000000,198.240005000000,192.639999000000,197.720001000000
2017-10-06,197.000000000000,197.720001000000,192.720001000000,197.600006000000
2017-10-09,198.600006000000,198.839996000000,191.740005000000,193.880005000000
2017-10-10,197.039993000000,198.820007000000,193.660004000000,198.020004000000
2017-10-11,198.520004000000,202.820007000000,197.160004000000,202.139999000000
2017-10-12,201.940002000000,205.600006000000,200.100006000000,203.600006000000
2017-10-13,205.740005000000,209.000000000000,205.000000000000,207.320007000000
2017-10-16,209.119995000000,211.039993000000,207.699997000000,210.800003000000
2017-10-17,210.300003000000,211.259995000000,208.179993000000,210.460007000000
2017-10-18,211.520004000000,212.720001000000,210.839996000000,211.300003000000
2017-10-19,204.080002000000,213.000000000000,201.740005000000,212.699997000000
2017-10-20,216.279999000000,217.000000000000,214.759995000000,216.380005000000
2017-10-23,217.919998000000,218.100006000000,207.179993000000,209.759995000000
2017-10-24,212.979996000000,214.300003000000,206.179993000000,207.380005000000
2017-10-25,204.960007000000,205.779999000000,186.119995000000,200.440002000000
2017-10-26,203.699997000000,206.399994000000,200.880005000000,201.300003000000
2017-10-27,206.320007000000,213.600006000000,203.179993000000,212.660004000000
2017-10-30,206.320007000000,214.759995000000,205.580002000000,210.919998000000
2017-10-31,212.740005000000,215.300003000000,211.320007000000,214.699997000000
2017-11-01,216.779999000000,217.300003000000,211.240005000000,213.419998000000
2017-11-02,213.520004000000,216.100006000000,207.119995000000,215.759995000000
2017-11-03,216.899994000000,217.660004000000,214.059998000000,216.240005000000
2017-11-06,216.720001000000,218.619995000000,216.320007000000,218.059998000000
2017-11-07,218.580002000000,219.800003000000,212.899994000000,217.000000000000
2017-11-08,215.600006000000,219.380005000000,213.600006000000,216.740005000000
2017-11-09,208.440002000000,214.160004000000,201.679993000000,214.059998000000
2017-11-10,211.419998000000,212.660004000000,207.300003000000,208.699997000000
2017-11-13,205.020004000000,211.580002000000,204.899994000000,208.139999000000
2017-11-14,204.860001000000,207.419998000000,201.240005000000,206.380005000000
2017-11-15,200.460007000000,203.399994000000,195.020004000000,198.460007000000
2017-11-16,205.500000000000,209.279999000000,205.259995000000,207.179993000000
2017-11-17,207.179993000000,211.539993000000,206.699997000000,210.020004000000
2017-11-20,213.179993000000,217.139999000000,212.559998000000,216.899994000000
2017-11-21,221.080002000000,226.279999000000,220.500000000000,224.960007000000
2017-11-22,226.899994000000,228.460007000000,224.940002000000,227.000000000000
2017-11-24,228.100006000000,229.300003000000,227.520004000000,228.020004000000
2017-11-27,227.559998000000,229.899994000000,225.820007000000,228.339996000000
2017-11-28,230.539993000000,232.559998000000,228.100006000000,231.440002000000
2017-11-29,230.940002000000,231.339996000000,223.639999000000,226.440002000000
2017-11-30,230.160004000000,230.740005000000,223.160004000000,225.660004000000
2017-12-01,223.360001000000,225.660004000000,196.559998000000,219.520004000000
2017-12-04,229.500000000000,231.039993000000,221.279999000000,221.360001000000
2017-12-05,223.399994000000,228.000000000000,219.839996000000,222.199997000000
2017-12-06,219.479996000000,223.539993000000,218.500000000000,222.479996000000
2017-12-07,222.520004000000,230.399994000000,221.820007000000,229.779999000000
2017-12-08,233.600006000000,237.580002000000,232.740005000000,236.820007000000
2017-12-11,237.960007000000,245.460007000000,237.720001000000,245.179993000000
2017-12-12,246.279999000000,247.220001000000,243.919998000000,244.559998000000
2017-12-13,246.559998000000,247.580002000000,244.300003000000,245.360001000000
2017-12-14,246.660004000000,247.899994000000,242.419998000000,246.660004000000
2017-12-15,248.580002000000,256.839996000000,248.500000000000,254.720001000000
2017-12-18,258.359985000000,260.820007000000,256.519989000000,258.480011000000
2017-12-19,258.920013000000,259.200012000000,254.240005000000,256.940002000000
2017-12-20,261.760010000000,261.940002000000,256.940002000000,258.079987000000
2017-12-21,259.220001000000,260.500000000000,256.459991000000,259.859985000000
2017-12-22,260.299988000000,261.640015000000,256.260010000000,258.380005000000
2017-12-26,256.019989000000,261.100006000000,255.779999000000,258.179993000000
2017-12-27,259.000000000000,262.000000000000,255.720001000000,256.779999000000
2017-12-28,258.100006000000,261.179993000000,257.760010000000,260.959991000000
2017-12-29,262.399994000000,262.399994000000,256.000000000000,256.420013000000
2018-01-02,258.380005000000,265.940002000000,256.820007000000,265.160004000000
2018-01-03,268.380005000000,272.100006000000,268.380005000000,271.019989000000
2018-01-04,273.920013000000,274.700012000000,270.739990000000,271.779999000000
2018-01-05,272.100006000000,272.559998000000,270.119995000000,271.859985000000
2018-01-08,272.600006000000,277.440002000000,271.179993000000,275.100006000000
2018-01-09,276.660004000000,277.700012000000,271.899994000000,272.140015000000
2018-01-10,269.220001000000,276.380005000000,265.559998000000,274.859985000000
2018-01-11,277.459991000000,278.940002000000,275.519989000000,276.420013000000
2018-01-12,277.579987000000,278.500000000000,275.200012000000,276.380005000000
2018-01-16,274.799988000000,275.100006000000,256.559998000000,259.480011000000
2018-01-17,262.720001000000,271.260010000000,255.240005000000,265.679993000000
2018-01-18,261.119995000000,268.619995000000,255.899994000000,264.600006000000
2018-01-19,265.760010000000,266.600006000000,260.239990000000,265.540009000000
2018-01-22,263.820007000000,273.480011000000,263.559998000000,271.839996000000
2018-01-23,268.619995000000,270.660004000000,264.000000000000,266.959991000000
2018-01-24,265.540009000000,265.679993000000,252.899994000000,260.000000000000
2018-01-25,261.119995000000,261.540009000000,251.279999000000,255.660004000000
2018-01-26,258.239990000000,258.859985000000,254.160004000000,257.739990000000
2018-01-29,251.619995000000,252.699997000000,238.240005000000,238.740005000000
2018-01-30,230.220001000000,233.320007000000,220.000000000000,231.199997000000
2018-01-31,235.899994000000,239.199997000000,229.000000000000,236.220001000000
2018-02-01,234.259995000000,251.139999000000,231.779999000000,243.339996000000
2018-02-02,236.000000000000,236.179993000000,206.220001000000,211.199997000000
2018-02-05,200.000000000000,214.380005000000,140.300003000000,143.639999000000
2018-02-06,168.159765193124,176.639616600299,159.679906599635,175.920985125115
2018-02-07,176.495883118947,191.155972399022,174.339995879709,177.214521780446
2018-02-08,176.352171196540,176.927076376687,137.546057163959,137.689790645310
2018-02-09,154.649493459660,160.254811779782,136.971151983811,156.086749223714
2018-02-12,161.548355621429,164.997779515999,153.355956804328,162.985618571797
2018-02-13,158.098924540544,163.847969155704,156.086749223714,162.266987096613
2018-02-14,163.129352053149,182.244949293051,162.266987096613,181.813756035311
2018-02-15,188.281453684599,188.712625383395,178.364332140741,185.550646892584
2018-02-16,180.951405451405,190.581067218874,179.226697097277,182.388661215459
2018-02-20,176.064711420152,180.089040494869,170.315666804992,174.196269584672
2018-02-21,177.645693479242,186.987909842953,171.896648864083,173.190185519414
2018-02-22,177.214521780446,180.089040494869,171.752922569046,175.633539721356
2018-02-23,179.657868796073,189.431264044894,178.364332140741,189.431264044894
2018-02-26,194.892863256295,197.336195899292,191.299705880373,196.186385538997
2018-02-27,193.599326600963,195.898940135238,176.352171196540,178.076886736982
2018-02-28,188.425165607007,189.000085159784,173.477616550544,173.477616550544
2018-03-01,175.179782398031,177.165611820138,154.753948258757,163.264720757803
2018-03-02,155.287169111676,171.517360391727,151.435923528112,169.866818710543
2018-03-05,167.061435120288,179.124630847443,166.780895358564,178.283025589259
2018-03-06,179.432311813847,179.432311813847,169.950700460994,177.133739364670
2018-03-07,169.114750355437,179.424879081594,167.969180496975,178.279309223132
2018-03-08,180.290503825222,185.462198394088,179.141241557869,184.887581626190
2018-03-09,188.398090561906,202.147626556073,188.105546931665,202.147626556073
2018-03-12,197.258190203642,198.480549291750,189.312886689919,190.535245778027
2018-03-13,195.873168325936,197.059379926647,184.604158119182,187.273149048427
2018-03-14,191.095050049415,191.095050049415,180.805331284835,183.745240432130
2018-03-15,185.492436358999,191.025162794734,181.706862170601,188.404376184352
2018-03-16,190.468303454033,196.954809866835,190.173446171131,192.237343956558
2018-03-19,188.365779148963,188.961417103696,165.136494537430,174.070840499780
2018-03-20,176.052134619290,180.014722858309,174.070840499780,178.882568942119
2018-03-21,180.603944214551,190.645481674156,179.169440912469,180.603944214551
2018-03-22,169.649514599206,174.838469357040,155.235791421120,156.388889275367
2018-03-23,159.867170964908,164.148133044343,148.094538624468,148.897219014362
2018-03-26,159.337002021260,160.380979016978,150.202190259010,159.858977469407
2018-03-27,160.669744907208,160.669744907208,145.535180671641,148.508044157970
2018-03-28,149.809604580038,151.371490102124,140.698668609957,145.384299145006
2018-03-29,148.989945659169,156.973835835042,146.672025443899,156.973835835042
2018-04-02,150.823242608115,152.695162285876,134.510786331064,141.196213751636
2018-04-03,144.741961089712,147.527882813668,140.942972315831,147.274641377863
2018-04-04,135.896078954871,150.895063083421,135.896078954871,149.860662423334
2018-04-05,152.469203109554,155.860319044343,149.860662423334,155.077730753071
2018-04-06,150.302039531409,154.547110186971,138.628081962768,146.852919623765
2018-04-09,147.885277582456,150.466185383658,144.530114216711,145.046306100531
2018-04-10,150.176135882051,150.432640836964,145.559277536537,149.406646666526
2018-04-11,146.022898320543,149.927240354122,145.242001281890,147.584627325265
2018-04-12,150.171562072421,155.086738092018,150.171562072421,154.051964193155
2018-04-13,158.279792194000,160.922206164033,155.108924496367,160.129499148628
2018-04-16,163.361704199097,168.479383519335,163.092352655926,167.401977346653
2018-04-17,170.981295941236,180.342590727069,169.879967142903,178.139933130403
2018-04-18,174.733287249019,178.991598149353,167.352176223701,177.572142256686
2018-04-19,172.470337099541,176.438415650520,168.502230205042,174.454369289150
2018-04-20,174.173444378862,176.701768571458,167.150321621650,169.397720903958
2018-04-23,170.781689211997,175.210387797721,167.460165272703,171.058482873604
2018-04-24,174.952483210688,176.899504240020,155.482425896496,162.436022761276
2018-04-25,161.623165266224,161.894131312200,155.662210302507,160.810321318797
2018-04-26,164.854154811119,170.515540571655,162.967026224273,169.437181379172
2018-04-27,171.650238442084,173.033399106403,165.840963651941,172.203516539418
2018-04-30,173.876735077443,177.223186097096,170.809142194457,171.645758435271
2018-05-01,170.532079548425,174.986795095812,168.026302053019,174.708361453114
2018-05-02,174.989257118538,180.606875501311,174.708361453114,175.551034405304
2018-05-03,172.453875053046,173.861676038425,161.191593870844,171.609216986410
2018-05-04,169.103972942813,178.289853851314,167.990531145659,177.176412054159
2018-05-07,178.873247446923,180.570054559332,176.610819110141,178.307626222550
2018-05-08,177.172812327148,179.726157776977,175.754294957894,178.591343881575
2018-05-09,180.862775918224,186.825285014429,179.727059899900,186.825285014429
2018-05-10,187.696250847808,196.406068861323,187.696250847808,195.825429811184
2018-05-11,194.933933832900,198.499828599410,192.556690465588,198.499828599410
2018-05-14,200.294838398550,205.679912671591,199.995652647064,204.782385334211
2018-05-15,197.186599246303,197.186599246303,187.160161610265,189.894659793484
2018-05-16,193.110750251469,198.373390569894,192.818365102083,196.326811472401
2018-05-17,197.515770209554,202.866099388727,195.137852735248,202.271605158166
2018-05-18,199.858222844572,201.366586790568,195.936476584980,199.858222844572
2018-05-21,206.455193441092,210.053541039193,203.456570442673,205.255744241724
2018-05-22,206.775046956744,207.990476974460,202.521026701864,203.736456719580
2018-05-23,197.076423959059,207.671930623524,194.049151477078,206.461015576157
2018-05-24,205.851521326410,208.898931627240,196.404627102411,207.679973601698
2018-05-25,204.929245474524,209.513777071325,203.095411441251,204.929245474524
2018-05-29,195.214096424564,199.768064477387,173.354961727338,180.641334899765
2018-05-30,185.192913366426,191.451367539436,184.623978503855,188.891096651093
2018-05-31,188.891096651093,190.054383705827,181.911287075071,187.146158798358
2018-06-01,194.961992881655,197.856751606504,194.093565264200,194.383055610479
2018-06-04,198.807541201363,203.527008229862,198.217622571135,203.527008229862
2018-06-05,202.923533300122,205.940953210571,200.207813136417,205.337478280832
2018-06-06,207.155950019298,213.217603302493,205.943625424282,212.005278707477
2018-06-07,214.160727214089,214.776558647284,202.459637456127,209.233967975328
2018-06-08,205.563196741505,212.598826311452,204.951386240988,210.457558386602
2018-06-11,210.457558386602,215.672978739644,209.843964182067,214.752579763105
2018-06-12,215.992132937768,217.231686112431,212.273473413780,214.752579763105
2018-06-13,217.851478194177,218.781143075174,211.963616108944,211.963616108944
2018-06-14,218.120874160138,221.815213597710,215.965803055930,219.352310377232
2018-06-15,214.968395537430,218.099778936984,210.897617471900,216.534079408788
2018-06-18,210.622932375065,220.267425605491,207.200713917030,220.267425605491
2018-06-19,205.206420739832,211.168059020649,200.813607389621,209.599202712917
2018-06-20,212.965044625037,216.330855938734,212.659045088288,213.576997800900
2018-06-21,212.650416465538,212.650416465538,195.045355650641,199.987153658615
2018-06-22,205.961362657061,208.052341033963,202.974250690058,204.169080541299
2018-06-25,198.736673787943,198.736673787943,164.633041927252,175.497900704272
2018-06-26,183.310193939287,186.937350511705,176.613944587924,182.473174977097
2018-06-27,185.317665816426,189.868814181157,168.250791892366,173.086402141175
2018-06-28,171.424758833707,177.794352279415,164.224392198459,175.578846332008
2018-06-29,181.715055066315,185.898810294334,179.204793561965,179.204793561965
2018-07-02,171.315246481815,179.768316538060,169.061098223730,179.204793561965
2018-07-03,183.713075989709,184.840150118751,176.105311530245,178.641242409018
2018-07-05,182.579789485752,184.549063024119,177.797268035432,183.705088650533
2018-07-06,184.275587085388,194.259573557474,183.990359262187,193.974317208637
2018-07-09,199.248543356304,205.108794631490,198.662503578157,203.643717162065
2018-07-10,206.044822242867,208.445927323669,201.542765223270,207.845666060375
2018-07-11,198.749575641978,203.904026879070,196.930372718449,200.568808885808
2018-07-12,204.737989529150,208.013827499052,202.355583572912,207.716011864485
2018-07-13,205.594929884542,210.443136746732,203.776831479017,209.534110270010
2018-07-16,211.055750879884,212.577437139889,207.099406167318,210.751447104646
2018-07-17,207.699274863785,215.940083449206,206.783643030547,212.887941729914
2018-07-18,216.262246281829,217.796021078154,210.127147096529,215.648751701047
2018-07-19,211.326499448798,214.722527224565,208.547918638713,210.709052483117
2018-07-20,208.267787559528,212.845117332542,207.352339914183,210.098728623362
2018-07-23,209.794001671136,213.145861025349,206.746914975907,210.708167292228
2018-07-24,216.811212415849,217.726671473040,207.046300548163,215.285447320531
2018-07-25,212.201113169417,218.061334177099,211.892712139652,215.593894615077
2018-07-26,215.285226516876,217.754447841414,212.507352526770,215.593894615077
2018-07-27,217.445779743214,217.445779743214,202.630467228617,208.803520539963
2018-07-30,210.929504836114,211.233234233519,200.603221638501,202.729236306073
2018-07-31,207.816184134361,209.910788588502,206.020781102186,208.414631862996
2018-08-01,212.358431301452,214.178661595352,207.504524300276,210.841570195125
2018-08-02,202.603202526313,214.197978936389,201.382701352227,213.282572543296
2018-08-03,213.589469297748,218.499556519786,212.668825066603,215.737623826350
2018-08-06,217.589464421679,224.688142980126,216.663551839953,223.762214966523
2018-08-07,227.219231192285,230.047654729472,226.276381443519,229.104852121623
2018-08-08,229.104852121623,234.192522043487,227.514934403578,232.284655759674
2018-08-09,232.924983392047,235.166218152603,228.762749725781,229.082937554854
2018-08-10,218.908539217928,222.405988646247,212.549556154847,217.636739425812
2018-08-13,215.158329413614,222.593590430528,204.315202350638,204.625005538433
2018-08-14,208.528343868586,215.434250145012,205.525775922314,215.133978337545
2018-08-15,204.054131784685,204.669695059024,186.818806375405,201.284150910599
2018-08-16,209.317679867926,216.161028837357,209.020142309391,212.590593011813
2018-08-17,210.756613243961,219.620922657825,208.311286509102,218.703894565669
2018-08-20,223.353886727156,224.593880503574,221.183882118504,222.733889838948
2018-08-21,224.298032323772,225.862174808596,217.728633887511,218.041462384476
2018-08-22,218.350976031683,222.683934968957,218.041462384476,220.826961410073
2018-08-23,223.318646300962,225.187406075847,218.023782814926,221.761333510952
2018-08-24,224.570414442125,226.755255166371,222.385558111874,223.009813924806
2018-08-27,226.765768685645,226.765768685645,222.383805814855,222.696817694736
2018-08-28,224.886268338984,224.886268338984,220.194606259964,222.071280474865
2018-08-29,222.383585770982,225.194614538912,220.509582209189,222.383585770982
2018-08-30,222.383585770982,224.571493394698,213.944589414535,217.695261407533
2018-08-31,215.530677842402,222.024443999108,214.602983710320,220.478297419846
2018-09-04,219.233536389952,220.167107162372,212.698540983013,220.167107162372
2018-09-05,217.057417807473,218.923225201003,211.459933432787,217.057417807473
2018-09-06,217.366145694170,218.292452857764,206.250845679496,211.190985880657
2018-09-07,206.318519011024,211.495515060009,203.882285576207,206.927562143269
2018-09-10,211.750376138344,214.764600975067,210.544680175175,212.956072101513
2018-09-11,210.815779571993,220.294097800267,208.981284612994,219.988346092503
2018-09-12,220.299064095458,224.027680130924,219.056192083636,222.163356577291
2018-09-13,227.159331343941,229.345041031244,226.847069260242,229.032794559869
2018-09-14,229.666811225280,233.787816525319,227.764792929088,233.470800267603
2018-09-17,233.790858490780,234.430926930801,225.789802964132,226.429871404153
2018-09-18,227.848012561172,231.708523690184,225.405642589181,225.405642589181
2018-09-19,233.502197831936,236.960891306622,233.423559361941,235.074338375614
2018-09-20,238.364897455281,240.772607559627,237.321533402903,240.451577405513
2018-09-21,239.071787118398,242.156044283324,237.529634186408,238.016624722926
2018-09-24,237.128352332102,239.066417335215,232.363982235867,238.581888971631
2018-09-25,241.249850550651,242.220056616532,235.105433117419,235.913895053488
2018-09-26,238.808067039898,241.380633990380,231.653070490142,233.502114542326
2018-09-27,236.461364940560,239.420663326897,235.741543385197,236.861297796719
2018-09-28,235.169686904324,239.116719915579,233.800329804052,239.116719915579
2018-10-01,244.862967034890,245.591364557057,237.579007999839,240.816314133967
2018-10-02,240.410215796472,243.334123826430,238.054845439007,240.329012372907
2018-10-03,243.980163304731,244.142454349403,239.193056197610,242.438568768902
2018-10-04,238.119511405192,238.200987062690,217.665014178735,227.770016708935
2018-10-05,229.980609592072,234.243895866693,209.769458870585,222.401433992745
2018-10-08,217.174867679942,222.245417553606,205.863707045648,220.373204682293
2018-10-09,215.170610898174,223.168636552662,211.831622830789,216.956581259798
2018-10-10,213.412546196605,213.412546196605,180.206478539299,180.899876703837
2018-10-11,182.301115098135,186.855153891986,156.238066951813,164.225125799310
2018-10-12,181.961173398263,182.427938163721,162.824924850556,179.160758165382
2018-10-15,175.125278629170,181.039336988863,170.185326008747,176.308101433428
2018-10-16,182.243703987069,189.352623324568,179.966075249968,189.007530152845
2018-10-17,189.650291449416,189.650291449416,175.866632534057,186.936410419449
2018-10-18,184.450553897914,184.450553897914,166.907509303080,173.725844414396
2018-10-19,175.231162836144,179.952332190827,169.757327428292,175.504854606536
2018-10-22,176.673970017317,177.224141975331,166.495788794053,174.129424711501
2018-10-23,158.990727608685,170.909866179902,154.127132484261,167.621834094824
2018-10-24,169.234565120137,169.704927643407,150.486709743579,151.897837631329
2018-10-25,155.858988232201,160.778497589767,151.258940312164,157.775705745587
2018-10-26,147.880125865698,154.260162393473,142.346407693573,148.661354828282
2018-10-29,154.535799697214,156.872931796800,140.639263448129,148.156038870621
2018-10-30,147.020985205516,154.083528732244,145.570638855658,153.389884825790
2018-10-31,156.661701975139,160.831635825285,154.416333239514,158.329667816834
2018-11-01,158.003819560368,163.673579222877,155.462216193863,163.478083302927
2018-11-02,166.258985095157,168.576427533179,155.665023058271,162.153824805864
2018-11-05,161.758153647019,165.450974557915,160.571179736281,163.604583885365
2018-11-06,163.869504074522,169.168464245682,163.339623954207,169.168464245682
2018-11-07,175.633487369643,181.761803306556,175.498799107294,181.694445706555
2018-11-08,181.415480204465,187.065068684086,179.881002546929,183.996155218024
2018-11-09,179.644553148870,180.767550853806,171.994131283997,176.977419562177
2018-11-12,176.770965405770,177.459178044361,161.561134367773,162.937600938540
2018-11-13,162.475740964225,165.906700773419,156.999414464781,161.222134229942
2018-11-14,164.569293304473,165.094353050355,152.558865004611,157.284258329733
2018-11-15,154.432217862039,160.006685932842,150.413428263246,159.034394990260
2018-11-16,155.971040581382,166.920923673433,154.602275864762,166.399512463170
2018-11-19,166.532818701875,167.532602161536,155.268428200702,158.201178782829
2018-11-20,146.571605476001,150.144938056312,143.258164622741,147.481181041898
2018-11-21,150.929187614085,153.123394131705,148.985771199180,150.991891408889
2018-11-23,148.391316929677,151.499307889836,147.059328052883,149.913591743975
2018-11-26,153.200074493576,158.445786398854,153.136873145319,158.192981005829
2018-11-27,156.765174966557,161.827376318618,155.012883484647,161.373078527011
2018-11-28,163.536067601128,167.272162281238,159.603349468012,165.895706346461
2018-11-29,163.104737852292,165.297644517052,156.725424962198,162.772494570661
2018-11-30,161.653557082711,168.367195174384,160.863705691952,167.050784965766
2018-12-03,179.652101412994,180.385511364949,174.584918716030,176.718474939900
2018-12-04,174.936195842187,178.363629280609,150.053015369510,154.440157590157
2018-12-06,140.565786363638,150.731790934217,133.085154278374,150.028469654486
2018-12-07,149.839450157564,152.926987044383,136.544192523535,139.253652610091
2018-12-10,139.193000986532,141.922845754989,132.156005254547,140.163621087495
2018-12-11,145.275971786633,145.519392713493,135.964165811533,140.589650312423
2018-12-12,144.856407344807,146.502132104401,141.747757887622,141.808723750247
2018-12-13,144.134949913917,145.726598962088,140.829230460567,143.951299513362
2018-12-14,140.805821764673,142.594432080074,137.228638139345,139.448966666543
2018-12-17,137.203228308820,139.145499008855,128.523706118041,131.255000011581
2018-12-18,133.903655400095,134.197937363542,127.193758237624,130.666424312938
2018-12-19,131.077509692799,137.537411059603,127.377729528754,131.429880335119
2018-12-20,127.954913327164,130.251917630713,120.651617592804,125.010036014922
2018-12-21,124.608085968943,126.617882137301,116.626278432850,118.578640040793
2018-12-24,117.069174693980,117.516419130247,112.317072574976,112.317072574976
2018-12-26,113.187325921804,118.463236836948,110.250209998093,118.028099285368
2018-12-27,111.450854244802,114.405051724454,105.598220945994,113.568961253196
2018-12-28,113.459617986626,116.575589486714,109.906339019660,113.514295086528
2018-12-31,116.629516473111,118.050483718845,115.208527366173,117.667923601971
2019-01-02,114.051662845213,121.896191085345,113.217127437358,121.506746420941
2019-01-03,118.849923384211,119.302135352016,113.027560044936,115.458237528227
2019-01-04,120.415902110744,125.263385597019,119.754881635342,125.043045438552
2019-01-07,126.016823166937,129.281804197627,124.126559535200,127.620662041728
2019-01-08,129.993115972225,130.745369035329,125.595384918358,130.340315925244
2019-01-09,131.509788363750,134.959801057599,130.398779021707,133.205569009922
2019-01-10,131.373130900128,134.801553195974,129.363373036211,134.683332145156
2019-01-11,132.959658902051,139.319374938914,132.424729515772,139.141077030807
2019-01-14,135.637645452960,140.832382578299,135.094007643853,138.657855503553
2019-01-15,139.321121814085,144.989252095491,139.321121814085,144.928940905648
2019-01-16,146.284869385897,146.962827462766,142.155500698750,142.217120924682
2019-01-17,141.301351335803,145.880138229707,141.118212070145,143.560243956992
2019-01-18,147.853839010841,149.877986227339,145.523041483309,148.221875814510
2019-01-22,145.666863450249,145.853803110988,132.019370846085,135.509118904468
2019-01-23,136.044845732367,136.461522154066,126.937501563118,135.032929184709
2019-01-24,134.735838914373,139.727155108659,133.012634534640,139.489461501036
2019-01-25,142.991782223619,145.286426134845,141.904851354780,144.742960700425
2019-01-28,139.761355106490,139.761355106490,134.103261443500,138.715847826560
2019-01-29,140.642038813954,141.605134307652,137.030442751284,139.077020675390
2019-01-30,141.367322268381,145.767158484771,139.016736892053,145.465811894159
2019-01-31,145.650699218389,151.751561867980,145.650699218389,151.505049544006
2019-02-01,152.008087828989,154.020190666349,150.813414344949,153.014139247669
2019-02-04,153.772417038696,158.638032864453,152.824582437875,158.069324521183
2019-02-05,159.417861673764,162.757141173649,157.940891188238,159.032587361598
2019-02-06,160.642880809557,161.995514423495,158.259620741883,160.127574023863
2019-02-07,155.538650610868,157.736163231175,148.299798435224,154.956956093728
2019-02-08,151.206203105203,156.864118630266,149.744045160523,156.609817577644
2019-02-11,158.846657063816,159.869206414356,155.970737015424,158.399291722955
2019-02-12,161.998532403266,163.026890556063,160.198918490349,161.034459489496
2019-02-13,162.460103715604,163.172932308918,159.738407501653,161.617682884026
2019-02-14,157.852338193416,161.682602620071,154.930937087444,158.631388009903
2019-02-15,161.718477535857,164.355366505943,160.496478872754,164.033768954577
2019-02-19,161.091192002731,165.799330819568,160.568049483016,163.641434951704
2019-02-20,164.882379778718,170.368662171830,164.751740944876,170.107397566724
2019-02-21,169.641349883917,172.437649296407,165.180621092698,168.043485429941
2019-02-22,170.822704326597,174.660673279121,170.359501177154,174.263642008171
2019-02-25,178.777733973095,180.125193139809,170.894926717079,171.097036159683
2019-02-26,168.627057086137,172.432180551457,167.492209053054,169.561635463151
2019-02-27,167.900243712135,170.824319776191,163.314815770464,169.295839365256
2019-02-28,169.229422541608,172.815213860355,168.830988003261,169.627843799246
2019-03-01,174.014770794054,177.471150810955,170.824291727912,177.205263153915
2019-03-04,179.514568998006,181.552191801615,163.553176785579,172.858334506214
2019-03-05,173.596198786865,174.266958885194,169.169093595786,171.919265002365
2019-03-06,171.919265002365,172.053027550584,165.831851575721,166.835257992391
2019-03-07,164.990318330548,165.319771841592,157.281092993992,160.773326567333
2019-03-08,155.599581628740,159.867925730083,153.012735028038,159.803241307411
2019-03-11,162.833603357622,172.118116873162,162.833603357622,171.602323461901
2019-03-12,173.271606699107,176.610173173519,172.470324036716,176.476630514542
2019-03-13,177.559918711196,179.861948445559,176.612043231783,178.169289480051
2019-03-14,178.237305382617,181.774839822941,177.829141937712,181.094558344165
2019-03-15,182.123296103444,186.855566609573,181.437461786134,184.592299645762
2019-03-18,183.207497353423,185.561651556880,180.091723353401,184.038398115865
2019-03-19,186.942070400921,187.426018086276,179.751976677134,182.379135081855
2019-03-20,182.585588262767,186.508460224905,178.456263119717,180.796221833974
2019-03-21,178.123863868357,185.181652266938,177.986805462857,183.125981751486
2019-03-22,179.057281723869,180.988190211552,160.506781830834,161.885974594772
2019-03-25,162.274280916417,165.380627944674,157.355911064790,161.821271974796
2019-03-26,168.162129493201,171.656071391097,166.479874112517,170.685531975015
2019-03-27,171.349820535769,172.213351822580,161.053527198411,168.227713456597
2019-03-28,169.282846116458,172.250419911475,166.842865029687,171.656894601145
2019-03-29,174.854229075672,177.518661148884,173.788450917496,177.119007661795
2019-04-01,179.013328599354,180.704686579318,177.524920046122,180.163465556593
2019-04-02,179.617605415499,181.459837335895,178.594156883664,180.709298405363
2019-04-03,183.784329007837,183.989317381199,176.745939295644,179.410952150985
2019-04-04,180.500354516987,182.406808657491,178.049199193482,180.976968052113
2019-04-05,183.575555235704,185.011595339124,182.276241128855,184.874828312446
2019-04-08,184.460141977926,186.257070019455,183.008802007984,185.842397507352
2019-04-09,183.139991279617,184.317949366547,178.012334835164,179.190320639080
2019-04-10,180.686988403744,184.360566854155,179.530469311516,184.020431787666
2019-04-11,186.639939713469,188.294351984987,185.399120169667,187.811811051287
2019-04-12,191.781137572182,196.864688866147,191.432964962723,196.237953099690
2019-04-15,199.298055249201,199.511536514971,190.829386230312,198.728719686026
2019-04-16,199.946142564916,202.381016968276,198.728719686026,199.802943304417
2019-04-17,203.393292560908,203.752313125160,195.207267533315,198.869438136332
2019-04-18,199.370910062469,202.236478253874,195.430773499969,202.021547386332
2019-04-22,199.711079367618,203.971004777122,198.122618164326,203.754398400368
2019-04-23,204.987061753366,206.944858731192,203.971929786560,205.204622143744
2019-04-24,205.204622143744,205.568445559847,200.183643609437,200.401960944729
2019-04-25,197.957157777294,200.473852539047,190.407001586062,196.303291578110
2019-04-26,198.295871467218,203.134973722748,195.235859923314,203.063782198364
2019-04-29,201.688810214576,203.425620739766,199.734882091002,199.879617507563
2019-04-30,200.525780064160,201.171942620758,194.279556376217,199.736025828319
2019-05-01,201.960911472545,203.252772221705,192.056631374984,192.056631374984
2019-05-02,194.026789743613,194.871177506629,184.387031514250,191.564088264662
2019-05-03,197.045379124766,201.964486306910,196.553468406551,200.980664870481
2019-05-06,180.832241681222,191.194280902567,178.817369139640,189.539230672699
2019-05-07,178.642558483666,180.528520977922,153.356690968089,158.385938256197
2019-05-08,161.629323459787,168.688483644698,158.385938256197,162.901244213825
2019-05-09,154.001651299530,164.126550484634,149.035923514608,163.610644952780
2019-05-10,162.059513984626,176.471972867144,157.858582213064,176.471972867144
2019-05-13,154.203382245952,160.038816274303,148.837453562575,150.313097365326
2019-05-14,155.681409709879,160.124173514742,154.632414384374,157.964490323265
2019-05-15,153.790888897591,165.299898363538,152.779106733791,164.667547158440
2019-05-16,166.152201640856,173.123635598764,166.152201640856,171.897168985859
2019-05-17,165.171604883062,174.139019291006,165.105681296736,169.391558398634
2019-05-20,165.202586158908,170.111538002336,161.929951596622,167.166166896279
2019-05-21,172.692871747344,176.008873851614,172.237732418761,175.163641106492
2019-05-22,174.564791074175,178.823266885093,174.099018826818,177.359411250541
2019-05-23,170.396249966306,170.597136783035,162.227968641730,165.039995746540
2019-05-24,170.203533740956,171.752611920822,166.459972244945,168.783583060305
2019-05-28,170.154202298699,172.569125860857,163.562100602413,163.562100602413
2019-05-29,159.900262385397,163.112401172253,157.202078652994,160.221501961193
2019-05-30,163.972719516982,165.625785723881,160.157909286629,163.464067132409
2019-05-31,155.758041575195,159.803704992732,154.345283066415,156.464427251273
2019-06-03,157.029734294734,159.981905861853,151.816359678527,155.396637620447
2019-06-04,160.091399897207,164.222790700756,157.900498315353,163.972390859963
2019-06-05,165.643597981829,168.278983330814,162.494003956875,167.636219271966
2019-06-06,168.870975867788,171.470503798830,166.986353536173,170.950587814561
2019-06-07,171.541204071526,172.591188528352,169.244376197025,169.506885436037
2019-06-10,171.924665165404,172.447444245045,168.918760605086,171.401886085764
2019-06-11,174.490221617771,174.687335437051,168.182158863300,170.547682396227
2019-06-12,169.695599432679,172.120745527654,168.253599770014,171.465310203124
2019-06-13,173.436931248005,174.225566521817,170.742382486668,172.516841427060
2019-06-14,171.528004161193,174.428581169037,169.814055604168,173.967129930982
2019-06-17,174.562907750541,176.945992549763,173.900919155969,176.217846138205
2019-06-18,179.149244888062,180.548327923599,176.550947822066,177.150554837296
2019-06-19,179.154520389754,183.830440012156,176.749761726804,183.162438134900
2019-06-20,186.490208410715,188.120116473652,177.050245546515,182.483317698573
2019-06-21,181.398721456680,183.635687648132,177.467046522363,178.212719996118
2019-06-24,179.820352125382,181.561953598751,179.016549457684,180.490198845908
2019-06-25,180.422788874350,180.422788874350,174.490711377267,175.097401121287
2019-06-26,178.748721334243,179.678135020013,175.429339322465,176.557942483998
2019-06-27,178.091186664560,181.024374950751,177.157912815264,179.557767474981
2019-06-28,181.507303739782,183.524038039433,180.431704942642,182.582889091936
2019-07-01,193.360953677049,193.564326687701,189.022618672142,192.683088832532
2019-07-02,192.613463967847,200.201056700053,192.404645062543,199.435364176959
2019-07-03,199.576955137388,201.701272725538,197.948333368098,201.134781426465
2019-07-05,197.010412645917,201.134781426465,190.823809698060,199.925924768415
2019-07-08,195.530362049814,197.728143409114,193.049026186844,194.396030601991
2019-07-09,189.642729431093,194.955256484747,188.943728533318,194.046537143252
2019-07-10,197.189273933407,200.751028327864,196.840094924442,199.493933611801
2019-07-11,202.963407610990,204.804331323221,199.989570731534,203.246642983326
2019-07-12,205.033269529008,207.320137214469,203.389573106980,206.819896074690
2019-07-15,208.045374201823,208.694164372542,205.810666920238,207.108218426558
2019-07-16,208.623145483938,211.508637013831,205.881886690494,206.314729175860
2019-07-17,209.194696935794,210.058705983659,201.706728920286,201.706728920286
2019-07-18,201.849101770852,207.045710816499,198.716913295692,203.272844513794
2019-07-19,207.560561625904,208.346611891509,200.914622255265,201.057545682590
2019-07-22,201.412896581451,206.387809165506,200.275773705096,204.539970277392
2019-07-23,208.625752056194,212.639853452912,205.400120526327,212.424797970583
2019-07-24,210.379808435525,218.998040177781,209.941607869363,217.829466382221
2019-07-25,216.276446930846,216.276446930846,207.254143451426,210.877870295297
2019-07-26,215.243103900824,218.371531746211,214.879333221128,216.625417932842
2019-07-29,216.846629505682,217.141573353983,213.086268710687,214.634675988290
2019-07-30,210.377929977491,213.460405275900,208.396348150333,209.277036506242
2019-07-31,209.711837101091,213.190125916925,190.943570365653,197.900133504451
2019-08-01,197.547949442264,206.282477652989,176.697818955583,182.192110097344
2019-08-02,182.394709344458,183.610196781414,173.548451797692,180.841524982307
2019-08-05,167.184235261760,169.202542472695,152.719617274649,155.208865974413
2019-08-06,159.310481651815,163.039223176726,151.977289986157,162.728494716316
2019-08-07,152.168318749581,163.364637171932,148.542234230883,162.664891921548
2019-08-08,165.972226812352,173.032169059584,163.809747421099,171.950929363958
2019-08-09,169.205453818065,170.905038898334,162.341810711040,165.937046112991
2019-08-12,163.561484976861,164.010917891442,153.224527941501,153.930779664414
2019-08-13,151.088220104172,164.992044040139,150.964630558074,164.683082533849
2019-08-14,153.376279812970,156.506395326752,141.239047668785,141.239047668785
2019-08-15,146.252765480293,147.373464439532,139.646446902501,145.898845023487
2019-08-16,148.776061359201,154.410598028239,148.356467310243,153.571421918724
2019-08-19,160.764331077561,165.805494361409,159.842152517487,165.498117902117
2019-08-20,164.350154122756,165.243002084884,160.332268139840,160.906250029520
2019-08-21,167.822879698140,169.772127815438,166.628199522559,169.583504693578
2019-08-22,170.486904639799,170.938611065859,161.517318513944,165.969840379204
2019-08-23,160.926910613836,167.948724319867,142.351055402164,145.798121317732
2019-08-26,153.619408398914,153.679100848420,146.096643269652,150.037133034996
2019-08-27,153.246819435917,153.549618897138,143.617796569089,147.433045556517
2019-08-28,144.131421635848,150.794723233203,141.850279353328,150.554604256722
2019-08-29,155.225315186524,158.500878695735,153.830167765934,156.923743392917
2019-08-30,160.019496985034,160.143339511733,152.403955531440,156.428435201192
2019-09-03,150.432166394824,153.028501334218,147.774026614681,149.195809947596
2019-09-04,155.170897173114,158.792142771746,152.636004733612,158.248954121323
2019-09-05,162.660316305591,166.512457605530,162.287514809007,164.959169812691
2019-09-06,167.052064703881,170.413426481559,165.720227112865,169.652343812808
2019-09-09,172.610674355704,172.867892528576,166.629740882182,170.617021289734
2019-09-10,168.617716136309,171.906887260550,166.166996589077,171.261941376482
2019-09-11,171.585042015595,175.397324574524,171.261941376482,173.846552644510
2019-09-12,177.687386423213,180.616835915444,175.343826829428,178.208190463830
2019-09-13,180.910311595044,183.348797971404,179.460379758192,180.646676840189
2019-09-16,177.793487821225,181.708328568175,176.731836093239,178.257960452219
2019-09-17,177.730654356745,179.576192735098,176.082864003147,179.444369506810
2019-09-18,181.097625168380,185.528337115342,176.336248863058,185.197699209073
2019-09-19,187.951818058392,191.310499581952,186.944227036051,188.086165319335
2019-09-20,190.184674854023,191.064662226593,176.984444566277,178.338326489480
2019-09-23,178.140622334657,182.819023239236,177.284044901302,179.524393276180
2019-09-24,184.945494254467,184.945494254467,169.806064885591,171.260519833670
2019-09-25,170.873185746836,176.618449859414,165.515229899680,174.810951037479
2019-09-26,175.267461635227,175.658769476456,170.180642303485,173.637066643271
2019-09-27,175.976926047785,176.756879182623,164.017644646938,169.022356928033
2019-09-30,170.689484131730,175.690891391128,170.625376185582,173.446677254714
2019-10-01,178.252926573637,178.837468829878,165.457933086083,165.977513212914
2019-10-02,161.404092541972,161.404092541972,152.447798220064,154.162835735660
2019-10-03,154.958095703875,160.341571830446,150.675819351441,160.096856691145
2019-10-04,161.592810255308,169.134846624330,161.530466910050,169.134846624330
2019-10-07,166.188915937197,171.248244490885,164.908076508008,167.149532700694
2019-10-08,161.101488765612,163.075043841317,153.780128863642,154.034784417353
2019-10-09,158.492480854406,162.705907739576,156.538422142273,157.332270706944
2019-10-10,159.430445640939,165.539825018305,158.875046393705,164.737569318984
2019-10-11,170.419276448470,177.363557104535,169.219820234830,175.027761990196
2019-10-14,174.052120431145,180.751449487460,174.052120431145,180.621365680704
2019-10-15,183.726427974510,187.756358866235,183.726427974510,184.387063502138
2019-10-16,185.521739774400,187.724385918466,183.452613225566,187.590893021813
2019-10-17,189.408568999415,191.293552845255,187.321594227531,188.398735547592
2019-10-18,187.589157310248,190.490194344680,184.418242872441,188.668612950967
2019-10-21,190.356469570675,193.867211339668,190.356469570675,193.867211339668
2019-10-22,194.962119698805,196.125473516742,190.308759172473,190.650904348349
2019-10-23,189.361589815026,193.093855382702,189.022292945238,193.093855382702
2019-10-24,194.801139692010,195.893801649967,191.113391925631,195.620622502203
2019-10-25,194.452136354887,202.013004277306,194.452136354887,201.875561195613
2019-10-28,202.922800669276,203.341702044093,199.362152946710,200.060307941360
2019-10-29,197.836257271176,201.589342777111,197.210743020187,200.129823425120
2019-10-30,200.268822932247,205.482347154384,195.263867484459,205.134792775640
2019-10-31,202.882884244312,204.219940860359,197.323470983168,201.334683054596
2019-11-01,208.306105839430,211.652416661842,207.260406364550,211.234117351906
2019-11-04,214.446546391331,214.874839804804,209.092521787954,210.591634399501
2019-11-05,209.593738687335,210.163950552920,206.101103694756,206.172396215564
2019-11-06,206.948143190353,207.794398512906,203.069380107426,207.159696442623
2019-11-07,211.259754781382,211.754591114806,207.583827733091,209.280423585868
2019-11-08,208.143609198710,213.827681134500,206.509438517171,213.046107033149
2019-11-11,209.031807848478,216.343619304925,208.673385718260,213.906348819443
2019-11-12,215.989356994367,218.647053503127,214.840095252867,216.492159006273
2019-11-13,214.541157039849,217.648354352262,213.529482499088,215.480513369673
2019-11-14,215.192177508145,218.724630640382,212.957336680428,218.364174767885
2019-11-15,222.500684559101,228.451453030675,221.412114836817,228.378897197530
2019-11-18,228.378897197530,230.233826451736,226.301346753952,228.378897197530
2019-11-19,230.233826451736,230.604797463143,224.965797690924,226.004587752147
2019-11-20,225.340302571435,228.514109545949,215.671247956953,224.011732210010
2019-11-21,225.481354940056,225.848797363871,218.941402992313,223.350388754621
2019-11-22,226.798936253457,230.174168475975,224.450969037507,230.100779825681
2019-11-25,237.026143101988,240.749456691400,235.090034928748,239.781380264899
2019-11-26,241.529420782632,244.645438818278,240.237398104350,243.657417899571
2019-11-27,245.266223362828,246.108930986439,244.270280849331,244.346905955253
2019-11-29,242.275519311362,243.272868964988,239.130080333602,239.360234405145
2019-12-02,240.119520754423,240.347286918156,223.415539964200,227.971166947327
2019-12-03,209.526073535255,214.563291846358,205.229607807496,210.192764194078
2019-12-04,220.000546578152,225.686262434131,218.294854564107,223.198759970363
2019-12-05,226.639344331992,226.932174663128,219.172544228031,226.126931514662
2019-12-06,234.894953263784,236.000182683003,230.989861383768,234.526548369443
2019-12-09,233.176107591884,234.076401443590,221.697375987528,221.997443928302
2019-12-10,222.070423994272,225.718697638066,217.108771838713,221.340754672419
2019-12-11,223.672220412697,227.897934673863,222.215072539372,226.003657010018
2019-12-12,227.181526193853,240.138072492673,225.561941342715,239.181039057443
2019-12-13,237.591308358607,250.157870707140,235.168838508287,249.855046835414
2019-12-16,257.745237395243,260.375275130351,255.037783270472,255.501956719530
2019-12-17,257.848491624214,258.865368261731,253.781125868118,256.988068376620
2019-12-18,260.125911710029,260.518171543839,254.164086253330,254.164086253330
2019-12-19,255.334223933293,260.873081570923,254.320079646722,260.873081570923
2019-12-20,261.584369733791,262.216613585240,256.684586573546,256.684586573546
2019-12-23,258.017245640814,258.644310152813,255.979117440587,256.214268592310
2019-12-24,257.702308435229,259.973518898940,256.449219778548,259.346966738893
2019-12-26,261.710723393004,261.947149485896,259.110603680352,259.346966738893
2019-12-27,260.686430944034,260.686430944034,251.310055439345,253.437496310678
2019-12-30,251.801913256294,251.957667494016,241.754760207934,244.480716388260
2019-12-31,241.727296776191,255.800360942538,240.732991063946,254.423651136503
2020-01-02,261.756371996873,265.578818967712,256.295831534513,265.500795199427
2020-01-03,243.671157149363,257.215083279748,242.874471546312,251.877198915333
2020-01-06,243.499377227463,254.359511855604,242.878783477939,254.281924061764
2020-01-07,253.190752586863,258.490728322097,250.073119801432,255.762815223008
2020-01-08,258.107797471500,267.409700049102,256.231802292653,260.765510722398
2020-01-09,266.605884528790,270.394276914395,264.396007386163,270.236381192554
2020-01-10,270.798704237911,274.493969964541,268.469080192862,271.441375213263
2020-01-13,274.178702272643,278.767804567514,271.924422510610,277.399141037824
2020-01-14,277.887497010993,283.258843024188,275.445928744909,279.840709303908
2020-01-15,280.576346626498,283.437334634082,279.431971041332,281.066826002301
2020-01-16,284.917007231387,288.275751608230,284.671264229327,288.030008606170
2020-01-17,287.864114603398,288.444569476638,281.562082875786,286.537393776272
2020-01-21,283.146402160655,290.672729232706,282.898282033269,284.717846175441
2020-01-22,289.499572546296,289.829345641620,279.029243792446,279.029243792446
2020-01-23,278.376401850920,284.170792340202,273.316464666708,283.354695027044
2020-01-24,287.877810389107,288.782440040644,261.067844184288,267.400301088485
2020-01-27,244.321703296425,250.710210534922,238.971285760828,238.971285760828
2020-01-28,245.227260819617,254.045990930574,243.493703341622,253.066091830223
2020-01-29,257.718042190213,259.888998877712,248.724302507234,252.368330289227
2020-01-30,242.844981877843,256.781582133117,237.502624382607,256.781582133117
2020-01-31,249.987163543563,251.080500126353,218.826641402825,226.948655094130
2020-02-03,234.130110992538,242.044383169265,231.052358834967,236.401810677659
2020-02-04,247.169425245813,251.880308027335,245.823471555414,248.739704551279
2020-02-05,257.634234873518,259.091125757626,250.273272288722,259.091125757626
2020-02-06,261.281824614593,262.611885630339,256.039710819632,261.438272926167
2020-02-07,253.893399134571,260.102214460604,250.592525692415,257.115727133222
2020-02-10,254.154056533597,261.947803473449,253.764415949086,260.233179146682
2020-02-11,265.172858228779,266.505763360490,259.684329400098,260.468447510910
2020-02-12,265.645623331692,274.195890838397,264.076788354200,273.489876661684
2020-02-13,264.329351925550,271.320310840055,262.641902913674,267.945332460823
2020-02-14,270.649472785019,272.399190056942,265.718419569284,271.603816304688
2020-02-18,266.959695045193,270.402786079898,261.194503344798,265.678512863991
2020-02-19,271.142557892224,272.805523298018,268.370964720332,270.113134792740
2020-02-20,268.835594755368,271.230954379951,251.269890322613,260.451915913583
2020-02-21,252.456131762620,254.651061509668,237.170013881394,244.225129533121
2020-02-24,206.897164755841,220.326133152939,197.261675082252,197.868649279825
2020-02-25,206.765451280645,207.987883592152,174.574004796221,179.939257196028
2020-02-26,186.473080074175,192.748150115702,177.804426614745,184.855793980998
2020-02-27,168.530539244303,173.316661947127,155.483424517090,155.680101378514
2020-02-28,137.516435071992,149.925284600771,133.919679081863,148.486589398255
2020-03-02,152.583554890390,155.100276645397,143.745776247094,154.515004222008
2020-03-03,154.694082843861,160.842460799382,133.383726843375,137.144377902284
2020-03-04,143.263386167265,146.968473740557,138.379418320919,144.722966120380
2020-03-05,132.444152004050,135.672376325160,116.879443439022,122.240620833642
2020-03-06,100.120617891062,111.365392480228,95.580478423267,109.359273784831
2020-03-09,69.225151360237,88.918297069981,67.928903639163,82.187718311894
2020-03-10,92.669754769269,93.054817726508,82.743916558233,90.273877835398
2020-03-11,83.017909791097,83.958513834775,75.851548251899,78.942036570837
2020-03-12,64.942265335898,72.757067675880,57.294616185217,60.219951622432
2020-03-13,68.430119200986,68.610952662921,58.158367693016,66.657887618098
2020-03-16,48.948316813848,53.812746191655,37.889340650240,40.625582175256
2020-03-17,43.417421687123,45.518496783683,39.618217402933,42.525184317351
2020-03-18,37.255535308832,40.022837022803,28.188206288587,34.812066774156
2020-03-19,33.062849867346,41.570404823192,31.207619814669,38.575533452443
2020-03-20,40.247279214195,44.259469042402,38.157597012005,39.745755485670
2020-03-23,42.375677406813,46.985110451398,40.000264058684,45.797403777333
2020-03-24,53.821417767729,56.062078078501,48.219745795308,49.037286226374
2020-03-25,47.909992290136,48.223129494647,43.025051899769,45.310953492697
2020-03-26,46.273416494202,49.702190937061,45.972646806231,48.980343685933
2020-03-27,43.887012891159,46.480549430829,43.887012891159,44.293229457614
2020-03-30,44.144843429280,45.777089740951,42.750014762943,45.480317684283
2020-03-31,45.239760632069,48.517350468490,44.969133948328,47.765609680320
2020-04-01,44.469305110314,46.872218722094,42.928975871994,43.729947075920
2020-04-02,44.260007040477,46.203560243851,43.464917093642,45.967978037381
2020-04-03,46.420715838144,48.352397121395,45.454875196518,47.929841840684
2020-04-06,51.319287422475,52.058802822138,50.394893172895,51.380913705780
2020-04-07,52.879457264062,53.070754320253,49.531647187049,49.786718431012
2020-04-08,50.100533233602,51.387180200520,49.347377707385,50.822313555857
2020-04-09,50.949118866286,52.027071800225,50.251626249931,51.741731317711
2020-04-13,51.965652270797,52.989303708957,50.718092675034,52.861342480881
2020-04-14,56.029789920102,57.711006928668,55.544817009104,57.290702676527
2020-04-15,53.120443989266,54.095734544792,50.833524246382,52.178764427726
2020-04-16,51.794036210748,52.274952894108,50.287184027581,51.922285361877
2020-04-17,53.841180677779,54.256942715431,52.274084009121,54.129015934615
2020-04-20,50.929592797346,52.398722195935,48.350465982608,48.415760332349
2020-04-21,44.870512043129,45.209622749054,42.527565347644,44.500573091210
2020-04-22,45.888447633537,47.010558965631,45.268333476327,46.626678773073
2020-04-23,47.200824525949,48.107370451543,45.841005637557,46.717333365632
2020-04-24,47.624759717829,49.439612422224,46.989561271291,49.258127151785
2020-04-27,50.810542126628,53.698033979837,50.655300629144,53.108122499057
2020-04-28,54.686701342230,55.073300100467,51.465098716968,52.044987189515
2020-04-29,55.074566713414,56.477734009579,54.915115159525,55.393463443131
2020-04-30,54.078101264105,54.078101264105,51.381601891417,53.519062966017
2020-05-01,48.994510693140,49.996370806859,47.540188242111,48.639009649555
2020-05-04,47.069512976270,49.808438543375,46.546347418508,49.623791875930
2020-05-05,51.488757480563,53.042900664902,51.333349378702,51.706337526371
2020-05-06,52.531107587371,52.943495790039,50.818136791223,50.818136791223
2020-05-07,52.673501933972,53.585461071933,52.390480132536,53.113758069539
2020-05-08,54.624406559263,56.842167108006,54.238715500817,56.842167108006
2020-05-11,55.213839239045,60.763462471201,55.014444692958,60.630530558389
2020-05-12,62.414286013784,62.757329630249,54.284484356522,54.284484356522
2020-05-13,53.214992511350,54.252082190874,46.376774396527,48.483336476034
2020-05-14,46.220474981725,51.021410854785,44.599776884450,51.021410854785
2020-05-15,48.544034421148,52.338497060010,47.760054537085,52.338497060010
2020-05-18,55.736681961540,56.276587858215,54.720406816989,55.609659478020
2020-05-19,55.184277511202,56.525846151650,52.566589147247,52.566589147247
2020-05-20,55.110640184184,56.001060273162,53.997608712818,55.778455250918
2020-05-21,56.040409344078,56.531554441273,53.191716700572,54.566947857737
2020-05-22,53.984036842046,55.052700560690,53.109670318509,54.890787310898
2020-05-26,57.456688019514,57.554120790979,55.183105113146,55.475422915393
2020-05-27,57.042709731131,57.108013348453,53.124486161424,56.781501792203
2020-05-28,56.352083039058,56.715431778662,53.841680171770,54.436237623896
2020-05-29,54.112892496883,56.538029452217,53.175166407122,56.538029452217
2020-06-01,55.022441250118,56.439186743385,54.725913123621,55.977927358347
2020-06-02,56.305756374578,57.649882223644,55.682875342698,57.518741437755
2020-06-03,58.781435721206,60.376409579386,58.415920878706,60.143809225068
2020-06-04,59.770139695852,62.317886485957,59.158673672236,60.585418668686
2020-06-05,64.301694837493,64.506246485127,63.040195273673,63.790274805352
2020-06-08,63.930165758873,64.244920404294,61.691917497092,62.356392531767
2020-06-09,60.523906363659,60.973377187964,58.760563701946,59.244616652013
2020-06-10,58.739266949771,61.737715162381,57.627476042965,59.547830516209
2020-06-11,52.860098745941,55.595995770881,38.234914306650,39.383312691443
2020-06-12,41.131291745689,42.018727265538,35.349514873951,40.754803949390
2020-06-15,36.925493511192,42.204471472422,35.448473770745,41.848892646018
2020-06-16,44.564913493243,44.869772976095,40.296880733318,42.791185593015
2020-06-17,43.127462100622,43.239554269824,41.362010435684,42.707116466113
2020-06-18,41.923242810884,43.407003658281,41.475315007896,43.407003658281
2020-06-19,44.451255371777,44.761708583897,41.233831173439,42.701428176189
2020-06-22,42.309543551826,44.632859539124,41.749708374164,44.604867780241
2020-06-23,46.521203875962,46.578407938520,44.890888093035,45.205510437109
2020-06-24,43.621877905872,44.859990612112,40.137886337153,42.124625330885
2020-06-25,41.541297185848,43.930164827428,40.652416202935,43.874609765996
2020-06-26,43.761238681330,43.874609765996,40.643533852997,41.238732047497
2020-06-29,41.815497530678,43.133818635094,40.469711403254,43.106353612085
2020-06-30,42.685256051563,45.604865804515,42.572963368758,45.324134097500
2020-07-01,46.014787569462,46.906881637413,45.237802413505,46.647886585427
2020-07-02,48.545328780704,49.245916983754,47.027375024483,47.465252138599
2020-07-06,48.996377431400,48.996377431400,46.846896543577,47.347466474936
2020-07-07,46.994571985367,48.288534131580,45.612372982997,45.730006440077
2020-07-08,46.539131356553,47.001488451682,44.978676160493,46.914802275809
2020-07-09,46.914802275809,47.178204143645,44.046642750435,46.124590818924
2020-07-10,45.805389498378,47.372383602901,44.876803838607,47.343359497373
2020-07-13,47.960683980933,47.960683980933,42.639890065780,42.845666853413
2020-07-14,42.873597535846,45.415289637320,41.951885015532,45.359428272453
2020-07-15,46.709582248897,46.795768035282,44.727441304755,46.623402207847
2020-07-16,45.545909464755,47.584403424698,45.487666613777,47.409680696049
2020-07-17,47.820789726551,49.112840806569,47.380309892313,49.054110945069
2020-07-20,49.651427285681,52.100393819362,49.412509111782,51.383633324559
2020-07-21,52.514280986300,53.094880866395,50.130746710810,50.741898689355
2020-07-22,50.529335366745,51.409960919368,49.709460411723,51.409960919368
2020-07-23,51.837861734397,52.174080433627,48.598007219850,49.637209759242
2020-07-24,48.045684161559,49.487054956663,47.355033327950,49.427009851623
2020-07-27,50.056265540351,50.925251950900,49.456968700640,50.895281115946
2020-07-28,50.834474328472,52.689081346436,50.408826816152,51.108104872106
2020-07-29,51.839308757012,52.326778013617,51.199511451085,52.052576556777
2020-07-30,49.746644340735,51.283932484763,47.133248346736,50.884237567316
2020-07-31,52.282484133175,52.373686681799,49.607578187997,52.282484133175
2020-08-03,52.590578021589,52.898665748248,51.758741159609,52.190063976932
2020-08-04,52.405534603790,53.944610509922,52.405534603790,53.790702919309
2020-08-05,54.634356116417,55.071805922325,53.946934992848,54.946820263494
2020-08-06,54.725769837147,55.673122491481,54.346826249123,55.546820593592
2020-08-07,54.784811603933,56.467561083110,54.657811163993,55.864315343419
2020-08-10,56.724011276319,57.711063201530,55.927996523634,57.392663668574
2020-08-11,58.877089336396,59.135257898601,54.488333497810,54.843306396519
2020-08-12,57.082465059768,58.217794103176,56.767086069450,57.870896766931
2020-08-13,57.449893302998,59.198656495341,57.061287176438,57.903274673674
2020-08-14,57.384979627644,58.227202598755,56.801897700860,57.935661635363
2020-08-17,59.166963006955,60.236251892877,58.745724063713,59.847408966270
2020-08-18,60.374263764699,60.999910423520,58.991276504507,60.473055625090
2020-08-19,60.936450687351,61.366752722237,58.917372201784,59.248362054899
2020-08-20,57.053378019784,60.165678106290,56.758528537905,59.969111785037
2020-08-21,58.947385777060,59.969111785037,58.617788024011,59.672479739934
2020-08-24,61.349233680007,61.414988478618,59.277950948265,59.869744135768
2020-08-25,59.606284329918,60.594247075777,57.926776641813,60.264923965047
2020-08-26,60.694443708219,62.049082898223,58.480758423876,58.844204814555
2020-08-27,59.497122482401,60.019456616677,52.249729840142,56.918097694412
2020-08-28,56.372351692830,58.170096806912,53.900443332723,57.239131174707
2020-08-31,55.822626942036,57.013780277245,53.923240806283,54.438328571911
2020-09-01,54.469720453939,54.846347712818,53.214296257675,53.590917239433
2020-09-02,53.715481097421,53.871171907173,51.722559015715,52.251935171550
2020-09-03,51.544776984434,53.358759916898,43.397232674155,45.180470133188
2020-09-04,46.264003023728,49.685685835960,41.844329391261,49.001343570709
2020-09-08,45.144143903956,50.395877683664,44.817764968494,50.247523622091
2020-09-09,51.569431567904,53.672466936242,51.028651044616,52.801209426502
2020-09-10,53.324609496760,53.724839585425,51.015518705513,52.123882285312
2020-09-11,53.745100110560,55.488680577640,52.185048311662,55.396919302462
2020-09-14,56.058839165777,57.130529151049,55.554514466826,56.437082689991
2020-09-15,56.850657704066,57.232419255520,55.514485911284,56.437082689991
2020-09-16,56.850657704066,58.155009671535,56.596143640404,56.659776928339
2020-09-17,54.747210618522,58.126071390645,54.651575927810,57.902938654499
2020-09-18,58.354059604666,59.610717775613,56.517392466020,57.967389107667
2020-09-21,55.517154640379,56.323152820408,52.486595035486,55.936280141980
2020-09-22,55.999597537643,56.157935357846,54.068043322533,55.524628408078
2020-09-23,55.871663645246,56.029397757243,52.590656566061,52.653752734706
2020-09-24,52.745885285423,54.588530157591,52.070240437996,53.667204650422
2020-09-25,53.605197477977,55.310407121638,53.264170430967,55.031374845637
2020-09-28,55.533657759101,55.596443123284,54.780227110369,55.219718381113
2020-09-29,55.125385738384,57.137949620871,55.125385738384,56.414684475602
2020-09-30,57.145691654723,57.781350071349,55.747243138144,56.414684475602
2020-10-01,56.954987773151,56.954987773151,55.206927127428,55.969723583964
2020-10-02,53.247214405106,55.399896081412,53.025614820780,54.418520162267
2020-10-05,54.761860936470,56.447321365096,54.293683726521,56.010356385306
2020-10-06,56.516944542137,57.530133520662,54.743863829718,55.282126806991
2020-10-07,56.414493429446,57.452513991183,56.099949941428,57.075060547364
2020-10-08,57.682235617168,59.471829473106,57.394623346079,59.343995405682
2020-10-09,61.201040554254,62.471650392751,61.070721596460,62.439077169250
2020-10-12,63.574940470571,63.808787998117,62.439077169250,63.541526044865
2020-10-13,62.766423897407,63.305625391291,61.485813609415,62.901224270878
2020-10-14,63.303577517814,64.376519509641,62.398276006322,63.303577517814
2020-10-15,60.478125598846,63.000850526496,59.973587340583,62.765396199915
2020-10-16,62.966352644525,63.837163904503,62.396969352915,62.430475490780
2020-10-19,62.564074696993,62.764500228827,59.223760510237,59.658008035144
2020-10-20,60.049736716304,60.539412257825,59.298910896984,59.625363434304
2020-10-21,59.951720103348,61.420325114045,59.201099764547,61.126604111905
2020-10-22,61.093569312559,63.009964346705,60.597941589857,62.514336624002
2020-10-23,62.614580088868,62.815046971243,61.010798252704,62.447525467298
2020-10-26,60.811193342287,61.512468997464,55.668449546996,56.035794591333
2020-10-27,56.762301511063,57.709912914998,55.530398473261,56.509609769478
2020-10-28,52.132210379992,52.956930261896,48.294061405368,48.389222123747
2020-10-29,49.384222760099,53.334954727962,48.477010444598,52.076583276113
2020-10-30,51.045063481044,51.803533918595,49.255073248424,50.256248158228
2020-11-02,52.550781871945,52.699777567641,50.703241205143,51.448219683623
2020-11-03,52.955638865246,54.854974974737,52.624000615612,54.191716564500
2020-11-04,56.449704754687,59.295382314956,56.325979374403,58.831418325159
2020-11-05,60.795692153357,61.375312038334,59.217831581810,59.861853676229
2020-11-06,60.608908822487,63.986903806045,60.381544212756,63.986903806045
2020-11-09,68.282896704128,71.102146448572,65.295834474895,65.295834474895
2020-11-10,67.024845118225,67.465581830239,64.583892904383,67.363881703418
2020-11-11,68.396799094184,70.187201174193,67.536028863411,68.878830423418
2020-11-12,67.834420561046,68.635134788864,62.473116600871,63.935297370924
2020-11-13,66.147475302910,69.029996776843,66.147475302910,68.091503751691
2020-11-16,69.681854375848,69.820153250338,67.192612926993,69.508996340582
2020-11-17,68.251540174722,70.906162096171,67.797475275813,70.836303808392
2020-11-18,71.470974524445,72.246690229296,68.050804554602,68.156575955381
2020-11-19,68.813597081799,70.473422455640,67.810785918437,69.401444985762
2020-11-20,69.471237231735,70.832042968405,69.226988795674,69.506136843984
2020-11-23,70.344184218626,71.496515945250,69.052183749383,70.309265287025
2020-11-24,71.784284838501,71.995001917283,70.379511337188,71.573574783621
2020-11-25,71.467263227606,74.372725030433,70.546026327836,74.231009359377
2020-11-27,74.844332446413,75.385513458551,73.112576297652,73.653757309791
2020-11-30,73.222493827920,75.127191758367,70.814693501877,74.947490255522
2020-12-01,75.636253192997,76.252508281737,73.968746673526,74.258741818167
2020-12-02,74.150500139981,76.243304889109,74.078326993536,74.872159438506
2020-12-03,75.451861588540,75.669242648526,73.350434048389,74.002598967177
2020-12-04,74.831053470095,75.911639096036,74.795040913051,75.191243876107
2020-12-07,74.319889505314,75.154944402782,73.956829419936,74.937096733400
2020-12-08,74.139715242210,77.474273039313,74.139715242210,77.474273039313
2020-12-09,78.395489127771,78.874521493769,73.826264698748,74.489540282438
2020-12-10,73.947659609326,75.898411247582,73.333529143130,73.839292144679
2020-12-11,72.076924922706,73.119954327427,69.055736302134,71.141802304882
2020-12-14,73.436122668080,74.000873128037,69.341630652244,69.518110317596
2020-12-15,70.983492843819,72.762870460136,70.215915175691,72.309315794018
2020-12-16,72.914109814267,75.119848016871,72.131418876475,74.977556097943
2020-12-17,74.832664694362,76.643716686532,74.506675335771,76.100401088881
2020-12-18,75.516557206156,75.553054746875,72.378389038463,74.348869440707
2020-12-21,67.424315444664,70.165280376859,64.070231108993,68.434140074578
2020-12-22,69.402133120933,70.128146919984,68.399575561697,69.851568588373
2020-12-23,71.248606945297,73.833107997910,71.073964053512,72.855186037673
2020-12-24,73.711040121798,75.137482614477,73.604064601937,75.137482614477
2020-12-28,75.861699314376,76.078957082178,74.884006769513,75.680652381568
2020-12-29,76.044057592298,76.116740088094,70.738235399200,72.155544067219
2020-12-30,72.616722289433,75.099937246408,72.226493471415,74.816146724565
2020-12-31,74.888380513341,76.296939394469,73.624281986385,74.852256395574
2021-01-04,74.888389228808,74.960647670153,65.820854367565,68.385786993763
2021-01-05,66.695538786536,71.145357740995,66.592061523749,70.558940592238
2021-01-06,71.224605021928,74.973260884116,69.157585309096,70.944324155714
2021-01-07,74.351900012661,75.195004538966,73.649307052466,75.089622620866
2021-01-08,75.631532342895,76.354054554379,73.211027299103,75.992793448637
2021-01-11,73.158055099047,74.248339079658,70.977479869263,72.467534642766
2021-01-12,72.928779435906,73.993167025729,70.835469887189,73.815775007396
2021-01-13,73.744161352283,75.498695902544,73.278679755416,75.069021133233
2021-01-14,75.466197258841,76.405018552437,73.552468103053,74.166315294820
2021-01-15,72.946061436607,73.915072203378,70.290207626060,72.012918955303
2021-01-19,74.099224979542,74.417475051036,72.755495383232,73.745620861217
2021-01-20,75.069528231595,75.820939179167,73.924521073391,75.391561494840
2021-01-21,75.391561494840,76.115096191678,74.197733947987,75.934214326287
2021-01-22,74.118909265429,75.897900963850,73.719542152041,75.062860635855
2021-01-25,74.196535236561,74.737991318364,68.637674687016,71.922464452759
2021-01-26,73.335465271927,74.430558922722,72.205060377548,72.205060377548
2021-01-27,69.302700107470,69.338101823838,56.666814541399,56.985366278359
2021-01-28,60.326426109474,61.793994446505,57.734769120964,58.109461174809
2021-01-29,57.636513851085,60.821032136787,53.253868651249,55.429420034412
2021-02-01,58.015408116328,59.185266024785,54.752143598644,58.446418444210
2021-02-02,61.385317196767,64.071425327846,61.164108812345,63.439401372354
2021-02-03,64.886806595327,66.827654239075,63.899941491210,66.728973649894
2021-02-04,68.212957220680,69.663220484236,68.010601650246,69.663220484236
2021-02-05,69.869943172773,69.938848438776,68.285122054693,69.835497430298
2021-02-08,70.145954059504,70.387420326664,69.007606186713,70.387420326664
2021-02-09,69.348477812089,70.837608894565,68.829020407183,70.041103846408
2021-02-10,70.386566261543,70.559287105445,66.724730988576,68.348378776000
2021-02-11,69.713292078482,70.429868320601,67.256442674333,70.361635963448
2021-02-12,70.050071539086,72.888769627713,69.773118460444,72.819526165312
2021-02-16,72.361763186516,73.382926754598,71.129331439959,71.903993165213
2021-02-17,70.784320224457,73.618499353702,69.559684943461,73.338574120557
2021-02-18,71.218458489851,73.727263281817,70.370402343663,72.985227404669
2021-02-19,73.654971294379,76.545475350009,73.443478047635,76.545475350009
2021-02-22,73.080906433949,75.318452404977,72.323030404653,72.431291190971
2021-02-23,71.940000667936,75.519454185099,68.360540132237,75.414183159013
2021-02-24,73.409336665181,78.528837106572,72.550126968025,78.242424327332
2021-02-25,76.638206628199,77.950754348161,63.549189087466,65.408638982677
2021-02-26,68.430053117338,70.156575480002,63.748521326270,68.695665301893
2021-03-01,72.913677798336,74.614486545598,72.777606295320,73.798091543677
2021-03-02,73.657147582926,74.714188530908,72.776291871018,73.234343888056
2021-03-03,73.690632635022,74.287310899689,69.864826987383,69.864826987383
2021-03-04,70.755909415005,72.332465700190,63.901376475355,67.123020666056
2021-03-05,69.574842952189,71.959498558306,65.074225329377,71.590044872851
2021-03-08,71.694056714317,73.115457120994,69.856629742758,71.659381478055
2021-03-09,72.457138387055,74.226084557073,72.144972640055,73.463005794056
2021-03-10,75.324155227366,75.324155227366,73.743928047283,74.305800646665
2021-03-11,75.435926838529,76.636685917384,75.329963381464,76.177565088650
2021-03-12,74.675817625972,77.500526791669,74.425527574050,76.284832253760
2021-03-15,77.716067380472,82.188677151448,77.143580485963,82.009779916784
2021-03-16,81.972697557759,84.271336673048,81.676105420454,82.973721046751
2021-03-17,80.922685245595,85.509547128180,80.437894965322,85.285790309742
2021-03-18,83.584610906348,85.285790309742,79.766415806195,79.766415806195
2021-03-19,81.154928770297,84.114646464763,78.962532571646,82.433822289865
2021-03-22,84.810820775915,89.750543619491,84.216569297366,89.193432858352
2021-03-23,88.421354738527,88.807397658792,83.209887265171,84.908434422531
2021-03-24,86.715813134900,88.410201496354,84.042406006424,84.042406006424
2021-03-25,83.630341594890,87.151626785535,79.472252062659,86.627188662936
2021-03-26,88.300401484889,91.342620443982,84.915932892899,91.342620443982
2021-03-29,88.024619274008,88.922431355295,85.214077106501,87.868478042480
2021-03-30,87.945035200435,91.811164021430,86.911513568046,91.581507858998
2021-03-31,92.714539847907,94.121081717476,90.526593642699,92.441045595491
2021-04-01,93.657899533221,96.444861753080,93.108356139043,96.444861753080
2021-04-05,98.208624293170,98.569390623949,96.605210361567,97.687509353904
2021-04-06,97.768192822295,99.462537590150,97.082375272628,97.405117214537
2021-04-07,97.687100597706,100.627784450750,97.405117214537,100.224959102891
2021-04-08,101.777551112947,102.758154034024,100.756098248933,101.736701170010
2021-04-09,100.789930331689,103.547906714877,100.213643271588,101.983693099753
2021-04-12,100.912124576748,104.003163846652,99.139928728670,104.003163846652
2021-04-13,103.337277243392,104.960375838838,102.796236054661,103.711838457726
2021-04-14,103.670287227075,104.584580539571,101.509191013970,102.631298663082
2021-04-15,104.284966842295,105.731942002324,103.788863908017,105.235822531281
2021-04-16,105.235822531281,107.579986152336,104.398640972007,106.868359222599
2021-04-19,105.855997135010,106.277809750259,99.823956096117,103.071978193982
2021-04-20,101.498044028271,102.367841467563,97.024765735905,100.503988628528
2021-04-21,100.095012048189,106.474919103350,98.827218184544,106.106847542475
2021-04-22,106.064833263413,106.652932356182,97.327619064100,99.595944871171
2021-04-23,100.572168134433,105.371972510508,99.880670893812,103.460177886471
2021-04-26,104.372094832276,104.703706269891,102.589727914265,104.164842865065
2021-04-27,104.580745278993,106.743489404348,103.083483279709,106.285979280777
2021-04-28,106.706090384340,107.672326597811,105.193720658907,105.655833630567
2021-04-29,108.504046838910,108.964785855733,103.058949367365,107.415010590455
2021-04-30,105.092303953245,106.359231007070,101.924965203090,102.938522049377
2021-05-03,105.583791898374,106.947755160181,104.343826048232,106.947755160181
2021-05-04,103.788605119642,104.588939978712,96.501507450532,102.356457101264
2021-05-05,104.375167936895,106.888246678889,101.944485219228,105.116732155844
2021-05-06,104.657524827125,106.076892934074,100.524650519430,105.784670088526
2021-05-07,105.700913421789,112.275811760625,105.491521754947,111.857036802607
2021-05-10,111.986168504007,113.837179624812,106.562284061701,106.992743154860
2021-05-11,100.595065358031,104.046444169478,96.049355341439,98.616827621278
2021-05-12,94.861918575517,95.104178847091,77.783138722220,81.538047767980
2021-05-13,86.106517704262,91.040479854550,86.033422185282,88.957257563606
2021-05-14,93.915210487945,100.741948414060,93.915210487945,99.788494461758
2021-05-17,97.812476684945,99.667506209996,92.408695025015,96.763989801349
2021-05-18,97.637518047340,99.940477086397,94.580133450802,95.572788209016
2021-05-19,88.864556814614,91.587308071485,81.209255083550,90.521880578427
2021-05-20,93.017190307847,96.472216239859,91.827115497709,95.666041730890
2021-05-21,97.204588381408,98.348635890767,95.547699878526,97.638537436682
2021-05-24,98.674693536946,102.181718362307,98.634849043179,101.464374005629
2021-05-25,101.789319959210,102.033021300747,99.392843551551,101.139436175697
2021-05-26,102.639892775765,106.411331102628,102.315459862834,106.168004390274
2021-05-27,107.247977273430,111.817014717183,107.081821847852,111.360101834717
2021-05-28,112.168154750396,112.635947999554,109.021059038156,109.148635148999
2021-06-01,111.927346893533,112.390465517622,106.454135211001,106.454135211001
2021-06-02,107.950854159486,110.902708215004,106.828314948122,109.322854844036
2021-06-03,105.994713393387,108.943700448783,104.393839280097,107.090039887352
2021-06-04,110.550618074900,113.385792072901,110.550618074900,113.010541220450
2021-06-07,112.924910956218,115.151297826255,111.897339222405,114.980037297791
2021-06-08,115.670997146341,115.886922099013,111.136573140231,113.382201285017
2021-06-09,114.883091685337,114.968857341159,110.980754345434,112.095716447686
2021-06-10,114.867188061536,118.576699107886,114.142347936780,118.534069479494
2021-06-11,120.594015854924,122.522459319625,120.374856024632,121.777384269029
2021-06-14,121.777384269029,122.265986299722,118.046105806336,120.622455860866
2021-06-15,120.003539099989,120.357196978822,116.422654713249,116.422654713249
2021-06-16,119.201860300555,121.286281861070,113.600041408675,116.118687787154
2021-06-17,116.422257382214,121.452982978222,114.860997714488,117.506465484802
2021-06-18,111.922353868254,115.063430285668,106.207346980820,106.818110143197
2021-06-21,110.682009260158,115.127570609781,107.482883599445,114.629011291246
2021-06-22,112.951513565033,119.446432056281,112.263309369663,119.446432056281
2021-06-23,120.938963786956,122.914382210095,120.412196661610,121.729127644372
2021-06-24,124.609512766595,125.141274537585,123.280108339121,124.565208148376
2021-06-25,124.654837720614,126.268501716662,123.130830191055,126.268501716662
2021-06-28,126.900286480898,127.532098322011,124.147488733466,125.501323543258
2021-06-29,126.941023257682,127.300939188164,122.981849043017,123.476745819850
2021-06-30,122.494991897412,125.707984450495,121.647130142722,124.413866044721
2021-07-01,125.892059550481,126.922300427621,124.772222772401,126.653539600882
2021-07-02,129.726667412785,130.630528533933,126.020836816078,126.834311825111
2021-07-06,128.191070375567,128.191070375567,120.140969642862,123.894659254067
2021-07-07,125.324900682333,125.503689799875,119.603943908276,123.715896953551
2021-07-08,113.086147078046,117.820410380150,111.790926542981,114.292042058969
2021-07-09,119.010422477992,123.900371787924,118.324112598861,123.428533746021
2021-07-12,123.161284903187,125.032080254578,122.448597566051,124.898460287457
2021-07-13,124.136756665863,126.780329472168,122.120458652253,122.702926822425
2021-07-14,125.545140605279,126.433309097532,121.059791130728,125.189857221026
2021-07-15,122.229437809851,124.337624240292,120.569808746011,123.619946807280
2021-07-16,126.205103444135,127.051976935622,118.093032231689,118.226738776871
2021-07-19,111.559334407445,112.561625263360,93.300209684473,101.405700973966
2021-07-20,102.130027380752,110.942657281901,100.319211363789,109.654965892060
2021-07-21,112.121941292492,116.930444303586,111.745623011070,116.763208459322
2021-07-22,115.814431416341,117.496339066101,112.666245302690,114.693151024668
2021-07-23,117.086607195846,117.172087468102,114.607687848467,114.778631296923
2021-07-26,113.581470246335,116.830922042865,112.213276415707,116.830922042865
2021-07-27,114.587923542529,114.587923542529,106.780494693836,112.991914309539
2021-07-28,114.349174592433,117.699919398706,110.828789216552,115.918523760284
2021-07-29,117.121301363139,118.753662646578,116.648778215423,118.023391008778
2021-07-30,113.775762540596,117.806675270605,113.515694986159,115.076048301002
2021-08-02,116.445491842309,116.745057616970,109.897848469454,110.753750682771
2021-08-03,112.180935645142,116.210634362423,109.326565720401,116.126682305813
2021-08-04,114.021156234528,117.415776568103,113.505497903966,116.298562686654
2021-08-05,117.373609485384,119.179679506877,117.158600125638,119.136686235302
2021-08-06,120.268204048921,122.313664534910,119.484856944789,122.183103782872
2021-08-09,122.315312731960,124.386586267684,121.081362540465,123.505193273759
2021-08-10,124.612863168591,126.783905023821,123.638104799780,124.657161103025
2021-08-11,126.348643774868,129.241954169807,125.369360584857,128.529763590470
2021-08-12,127.851854978649,132.687538600523,127.399930968536,131.241352844449
2021-08-13,133.022280649829,133.752921445066,130.510712049212,131.058683512630
2021-08-16,127.681832291918,130.784902278305,124.989470663617,130.739250777068
2021-08-17,126.591701156145,128.597123287079,119.755065876304,126.409381766503
2021-08-18,125.109905822715,126.633450357425,116.551170348318,117.805845120758
2021-08-19,112.228981259995,118.151705789431,110.283554987847,113.655620852283
2021-08-20,115.566164621233,123.250753580194,114.886863189168,122.529004299893
2021-08-23,125.876902731028,128.519996205587,125.744748497814,126.625785529522
2021-08-24,127.163085404864,127.834730398122,125.998907316990,126.983982461367
2021-08-25,127.253016322514,130.167540850478,126.804617586141,130.033032887700
2021-08-26,127.628374568423,128.989501918957,122.456099710575,124.225556192087
2021-08-27,125.998931424982,131.452087531915,125.954605689407,130.698408156414
2021-08-30,131.789464829609,132.653201739275,130.289265313490,131.789464829609
2021-08-31,130.876470176618,132.611133540721,129.735238272698,132.611133540721
2021-09-01,133.206427504045,136.640762918060,131.970057596772,135.816513260469
2021-09-02,137.113994266148,137.438359883774,133.267935532430,135.723837369719
2021-09-03,133.963614944279,136.233390068282,132.388662511493,134.936370417751
2021-09-07,133.874061152097,134.243550789635,130.363812602029,131.195185070802
2021-09-08,129.783523008918,132.197031794432,127.051229493988,131.878265280246
2021-09-09,131.056451613968,134.708956797426,128.408376224697,128.773635874306
2021-09-10,133.555570068527,134.548027059166,123.134573171805,123.856373197725
2021-09-13,129.474144410622,129.828010915732,122.794738294861,128.279815097644
2021-09-14,130.575339628878,131.250505552537,124.318885489028,126.614437026539
2021-09-15,129.029103709284,132.516990363767,126.211980655047,131.577955307872
2021-09-16,130.803153964489,134.266940099789,127.703985051771,133.036387737386
2021-09-17,132.257316045721,133.036387737386,123.687628257253,124.191736704369
2021-09-20,114.367902959728,117.377002476916,98.171867323100,109.898513997727
2021-09-21,113.471757055222,116.214026109900,108.153425380299,114.427412891059
2021-09-22,117.776077278006,123.159408926205,115.953377306883,121.039990355132
2021-09-23,124.874920742621,128.927744902127,124.482711952992,128.622693621304
2021-09-24,125.344833293213,132.753706996469,125.075410396978,132.484302061161
2021-09-27,131.755239718918,133.623461970916,129.887017466920,130.524947016382
2021-09-28,125.414293999482,126.725884241098,114.333694238237,117.137755336511
2021-09-29,118.036199385822,119.405222351534,114.570829788910,115.597611986976
2021-09-30,118.657531662721,121.207495891863,113.387657721415,115.555104366660
2021-10-01,118.062091370754,122.353721689583,113.982926075958,119.634261163196
2021-10-04,119.547821894085,120.542072338955,112.112549052007,116.392140147315
2021-10-05,117.372750359148,122.744686958902,116.349514189079,120.612962702294
2021-10-06,117.748974381247,122.392106962339,112.845479225514,121.958178016690
2021-10-07,124.358061794613,127.019769481369,124.183524157900,126.670685481061
2021-10-08,128.137922390507,129.960842048185,126.937454211453,128.982681144457
2021-10-11,127.950819695301,132.212865088435,127.053548869949,127.277857603578
2021-10-12,129.060469626679,131.110463203277,126.832215739073,129.728936879946
2021-10-13,130.403797315691,132.383352535003,127.749381660634,132.383352535003
2021-10-14,136.382584220439,139.563784012945,135.700907639758,139.336555456337
2021-10-15,140.548380323996,143.298290600605,138.590826397970,139.522999373091
2021-10-18,137.237639304449,142.881056439599,136.864511488212,142.041530513019
2021-10-19,143.029746201675,144.253218624196,141.759207374143,143.123841366102
2021-10-20,143.171086405989,145.391168713245,142.651494885532,144.871577192787
2021-10-21,143.683520997605,149.623801973517,142.970677776046,149.433703477839
2021-10-22,148.999373320790,150.591907578187,142.484430616845,146.055580034128
2021-10-25,147.486786367595,150.730885225487,144.576647421953,150.540046900727
2021-10-26,152.041340679740,152.283473589731,144.099063540944,147.779621309804
2021-10-27,148.019542492398,151.234219568145,143.461395078057,144.277052249456
2021-10-28,146.647301255370,149.064974203393,145.983641014710,148.543509941096
2021-10-29,144.503472759600,148.591596002692,144.407281398136,147.677787687919
2021-11-01,148.780755415414,149.979633380083,144.225009558648,149.835768024323
2021-11-02,150.028989506995,153.748297760885,149.932383595955,153.651711171026
2021-11-03,153.113697875123,160.107870721865,152.086562018824,158.934013748743
2021-11-04,160.525611937936,161.619782225923,154.358236099524,156.646119950451
2021-11-05,158.670545771718,158.769308126052,150.177832570307,150.770337569576
2021-11-08,153.191962086325,153.627854499340,147.815975032138,150.818779746409
2021-11-09,149.704653543047,149.849974352181,144.327783605083,148.057684372860
2021-11-10,145.082142454033,150.649303357518,141.674636841862,145.802024351620
2021-11-11,148.659496382161,151.564564213172,146.945018878762,148.183243106342
2021-11-12,150.871809966525,154.376548909264,149.671556903943,153.944457806734
2021-11-15,155.754705681786,156.097175224374,150.568599932978,156.097175224374
2021-11-16,154.569969876164,157.673665603049,154.323623548366,155.358215065501
2021-11-17,155.456511940003,156.439461025650,152.065259939991,152.458457267687
2021-11-18,154.211133073649,154.795348605215,149.147837674894,151.143940676128
2021-11-19,150.513770301276,152.549715053420,147.508342359672,149.495802772668
2021-11-22,152.340127946350,153.593549737040,145.976552981502,146.169398228278
2021-11-23,146.646053927198,150.697698867801,143.643062964184,149.935034496242
2021-11-24,146.073227297635,152.927961866517,143.369945845888,152.059053074558
2021-11-26,134.023897156794,136.648967174482,108.356650659085,113.169270922810
2021-11-29,124.121127152495,130.260808781017,122.835112757332,129.306669068477
2021-11-30,120.324879613478,122.979601942115,108.555649853952,108.555649853952
2021-12-01,116.955797815546,120.550088439219,100.640141501349,100.640141501349
2021-12-02,104.253860868000,108.916724566904,102.349865962387,106.701864309925
2021-12-03,107.901660385374,108.621538030643,88.624936773161,97.543420933998
2021-12-06,100.981418738088,105.565390343614,97.658012966157,105.336198639318
2021-12-07,111.484611664773,118.109038793376,111.167282151734,116.720679531611
2021-12-08,117.721508275053,123.893225755062,116.303679370418,123.601328144277
2021-12-09,123.472626630450,125.488690118716,117.467365266783,120.169745319920
2021-12-10,125.752151029577,127.951263635182,121.903674366102,127.359190302340
2021-12-13,126.575843128659,126.749928982223,121.092421616751,122.615587972828
2021-12-14,118.388944829076,121.804420936100,114.589236198701,120.651697749979
2021-12-15,119.974117137835,129.333190873323,114.807556500475,129.079115083284
2021-12-16,131.268009617886,132.143549920571,119.097738494342,123.344202647048
2021-12-17,118.680824884812,124.328218138162,115.557645282580,119.151440989257
2021-12-20,108.430342322365,115.998174202315,103.637376806213,115.199355025001
2021-12-21,118.878128698969,121.895541535428,116.108706542670,120.200825573264
2021-12-22,120.918433999806,127.756917519806,120.918433999806,127.672492005795
2021-12-23,128.977038700352,130.542513867300,128.411731363995,128.977038700352
2021-12-27,130.069694060403,132.779479353328,128.277739269920,132.036482449736
2021-12-28,132.743978648144,135.573954598074,131.550069969628,135.573954598074
2021-12-29,135.663560648700,139.964651078778,134.005839751503,138.665363344692
2021-12-30,139.480908693558,142.018160890030,137.577978607819,139.027827944188
2021-12-31,139.118571446049,141.296188654650,137.666820591354,140.207375513628
2022-01-03,142.075288558651,144.991046151307,139.205089820752,144.854378698808
2022-01-04,145.919314198271,146.289735806220,140.640938244407,144.946981785717
2022-01-05,143.928013072287,147.262798717907,133.321590049396,133.784744172566
2022-01-06,133.028889267986,136.852580859491,130.627984425373,133.028889267986
2022-01-07,132.984562559796,137.285122231460,129.615067703759,136.797422035994
2022-01-10,131.492756968545,139.629582715505,123.670614742535,138.865342316525
2022-01-11,137.415997582628,144.436261137442,134.245555977228,144.028632931034
2022-01-12,146.103973463181,148.363797933033,142.645072576269,145.504421419047
2022-01-13,146.060684978915,147.404925231800,135.260251601544,136.836279153583
2022-01-14,131.804046920715,139.532108863634,131.085165587862,138.363921081418
2022-01-18,132.490513819187,132.716414098503,126.391197241627,128.243579532023
2022-01-19,130.373374908660,130.894946627970,123.462434445455,124.635990373169
2022-01-20,127.677982575470,132.262393359220,118.294936204991,119.451758710070
2022-01-21,117.103392151081,119.619481805511,108.045439201957,108.297057393093
2022-01-24,99.682745651065,107.858357615201,86.482102551650,105.026809416953
2022-01-25,98.272413623482,108.207647046165,94.502530534427,104.869722773722
2022-01-26,109.617800025591,114.287388813665,100.631761676058,102.711513689115
2022-01-27,108.264536714537,110.206153156993,99.604911848256,102.129020989913
2022-01-28,104.258725693020,109.176407462013,99.999316286806,108.556857002928
2022-01-31,107.559275152138,116.018761266179,106.561693301348,115.779357583299
2022-02-01,118.209447179317,124.758332700788,114.955590160617,124.346444870651
2022-02-02,125.412880933007,127.801697712683,122.000285533469,127.204502049252
2022-02-03,118.705498659494,122.588296772790,110.335938842740,111.673326852910
2022-02-04,112.641425923145,118.893680316292,109.454793038896,114.980971112511
2022-02-07,118.173198219963,121.037986357342,116.699862002281,118.500596264257
2022-02-08,119.622249585602,124.358119164612,117.586664829483,124.108871179523
2022-02-09,127.296598925992,128.784196707071,126.021490826190,128.614184560592
2022-02-10,122.038543196298,128.311359369901,113.256621318409,116.068578169831
2022-02-11,116.643166862618,117.587147486207,97.312093605487,100.800709440656
2022-02-14,100.648096708725,101.868990933539,94.200208784625,100.762563888310
2022-02-15,107.743267405621,109.192813982491,105.340064135829,109.040230132294
2022-02-16,107.454182491080,113.639745294238,105.154432840307,113.282886359259
2022-02-17,106.777252436006,107.221736741321,99.059388589165,99.907941454144
2022-02-18,98.847515948014,100.476038179015,94.984509725640,97.484094412654
2022-02-22,96.735943237263,99.990408331725,92.808149566462,97.933000080912
2022-02-23,100.782497835353,100.894970807173,92.009021134899,92.458935518275
2022-02-24,82.189773505167,95.845583739485,82.080527023292,95.190097565139
2022-02-25,96.039844248226,100.473312592562,94.155630731352,99.069390679173
2022-02-28,91.532731347804,96.469235673191,90.326850781466,94.585070840349
2022-03-01,91.971511770621,93.259878597785,82.879271063260,84.094023870316
2022-03-02,86.484830482204,90.365553125249,84.648413809305,89.430033962954
2022-03-03,90.465750859656,91.644348658747,86.537122482238,88.930011519866
2022-03-04,83.979569265039,85.617840353441,81.023552658812,84.869937858164
2022-03-07,84.661248246213,84.800365378778,77.356861392032,78.817744328110
2022-03-08,78.248293686299,82.535864906737,75.200093758956,78.650247416937
2022-03-09,82.565199584275,83.803259264442,81.126373469486,81.695205008700
2022-03-10,80.570027404875,85.343543898035,80.126772935159,85.343543898035
2022-03-11,87.852103947471,88.026303022123,83.218230174724,83.566635292271
2022-03-14,83.911389032473,86.324603159455,78.292008559715,80.808660530150
2022-03-15,82.435680540824,85.215173059059,80.808660530150,83.588153048385
2022-03-16,86.586978861820,92.136549731271,85.449497487401,91.929726788624
2022-03-17,91.857526203821,94.673905066824,90.846501371506,93.446249594091
2022-03-18,91.735305916579,98.651864589009,90.934456632368,98.651864589009
2022-03-21,98.016237744823,101.418670823314,95.286813407132,98.838811461454
2022-03-22,100.635200310431,101.570819502607,99.587306815194,100.335809653889
2022-03-23,97.809496590626,101.165327727962,97.620966327787,100.675164127000
2022-03-24,100.939552092654,103.847819714846,99.617597156501,103.167964946022
2022-03-25,103.779670477971,106.188245717384,101.103451129373,106.073558576463
2022-03-28,105.026971300174,107.701590980966,100.530522261303,107.624065997537
2022-03-29,110.630433775942,113.246356371781,110.005733977832,112.699744048435
2022-03-30,111.661212811430,113.538551287498,107.587022198975,111.062072772168
2022-03-31,110.586270322739,110.863826377507,104.995498362412,105.273054417180
2022-04-01,107.511256718414,109.672287081778,105.080089841663,109.479345660158
2022-04-04,110.266243429349,115.184452850984,109.361292895768,115.066423694000
2022-04-05,113.574411191222,114.461545695509,104.944941537382,105.307863497517
2022-04-06,101.839344401635,103.727763865170,96.983436166128,102.995514864328
2022-04-07,102.271402086374,106.692301151781,100.175293772429,105.739521180788
2022-04-08,104.581162777458,108.712660903600,103.306952316669,105.971202128383
2022-04-11,103.419992398734,104.811552908479,99.786481020847,100.018407772471
2022-04-12,102.195569584114,104.597963315560,98.554456599851,98.779673504694
2022-04-13,98.630452035678,106.128463414220,98.332031479748,105.718124891353
2022-04-14,107.222322947086,109.035074450148,102.786874855557,102.902574684469
2022-04-18,102.255740019965,105.565980204126,102.027455728010,104.234269834568
2022-04-19,104.693804359798,110.744132938799,104.157683299914,109.518748384337
2022-04-20,111.559226677417,113.050353278045,109.440268449988,112.069354098680
2022-04-21,114.331769733004,114.569911644428,101.630444412853,103.734093480675
2022-04-22,103.543308216866,104.230162640754,90.035163582034,91.332555271599
2022-04-25,89.760327445831,93.476526345040,85.508153644569,92.904804536934
2022-04-26,91.427265034118,91.499325716797,82.670140663768,82.922396298202
2022-04-27,83.058369313030,86.457524725951,81.256810145871,81.528749377216
2022-04-28,85.674272094494,89.145731721905,83.449841653628,85.707968845323
2022-04-29,84.498874976359,87.055252569506,78.557008295350,78.937011397042
2022-05-02,78.738254428606,80.692632805620,74.763260810125,80.129513457594
2022-05-03,81.464442450680,85.235642386795,80.596740941311,84.868528403481
2022-05-04,86.070152832280,93.348522067464,84.834203339512,92.558887669307
2022-05-05,90.373867488259,91.018627541683,73.825026117044,76.332433488804
2022-05-06,75.134414208950,77.433304168988,70.763316513343,77.303783495609
2022-05-09,73.752208194862,74.566789685859,70.102889631848,70.982624608821
2022-05-10,74.414003754781,74.663551909165,70.608299257815,73.322197045481
2022-05-11,73.100296742191,76.967708368101,72.212701869042,73.670897522078
2022-05-12,72.622320860915,75.577424807106,70.970008229309,75.132571406289
2022-05-13,77.859991124537,79.977757300509,77.121981699577,79.881501619074
2022-05-16,80.476768424960,83.353884705998,79.848424626894,83.155462437369
2022-05-17,85.753016436427,86.427705786832,83.661479450173,85.246992676730
2022-05-18,83.402720364962,83.949168637428,72.336997695398,72.985919961083
2022-05-19,71.631119864883,77.837982121425,71.158508878766,77.428403997458
2022-05-20,79.958525393817,80.282894276036,71.492328243957,77.233772288115
2022-05-23,78.691631012830,79.598732597273,76.035100254598,78.335260651285
2022-05-24,77.030210216839,78.465771567427,74.387509351096,78.041625771709
2022-05-25,76.576208221228,80.483988355843,76.576208221228,79.669867494465
2022-05-26,80.393696946809,81.545226754091,80.097587590026,80.229178588181
2022-05-27,82.375233266647,83.695884839251,81.747933509417,83.464771969610
2022-05-31,81.882335173610,85.417551270136,79.895880414610,84.979851114917
2022-06-01,85.897089998705,86.848300441363,81.073135433547,85.557374410010
2022-06-02,85.284674765884,88.693335100945,84.705209326245,87.295791180891
2022-06-03,85.746460452317,86.951496993626,84.403713121986,86.400626294003
2022-06-06,87.976217496986,88.490004087486,86.126603582218,87.530934871833
2022-06-07,85.255613119540,89.978643273978,85.083247154432,89.702839803028
2022-06-08,88.655928620732,90.365876572407,87.783502635486,90.051803217719
2022-06-09,88.408465261902,89.842021493811,85.156740150498,85.506388011939
2022-06-10,82.168556494246,82.917865610463,78.387944595977,80.227164693138
2022-06-13,73.929019006172,74.819332794382,68.356320778590,69.015799283726
2022-06-14,70.083217261999,72.218047119049,68.985307900972,71.547096410036
2022-06-15,73.223623863089,77.973761177611,72.975244136163,75.490026001736
2022-06-16,71.728276395231,72.493371634267,68.731634779455,70.771905752475
2022-06-17,71.172954761156,73.764428093353,70.000633927416,72.931466862639
2022-06-21,75.718457103977,76.971024461926,74.246669477674,74.309298471862
2022-06-22,73.108212405537,77.501652484537,72.823744652986,77.312019959181
2022-06-23,77.763282319780,78.053383695900,75.313530919186,77.279780026248
2022-06-24,78.729984405389,79.922368227331,78.568850585485,78.729984405389
2022-06-27,79.445570194654,81.462196217020,78.502300087753,81.169459237203
2022-06-28,82.160136119675,82.853603332892,78.131390068801,78.857879844768
2022-06-29,78.467333184373,79.573882055492,76.840055432727,78.630060959538
2022-06-30,77.005137195133,78.532565533673,74.762742400255,78.045088404352
2022-07-01,77.203282845956,80.246733710926,75.746311687194,79.858208068589
2022-07-05,77.009059768271,80.185690582038,75.306116639476,79.825452612485
2022-07-06,79.661748217759,81.724506101624,78.581262541315,81.200631083499
2022-07-07,81.795023665648,83.314026931138,81.662936425170,82.092219956722
2022-07-08,82.025815734310,84.549169545540,81.926216041114,83.984740295461
2022-07-11,82.440045670654,83.078067769281,80.861757149728,81.432618320490
2022-07-12,81.366506801933,83.151861651627,79.812568717085,80.639128010901
2022-07-13,78.665091369335,82.678959074416,78.336092939190,82.020942473827
2022-07-14,79.366549569638,82.020942473827,78.006169805291,81.788682514061
2022-07-15,83.445329988790,86.129105524440,82.948348999551,85.897174877978
2022-07-18,86.338463339882,87.085240920550,82.672424190996,83.317367539444
2022-07-19,85.189299107297,86.258970468673,84.487327276394,84.520754506437
2022-07-20,85.160432355381,87.045772067873,84.722755911352,86.675429425482
2022-07-21,86.777714958885,88.754964818990,85.379999031169,88.584511657073
2022-07-22,88.722359564729,89.652839833798,86.516799934637,89.342682041574
2022-07-25,89.238841726713,90.969282915570,88.719716291820,90.173279968695
2022-07-26,89.164994196338,89.547438788044,86.592084610978,87.808991064011
2022-07-27,90.279108339033,92.611990396325,89.901730359176,90.930936170094
2022-07-28,91.908326835305,95.608381818668,90.826224218925,95.294225021376
2022-07-29,95.830094744995,97.044716590239,94.936990447021,96.651750699130
2022-08-01,94.888893280963,96.220028752959,92.766260378953,93.090051838582
2022-08-02,91.889800931306,95.208134614652,90.160020504638,91.995698362825
2022-08-03,93.820522438685,97.329799507646,93.645065603791,96.803407947302
2022-08-04,95.903748022141,96.623475962270,94.212394560118,96.587496762543
2022-08-05,94.502608812696,99.031825344761,94.394777341909,98.708323743156
2022-08-08,98.708323743156,101.215540509543,96.600794824321,98.417623834251
2022-08-09,97.075160277258,98.526465562538,96.131787895050,97.873371653223
2022-08-10,100.985064757852,103.662561900214,100.550876032063,103.156015623272
2022-08-11,103.527340132955,104.232863385326,100.371026100866,102.487618137895
2022-08-12,103.338898251481,105.929780702939,102.635653335692,103.597985756377
2022-08-15,102.146720869703,105.905124806986,102.146720869703,105.309734084248
2022-08-16,104.972082639019,105.759928507855,103.321342240121,104.559390035929
2022-08-17,103.475306876939,106.166845857270,102.166905127216,104.858459060624
2022-08-18,104.783586901352,106.730263042427,103.922557069722,106.505646564611
2022-08-19,104.091065841928,104.656990744371,99.224169027204,101.336934705117
2022-08-22,96.811814730991,97.952284764925,93.979016048002,94.567649540571
2022-08-23,94.958351566842,97.728784116763,94.496612808522,95.988391285229
2022-08-24,96.775606992292,99.960310256380,96.417782321503,99.387779332499
2022-08-25,100.407155771459,102.882748900458,99.351380832347,102.518683806214
2022-08-26,101.964136473593,102.925357272448,91.908203369004,92.573669041024
2022-08-29,91.275504462747,94.082354949216,90.679040226085,93.099947805808
2022-08-30,93.662924548502,94.120324679729,89.968467961565,91.622177837693
2022-08-31,93.576791278968,94.798413336066,92.041015098499,93.262658097810
2022-09-01,91.818909244634,94.424692815006,89.283538362234,94.283832225677
2022-09-02,97.470300147466,98.603264001960,91.770075754542,93.434116415830
2022-09-06,95.372583561387,95.548800798375,90.790752126435,91.354669841506
2022-09-07,90.971339165078,96.616747611917,90.866794435143,96.233430874787
2022-09-08,94.660222608817,98.128415976098,93.802120060611,97.806624838927
2022-09-09,99.356536343653,100.473907196309,98.815869539679,98.887958446876
2022-09-12,100.591361066265,101.497426289344,98.018143081241,99.105421348937
2022-09-13,94.969225991016,96.311668105086,88.837490528493,90.542764053250
2022-09-14,90.715985335158,91.720668770224,89.018423701312,90.681348007628
2022-09-15,90.334633581447,93.073622768488,90.057274521973,90.889358634546
2022-09-16,88.667895584370,91.514154011966,86.342301128307,91.062910977692
2022-09-19,89.429969822918,94.398308235442,89.221508362898,93.668679227942
2022-09-20,91.801302341697,92.541202136333,89.405413522028,90.709065955932
2022-09-21,92.061121540521,93.794526136147,87.727610051455,87.727610051455
2022-09-22,88.443468685212,89.807028743974,86.432227654743,88.034409530679
2022-09-23,86.122095973903,86.326992810046,78.711914236022,82.809700706208
2022-09-26,81.121402348060,84.332498830792,79.201362613939,79.962755055427
2022-09-27,81.979312715644,82.434662976499,76.742784715816,78.791867394666
2022-09-28,79.308429503520,82.924357808472,78.017017774358,81.923512265541
2022-09-29,79.784100557306,79.882836660949,76.064786116712,79.652437059142
2022-09-30,79.133211557840,81.988958305321,77.705347919577,78.029857367572
2022-10-03,80.213858314679,82.815395278147,79.507269772968,81.337970025687
2022-10-04,84.550836363375,85.206529927936,83.239468904862,84.255777209914
2022-10-05,83.021389156439,84.455956000027,81.119754038194,83.922163686134
2022-10-06,84.288417921622,84.921038873829,80.958833962640,81.291785699371
2022-10-07,80.276061015155,80.603711813785,77.392669766368,78.047991023070
2022-10-10,77.662793789694,77.694898908925,74.228232944120,76.154161333340
2022-10-11,75.773701230579,77.454045019713,73.934847722460,74.854283987864
2022-10-12,75.388614369348,76.520150842331,74.822839846542,75.640073205213
2022-10-13,74.565813593866,78.546869912058,74.344650117548,77.883360525692
2022-10-14,79.422113892736,79.902980731410,74.613509620724,76.088141852669
2022-10-17,78.432733961428,79.700071285272,77.925796497203,78.052537199977
2022-10-18,79.721067743258,80.041947887316,77.635394937945,79.624812042758
2022-10-19,79.138708560593,80.143329337298,77.745193331518,79.041480086401
2022-10-20,79.654962083924,81.656823177495,78.912320883524,79.945555760713
2022-10-21,80.594978616947,82.088694049053,80.042964643097,80.205323604335
2022-10-24,81.148533006008,81.929113592155,79.262107697769,81.636393433015
2022-10-25,81.570782444724,85.081672496340,81.373903542969,84.917599088732
2022-10-26,84.214977864301,87.226240361981,84.114602447711,86.824745387318
2022-10-27,87.399848932662,89.023689811760,86.858568639629,88.583892807668
2022-10-28,88.652231396848,91.454113553228,88.481391757756,90.668226611517
2022-10-31,90.080594185899,92.292857435284,89.976887432761,92.120031282249
2022-11-01,94.071122321842,94.071122321842,91.632255038234,93.130410994100
2022-11-02,92.219607100609,94.006190705377,90.117742799782,90.713265997212
2022-11-03,89.261307525707,93.236920119848,88.293316773715,92.649219844714
2022-11-04,94.291186210799,96.317458186982,91.636087350183,93.906908549184
2022-11-07,94.539988807827,95.630286663487,93.344170541501,94.821350777443
2022-11-08,95.598871717202,95.634206188506,91.039806039021,92.029362079833
2022-11-09,91.924928680623,91.924928680623,88.443583283946,89.209486233906
2022-11-10,94.315976858687,95.995294821626,93.424910184474,94.110352942074
2022-11-11,93.195457482334,95.377107451364,92.597268243924,95.165986391551
2022-11-14,95.130595047588,97.784415080816,94.882912254674,95.130595047588
2022-11-15,97.571669556562,97.642424929254,91.274427235835,94.210782278120
2022-11-16,95.302169831475,96.675196927457,94.703663799755,96.463954948449
2022-11-17,94.006054801236,97.710712382129,94.006054801236,97.461359470519
2022-11-18,98.463915366909,98.678731382251,96.423027161947,98.607121269796
2022-11-21,98.066914128948,101.416243059928,98.066914128948,101.128128743285
2022-11-22,101.893967357775,104.957350990821,101.893967357775,104.738545167946
2022-11-23,104.478793575929,107.187701582856,104.107694427267,106.965050999682
2022-11-25,105.727601292415,107.077554609151,105.652596386189,106.515066560770
2022-11-28,104.195055029502,105.579575022383,101.650518045089,102.548574954076
2022-11-29,103.062510912820,104.494204338919,101.961226914597,104.127099883589
2022-11-30,103.979132130496,108.824841157200,102.240605356390,108.048049293059
2022-12-01,108.349431017165,110.082434324940,106.013671795910,109.931732160791
2022-12-02,107.423783898567,112.249691942386,107.423783898567,112.097687478165
2022-12-05,110.486143650125,112.251174785867,107.723517917148,109.872225115245
2022-12-06,110.821855442935,111.619560112281,105.769829696666,106.985356516109
2022-12-07,106.198293601495,106.985356516109,104.324316433583,105.373736151705
2022-12-08,105.224948287478,108.014581260079,104.220680417342,107.345069346655
2022-12-09,106.781979775927,107.607847983376,104.604671071665,104.867442200426
2022-12-12,105.052964640380,106.648315154152,104.459325481863,105.386863478596
2022-12-13,111.598131486157,111.858483725573,106.167935074115,110.036010611025
2022-12-14,110.415976823494,114.405542263105,108.934145830811,113.911588466648
2022-12-15,111.437778108002,112.481420114437,103.977662701693,106.490141929348
2022-12-16,104.622549121046,107.610697614329,103.016419305907,106.079271511521
2022-12-19,106.899431479579,110.627397443786,106.787577588789,108.837973780967
2022-12-20,108.460384373284,111.027940994394,106.799024206683,109.819679055048
2022-12-21,112.284987672736,114.560642578406,111.905703005325,113.726225412753
2022-12-22,112.993013464698,113.610461604619,102.264859751662,107.590334522282
2022-12-23,108.040596804908,111.454971968976,106.914963610709,110.817114159479
2022-12-27,110.322147548708,111.578612968340,108.608775228771,110.779039219036
2022-12-28,111.768817576320,113.824511087601,110.474484418500,111.045518007535
2022-12-29,112.570075588176,113.904077764036,112.227063663048,112.455740820742
2022-12-30,110.998257654871,112.724223148759,110.039392197668,112.609159293895
2023-01-03,113.722209103491,114.451435928560,109.653840525787,113.338386118964
2023-01-04,114.493525136828,116.996334043127,113.607918556465,116.880820141340
2023-01-05,115.434219130672,116.568043235125,113.987633758849,115.942489422694
2023-01-06,118.162035588470,120.420536873109,116.799159369730,118.746136522084
2023-01-09,119.494826282801,120.558753837504,116.894114482417,117.721605810685
2023-01-10,117.643153509127,123.410543306357,117.643153509127,123.175147167686
2023-01-11,123.817102311168,123.897346704103,121.810992487789,122.412817410363
2023-01-12,125.052654517542,128.812449911007,123.172780819401,128.452471032820
2023-01-13,127.756132503349,133.040050945582,127.756132503349,131.770263903002
2023-01-17,129.820586619733,132.019169290177,128.617575718571,130.567277891549
2023-01-18,132.508022911591,132.962241764021,125.199220391230,126.272836846409
2023-01-19,122.943464702731,127.287891804981,121.319368648575,125.460792879551
2023-01-20,126.270217349741,130.560158947507,125.056088738700,129.629320806788
2023-01-23,130.287442081965,131.850488337027,129.341400975414,131.315756574429
2023-01-24,130.239406159732,136.738956737330,130.156609337088,136.117972287814
2023-01-25,132.114519247412,136.581540388469,127.605347889606,136.033705567748
2023-01-26,137.803104220632,138.729944925664,134.938349902846,137.803104220632
2023-01-27,137.845513655968,142.848826363056,137.591082484526,140.389562484466
2023-01-30,136.794750899488,137.821860709994,133.927482919440,136.580800715466
2023-01-31,136.243138883538,140.674848076404,135.610030334842,139.577466115642
2023-02-01,139.790806528775,145.550528372003,136.462928179702,144.227898020156
2023-02-02,147.046551892863,148.347482407580,136.682610311502,140.932277343092
2023-02-03,136.817475023444,141.103736369455,134.631464591933,139.389223258528
2023-02-06,137.598911539879,139.005566155577,135.424942718279,136.405330609219
2023-02-07,135.182565320824,141.718198393289,134.971721037255,140.495390939411
2023-02-08,138.741087602792,140.923265418809,132.451198400367,134.932928572969
2023-02-09,137.071044207655,138.789943348928,130.363177841059,131.033964477719
2023-02-10,128.390160006041,130.414329130198,125.911585568298,128.638017449816
2023-02-13,131.503014888279,134.572629859176,130.970937269936,133.508515550909
2023-02-14,135.968140382188,140.762356878522,134.300578480478,139.094803314580
2023-02-15,138.371578406372,142.157909550595,138.286466596153,141.902667714850
2023-02-16,137.820657795665,140.957357531293,134.082445471078,134.297260960559
2023-02-17,131.497668581945,134.380856202823,128.865208188740,133.921211904135
2023-02-21,127.829134286737,129.498202706585,122.863680564959,123.948569613415
2023-02-22,123.627675190375,128.200527017629,122.103380551209,127.598834932127
2023-02-23,130.284689687590,132.645001582289,126.174513700226,131.709027197447
2023-02-24,127.244306283242,127.905745193793,123.441040815561,127.120286487514
2023-02-27,130.165813236137,132.927090821555,130.165813236137,131.668273098791
2023-02-28,132.329403608623,135.965604884438,131.833555726249,134.808634756363
2023-03-01,133.888858971483,135.895640981853,130.209806001097,133.136321988736
2023-03-02,130.975911340907,138.288135013782,130.685084593494,138.080385004101
2023-03-03,139.687963937662,142.903045657512,139.011082362936,142.480013710126
2023-03-06,143.339345218629,145.358823246488,143.038573175212,144.671361477080
2023-03-07,143.935349465338,146.966005497594,140.558287469131,141.467480815182
2023-03-08,141.082202916135,144.721091796018,140.397216861654,143.822078637166
2023-03-09,145.591815357741,146.368765362383,128.067267731359,128.801045214077
2023-03-10,125.823693630597,128.026126246737,101.719381495854,114.485294387626
2023-03-13,102.931197035631,113.794352147933,100.129042396878,110.877032792095
2023-03-14,118.922274824020,123.379263367528,113.823185315750,117.600294250927
2023-03-15,107.296409157137,111.068024857331,96.875884172116,108.657290837625
2023-03-16,105.109464915150,118.255134008292,104.287852194048,117.993714155394
2023-03-17,114.299742820191,116.321699037291,103.217774376880,105.123101706882
2023-03-20,105.159735402742,110.582599636172,103.474248295747,110.216196723726
2023-03-21,115.429758522126,120.230728791786,115.392258384816,119.855659904940
2023-03-22,120.637242297538,124.271608238944,115.087999494267,115.087999494267
2023-03-23,118.954910462601,122.974942841610,110.263959108012,112.407972803448
2023-03-24,108.927154437778,116.834682915285,104.273441506040,116.796855417813
2023-03-27,119.264666081384,121.886714911429,117.413808083706,121.154075908773
2023-03-28,121.075536812150,124.530919379250,120.211708839904,124.177528783502
2023-03-29,127.595988282664,129.185977394970,126.244504294623,128.589726509164
2023-03-30,128.953716928596,129.560375716324,124.060076044915,128.630161800425
2023-03-31,128.994209439610,130.935796848597,128.427921201936,129.236915955681
2023-04-03,129.236915955681,132.561598970070,126.723139346467,132.277784566403
2023-04-04,131.211350813137,131.785579955441,126.002288571643,130.021884364495
2023-04-05,129.249267692939,131.323103532880,126.606141350698,131.079138154480
2023-04-06,130.058431581092,134.467883978128,128.792763595744,133.365504547564
2023-04-10,131.553553785427,135.465757079624,131.265284960512,134.889227666047
2023-04-11,136.048844306146,137.995365853014,135.220557355692,136.504411240235
2023-04-12,138.462517397715,139.254097191277,134.213045165245,135.337893208648
2023-04-13,137.702417319879,140.855124431430,137.660926144159,140.191381771968
2023-04-14,139.769254153282,142.808633795414,138.502829083618,142.808633795414
2023-04-17,143.149474377780,147.367262618835,143.149474377780,146.770815031900
2023-04-18,147.289032382517,149.059714138458,145.388832997819,148.066397276687
2023-04-19,146.634991811161,149.801474426639,146.201198666481,148.023046590849
2023-04-20,144.856992886265,148.716955019458,143.686010486137,145.073862039645
2023-04-21,146.233061841245,148.122164757967,143.442345721600,147.778693061616
2023-04-24,147.822032234406,148.775303381557,145.698846072764,148.515303009222
2023-04-25,145.995911749411,147.603100185468,135.223213407885,136.135407543993
2023-04-26,138.586817201982,143.448045934375,137.091051958227,139.791747513701
2023-04-27,144.422695666681,147.580166057295,144.212189220719,145.601476192589
2023-04-28,146.632426571207,152.087943561131,146.632426571207,152.087943561131
2023-05-01,152.965778441499,157.793958068772,152.702431488799,154.150861674964
2023-05-02,151.455410971059,151.455410971059,136.608143523090,147.345899445282
2023-05-03,146.309290977774,150.455612551364,142.508496921832,142.724468896738
2023-05-04,140.174274358784,141.151847656582,131.758733540244,136.136515218598
2023-05-05,141.448349984025,147.341158377177,141.116352011444,146.677195630983
2023-05-08,147.667222550904,149.475155065071,145.558006691900,149.259910860373
2023-05-09,147.002032849966,147.913866530282,145.134927055931,146.307278441899
2023-05-10,150.734961831956,152.239508764235,143.857002293467,150.004186314972
2023-05-11,148.437335681767,152.180367749978,144.955427976306,152.049805568603
2023-05-12,153.364330872846,154.328344139725,147.887032559202,151.874523258889
2023-05-15,152.969351137053,155.815912378902,151.130049060361,155.772110505153
2023-05-16,153.820792635644,155.772110505153,150.893846874934,151.159925596246
2023-05-17,154.741802107417,156.882188214115,152.950876956289,156.139610984481
2023-05-18,156.539133086728,162.664857521841,156.139610984481,162.664857521841
2023-05-19,163.616104938992,164.612668402777,154.647142479952,158.089757788430
2023-05-22,157.911141585361,160.813518697192,154.606915970670,158.134418536971
2023-05-23,156.214119187326,160.010050830579,152.864759856552,155.008358759872
2023-05-24,151.382958288082,151.559772153077,147.403841661685,149.216528633887
2023-05-25,153.119890880855,154.074043976440,149.953854775560,152.252487649897
2023-05-26,156.151342781807,162.371979286979,155.844691254578,158.604546238166
2023-05-30,164.237072886114,165.354635923305,157.710504748918,162.895979360476
2023-05-31,161.310515829618,165.432762685129,159.136135299825,164.028459782406
2023-06-01,166.528565407853,173.756072742416,165.801249060165,173.574239109880
2023-06-02,178.014701678367,182.081176828848,176.425474836499,179.931081039370
2023-06-05,180.406928934815,184.546528698332,179.645598947986,184.261046606948
2023-06-06,185.464737791994,195.527586469455,184.549922861829,195.046109995437
2023-06-07,194.006270085646,195.392726599811,190.936217497383,194.402413251119
2023-06-08,194.155219404329,201.026658629952,192.771054483253,199.296450006866
2023-06-09,199.296450006866,200.697821363195,195.242463921666,197.694871302642
2023-06-12,196.398828389671,198.392735195289,194.355104071602,197.046864800383
2023-06-13,199.783952430530,200.928580942890,196.549179025322,197.644031992993
2023-06-14,198.441506119648,203.874142854710,198.042769056321,203.874142854710
2023-06-15,205.139498787655,205.696255398151,198.154744160645,198.255952389585
2023-06-16,197.956529740916,205.492512112020,197.108118989722,205.193039556249
2023-06-20,203.720888569824,205.142304787847,200.116516802431,205.142304787847
2023-06-21,207.172672972169,210.218199869177,205.852930099233,209.456805455187
2023-06-22,207.302754539968,216.021563314704,206.892446916314,214.482968706248
2023-06-23,209.293446365885,214.898099356343,206.802454884421,211.369224164896
2023-06-26,211.626813348525,216.726864878743,211.317739298267,211.935897701937
2023-06-27,213.844543386011,221.840157398181,213.844543386011,218.022896980878
2023-06-28,218.650698309183,225.608608230917,218.650698309183,225.556272271379
2023-06-29,224.864647948459,224.864647948459,219.703897029347,220.661560173794
2023-06-30,223.976603413840,226.870719017696,222.397985335391,224.923761632133
2023-07-03,225.189399038290,226.783064105533,223.330054066305,225.348758107761
2023-07-05,222.530579998242,225.667787708279,221.839294251303,222.690089481164
2023-07-06,212.224215817096,212.699957529365,189.706764973220,211.167080139936
2023-07-07,208.800197720406,218.833710729792,208.285627191608,215.129014912779
2023-07-10,215.232900028487,218.244934811525,212.688202856055,217.621779913792
2023-07-11,221.486886790728,223.158288876436,216.107061327357,219.658801205748
2023-07-12,226.742865592420,232.200226982689,226.585441706163,231.937843344000
2023-07-13,236.142144021131,237.867032868393,229.997381121830,230.374691124418
2023-07-14,230.535891638669,234.672246982956,227.312697885176,233.114380029681
2023-07-17,232.249814215778,237.977695122838,232.249814215778,233.816889737439
2023-07-18,234.033318498497,238.579253310559,233.708632062499,236.143921039323
2023-07-19,239.842167785137,240.168516306062,230.868513459972,232.608864869767
2023-07-20,231.097552294422,235.577514185796,228.506690640353,232.824779003578
2023-07-21,235.848806346610,239.790848547455,234.012755030636,235.308808406896
2023-07-24,236.394545861689,241.714723449328,235.797373432454,239.434619421097
2023-07-25,239.708437357225,244.582006734741,238.668001482093,239.927474183181
2023-07-26,236.528901785453,246.779412559442,236.528901785453,246.231268452443
2023-07-27,250.784422936102,251.284137193311,228.296270783508,233.959972961495
2023-07-28,242.779441103225,245.593009844967,237.044089021158,243.374632216901
2023-07-31,244.202249401324,247.016125758572,241.002118586658,247.016125758572
2023-08-01,239.901349699037,242.958502270794,237.400083474282,242.902906965991
2023-08-02,226.973943926923,228.076272263242,213.966209403671,220.690546741962
2023-08-03,212.923992216717,224.468875954549,209.355569599534,221.215313230470
2023-08-04,229.253764407575,233.299285748240,212.231150170879,214.070003447213
2023-08-07,219.030949935330,225.490515675066,216.808859320861,225.283799236090
2023-08-08,215.797649686937,221.415149976046,200.057979826242,220.567211605281
2023-08-09,223.136540465967,227.855645939890,213.750701451126,222.664605798541
2023-08-10,230.145578290809,235.203186428536,215.552414159809,221.821699206509
2023-08-11,217.825375132928,231.549567733335,216.721141114065,230.497874721132
2023-08-14,227.818289910164,235.535515602430,223.798912693712,234.624456766701
2023-08-15,231.380437759647,231.380437759647,219.053135255230,221.107665848007
2023-08-16,221.999546336657,228.032855524584,217.487669842538,217.645060517006
2023-08-17,221.080339212848,222.173379122010,207.391336408388,207.391336408388
2023-08-18,201.143671435272,214.604054225968,200.077010555287,212.572289707661
2023-08-21,215.194744784958,219.462614282385,211.389597958219,218.228532899094
2023-08-22,223.073435665819,223.177647737348,213.748309867978,217.395023871086
2023-08-23,220.306786025260,225.558386208188,219.838801780809,224.674424056926
2023-08-24,227.951277695287,229.378306536668,215.055335112636,216.059546857565
2023-08-25,218.961393170122,227.304271274445,213.364966398353,225.386986993378
2023-08-28,229.673006582641,234.594004187591,228.985135779793,234.117757447337
2023-08-29,234.980488432783,242.529206621618,234.656983185009,240.264605183995
2023-08-30,242.831607620586,249.058059938314,240.974617373026,248.074979582549
2023-08-31,248.518878677257,254.456474388657,248.019476935535,253.291151865859
2023-09-01,257.103835586533,259.346601930118,254.468598309008,256.655273346796
2023-09-05,255.695825626569,259.025735347417,251.688684586878,254.623477800486
2023-09-06,253.667842876314,255.241837085060,244.954620897656,250.351211017573
2023-09-07,242.882178028609,252.580777596219,239.872267049158,250.741383217975
2023-09-08,251.131859223199,260.001220457496,251.131859223199,255.873342415880
2023-09-11,260.831887182068,263.536582796536,257.225667684172,262.184257528245
2023-09-12,259.503670224401,265.435182556310,258.477050914047,260.644322859336
2023-09-13,262.748368301698,267.525082923491,262.236553484496,265.250485616796
2023-09-14,269.495399552039,274.313940583161,268.749634994479,273.740313487281
2023-09-15,271.992314358185,274.963917539042,262.261621170326,263.601795011606
2023-09-18,260.228858336457,269.490090734227,258.170797799704,265.259667900252
2023-09-19,265.374339442889,268.413743203515,259.008795717806,267.094779604781
2023-09-20,271.353092616946,273.136973812768,256.161232163111,256.736669913741
2023-09-21,245.060422414579,250.757545468151,236.542935717141,236.599365327209
2023-09-22,238.222513801869,244.985587359130,235.409053560213,236.437051561835
2023-09-25,230.163051205894,237.843298989038,227.404696460973,236.220707467989
2023-09-26,231.084897886728,233.733889172182,213.028412983972,214.866517696684
2023-09-27,220.737750302221,223.724878945797,211.055335805901,223.570341923374
2023-09-28,223.517838477107,235.703512280652,220.944119120886,233.917659765178
2023-09-29,242.941349258385,244.391617297256,228.922403081438,229.835503775763
2023-10-02,228.770732324693,235.106259816822,223.925946622041,228.877232895241
2023-10-03,222.501801552800,226.433283190928,203.588095574964,207.360202586499
2023-10-04,211.350337156314,218.774999141508,208.269344870400,218.269889790153
2023-10-05,217.907272179840,221.119048877906,208.168419938149,220.860015578105
2023-10-06,213.929674433372,228.572029779348,208.875192300077,224.194973311265
2023-10-09,215.795177370081,227.344874477335,213.380245092987,227.292365449867
2023-10-10,229.935299931842,237.811234116390,229.512419842988,234.639723309758
2023-10-11,237.593203504284,240.546651479143,226.960702727701,238.720891841509
2023-10-12,241.862323300804,246.845255531535,224.151188791577,234.117096582979
2023-10-13,235.028882066629,236.047959146740,199.951534764632,206.119578681437
2023-10-16,213.904289078445,225.757169045192,213.050489973111,225.706975111977
2023-10-17,216.624073236987,228.804584004579,214.418991270881,219.616698727301
2023-10-18,214.231133862651,215.732885380319,202.269009467620,205.376049788369
2023-10-19,208.378979461110,211.431968138359,194.265162953173,195.115985853427
2023-10-20,195.018471745750,199.553784815341,190.385644568483,194.189445776713
2023-10-23,190.443319101034,206.935911267177,187.426992491804,200.805946832453
2023-10-24,206.049299382943,210.600132365407,200.706995679318,209.660314059639
2023-10-25,208.750724888476,208.902312977123,191.316902121544,196.420718132950
2023-10-26,196.322928186570,199.549370686586,188.892397925764,195.003047444584
2023-10-27,198.558761311119,201.091565224170,187.307151229558,188.378740100394
2023-10-30,195.367244325755,202.738699960670,195.367244325755,202.164282419646
2023-10-31,203.849211162131,215.841788269917,201.767862995680,215.197578211188
2023-11-01,217.088383503562,225.980453519731,217.088383503562,224.907276356321
2023-11-02,229.869223819443,232.794156982937,226.317506579067,232.637463575273
2023-11-03,236.620981878127,239.914044920583,235.346266643929,237.842615403099
2023-11-06,241.118388537444,246.595900087419,239.614765707820,246.166279755790
2023-11-07,246.712559696310,249.334524241736,244.418288825582,247.695804594552
2023-11-08,250.764251647853,253.558751153346,244.901305089059,252.462840415554
2023-11-09,254.786107075767,255.781808591897,240.403922708174,242.671906421796
2023-11-10,247.009668685499,254.655034590918,246.413212547554,252.486131770146
2023-11-13,250.440120410105,257.905260527905,249.500082358667,255.527478188145
2023-11-14,263.927292307104,265.262387888686,256.918179573937,256.973785378146
2023-11-15,261.882891292333,263.946915492025,259.763037423698,262.719678063007
2023-11-16,263.340052936102,267.457408187926,261.704445344654,266.442175469574
2023-11-17,268.032524568852,271.951638488237,265.874200951078,271.099659670918
2023-11-20,272.875648895333,276.141219605655,272.360055383673,273.104823210341
2023-11-21,272.644843261128,279.947549658866,272.299797922322,278.682509920550
2023-11-22,282.922584735202,283.212976789516,273.977793879061,276.649602907790
2023-11-24,278.327857026449,289.786179527422,277.749164274821,288.050089698451
2023-11-27,286.810275851416,288.758519330647,286.219852881956,287.046442677650
2023-11-28,288.284081039094,292.409569747245,285.808745380484,290.818328844777
2023-11-29,293.191097845200,293.843634234889,285.301518718746,286.725196728715
2023-11-30,287.726484937291,291.613908452939,284.604796752907,290.612573124363
2023-12-01,292.628680884918,295.712091677947,290.909079790340,291.857848940467
2023-12-04,287.995318597355,291.620143612199,281.934112016305,291.144744840334
2023-12-05,289.898392498534,293.756198357992,289.482937761222,293.222018526892
2023-12-06,296.676594410410,298.344320699005,290.363082999676,292.209470423102
2023-12-07,293.339208305252,294.171617328353,290.485169956672,292.149999894601
2023-12-08,294.825401919998,301.127352216909,294.587579686917,299.819395332807
2023-12-11,301.324966264477,308.069936082927,300.903406403610,307.768809852026
2023-12-12,311.307446490975,318.506716896870,310.148217529787,316.432326443408
2023-12-13,318.721068422441,322.185079240693,313.648748751717,321.257203514781
2023-12-14,323.874915383145,324.435820697130,312.469321285606,321.257203514781
2023-12-15,319.761401995317,322.379064003216,310.474902639500,312.095380254578
2023-12-18,312.709620313842,313.201024646055,309.822679750499,311.726811649417
2023-12-19,309.455490742084,310.928783629353,305.710840114853,306.999969856521
2023-12-20,308.766625383028,309.802231710554,283.911768928726,287.871498949694
2023-12-21,291.644917891043,296.656505583735,285.454121302218,293.413689963345
2023-12-22,295.854115795997,301.687295661809,289.306707636405,301.687295661809
2023-12-26,302.954623651002,310.196554775941,300.902715605985,309.472336316646
2023-12-27,311.550381866031,322.612776097555,311.550381866031,322.307209206321
2023-12-28,324.053286730394,324.863940636892,319.189213627620,323.180247968358
2023-12-29,323.430037477187,325.678030656988,314.812692821395,322.493361163418
2024-01-02,314.696133046261,324.926083860407,308.645471551782,322.618091862163
2024-01-03,317.439718884786,321.994205484791,305.897602538800,311.450302351409
2024-01-04,311.021265224702,317.947174786529,310.224494247592,312.369667622925
2024-01-05,314.027000814781,324.952868265269,314.027000814781,322.190683107651
2024-01-08,322.876327832501,333.846655896366,321.193406622223,329.608124870021
2024-01-09,326.330035427544,338.496884064804,326.203916270116,337.299086184766
2024-01-10,340.487469644306,343.038189165472,338.638207237773,340.678772651879
2024-01-11,344.716136535543,346.959181980583,330.681439996134,342.473155176051
2024-01-12,344.722028001833,344.722028001833,336.176300983241,337.846876069990
2024-01-16,329.678307699416,333.954029942500,319.020891416822,326.678911500847
2024-01-17,316.828034694792,321.847602304090,306.349726055075,314.004547522200
2024-01-18,321.507949265147,326.120688676403,314.619579443700,324.767606148463
2024-01-19,330.771397827695,335.649466059171,329.395516393305,332.960267702849
2024-01-22,336.632752724446,345.750627793962,335.113121653840,344.484232687980
2024-01-23,348.798776236366,354.851923593585,348.154781642139,354.143572041029
2024-01-24,357.277323249209,358.126014347738,345.134125453529,345.525828033066
2024-01-25,347.073430411167,348.169608461183,340.431764223415,340.883124069678
2024-01-26,342.612395882850,347.928200211186,339.794360302593,343.829276630117
2024-01-29,343.507644631139,344.987007746827,337.525768000286,341.320696263401
2024-01-30,343.691894679523,347.601125481985,342.858792735492,346.575727833924
2024-01-31,345.413423739851,346.963218497225,326.234540878365,328.946691390067
2024-02-01,334.103679955976,338.505974690316,325.739283484469,331.525160516980
2024-02-02,332.472207537014,338.406969026364,329.694277865858,332.724762668914
2024-02-05,336.266717543841,346.513185492187,328.866521614308,345.943963978240
2024-02-06,348.845611587020,354.971340752948,345.363603505301,354.519982231273
2024-02-07,357.979389782813,358.436287494552,352.757675540216,355.694862061458
2024-02-08,356.152515600691,359.159940068405,351.772130515279,358.636946679585
2024-02-09,359.556023590002,362.772779646790,354.763667726346,356.010999520153
2024-02-12,358.104027626831,359.085147633261,344.237703338667,348.162170282964
2024-02-13,337.296251198002,339.883335982806,299.782933247728,321.579475378681
2024-02-14,335.740760407785,341.579152792185,329.343344595399,340.399081937816
2024-02-15,344.103944850506,345.573084009452,336.183192437734,342.187617504637
2024-02-16,340.586515045791,349.872896498280,337.832618816575,344.044909165718
2024-02-20,338.971719034920,340.191875968209,323.366882568884,332.357336174696
2024-02-21,330.274765519237,336.206913146442,327.750440129315,335.197162795971
2024-02-22,348.823076655520,352.625641054950,341.281286115469,342.485448197710
2024-02-23,347.417879230543,355.104863103169,345.496181305796,354.272072246003
2024-02-26,357.724624224896,360.199975430484,356.747488593098,358.245717195189
2024-02-27,362.110526300928,365.909817510727,360.996957887227,365.320248153989
2024-02-28,362.872847228804,363.798933727148,356.655232864451,359.499478866736
2024-02-29,365.535959894696,366.323341819785,356.546819612578,364.617362958709
2024-03-01,367.458708846209,370.300067949271,361.313472391849,364.154818279349
2024-03-04,364.286876816949,366.598171972025,362.305827059681,364.484971226936
2024-03-05,360.322852643334,361.115655382191,338.653272274229,349.421983451814
2024-03-06,358.540739762637,359.769517792039,345.606370341242,348.645947155270
2024-03-07,356.268741485831,356.591715405620,346.320348884929,350.454745809979
2024-03-08,354.858908122798,357.708621347307,329.599728963507,341.775929463176
2024-03-11,339.857302710671,348.171437244962,332.310603528162,344.973683354069
2024-03-12,353.519328676362,362.900235681959,348.828894449427,362.193454048959
2024-03-13,362.917446065485,366.010879663219,360.679678886844,364.628713086217
2024-03-14,366.477776559261,368.524927560654,340.062584087200,354.987181041511
2024-03-15,348.732474470066,353.228005726376,334.203286268872,348.341516217435
2024-03-18,353.181833898652,358.667578900754,352.730083822586,355.956962276731
2024-03-19,356.087459174081,366.264168775739,353.412781614546,365.872769413252
2024-03-20,365.872769413252,375.660211355468,364.351717466843,374.271448948093
2024-03-21,378.150616081974,380.625262027798,372.398767407077,377.013636115654
2024-03-22,374.529957723303,381.712434878720,373.657332106012,375.805366672183
2024-03-25,375.604311642328,381.501912447735,375.068151492380,377.815876759726
2024-03-26,381.847758603151,386.081151214301,379.697450290768,379.966185072108
2024-03-27,384.885522569777,387.109333963832,377.809774971268,386.502816667845
2024-03-28,387.046530381275,387.998005592897,379.026953597599,379.706565156255
2024-04-01,380.043377077627,382.468339385492,370.680393655292,377.146910412492
2024-04-02,364.458998230474,367.009982875706,352.576614921261,366.271532178921
2024-04-03,361.773344597562,373.283452510342,359.325827814690,368.586762557010
2024-04-04,375.488031510747,378.872314395726,341.048137871291,352.395394810115
2024-04-05,346.686972240454,357.909161497350,341.692162494896,345.324757297847
2024-04-08,352.837439438042,362.083731513287,349.755303553250,359.130055413228
2024-04-09,362.599897927290,363.974733281892,346.429048321406,361.879739216226
2024-04-10,352.350548121461,357.148035853128,341.704113690584,355.570748823843
2024-04-11,355.505647163517,363.973917927578,340.914081250144,362.019721640717
2024-04-12,346.113950640765,346.113950640765,312.462181225042,331.785647000240
2024-04-15,338.826203939461,344.860956253879,311.292671649730,312.801334583534
2024-04-16,314.753673711030,329.030129176607,311.947198417374,322.685075820722
2024-04-17,325.535200317787,331.855056679678,312.647612427962,326.774377877611
2024-04-18,330.515342830441,335.004528207671,319.541846466802,323.158087232357
2024-04-19,322.538072592543,328.986353812228,310.509523208590,315.221753516363
2024-04-22,328.080437508999,343.633336769519,327.345679359524,339.469568463553
2024-04-23,347.597521640174,355.217527749296,345.819541804621,352.804499779850
2024-04-24,355.652333146513,357.594033007572,347.367802302865,357.076236885265
2024-04-25,336.630952716415,351.216110565987,331.682399576640,348.872065247265
2024-04-26,359.812554406998,362.515479556650,356.079912840493,360.713533747259
2024-04-29,363.985015038791,369.481077436714,359.535800482308,366.733046237753
2024-04-30,365.677483108949,370.163514255588,355.386026278606,356.045723547138
2024-05-01,351.626024817095,369.824797292857,349.676183728540,353.835900180345
2024-05-02,361.999861611128,367.442468008588,352.151262933796,365.628257237002
2024-05-03,378.667567158044,380.379816404048,372.082043792824,378.931001263699
2024-05-06,384.695739753909,389.253905071748,384.293562102821,387.913295026297
2024-05-07,391.168484304344,391.304145448016,387.506352285486,390.761595817139
2024-05-08,390.353218979901,395.117760619838,389.944787690603,393.756472732010
2024-05-09,394.166408536991,396.899418668394,390.476849642341,396.489482863413
2024-05-10,397.586434776024,402.248596958677,395.392476101835,402.248596958677
2024-05-13,403.215374702440,403.491596914944,395.619263858585,397.829041558616
2024-05-14,397.142314327513,405.932584956495,395.219453357751,403.597638202722
2024-05-15,412.589558717511,420.336434081282,409.131138391578,420.198069600882
2024-05-16,419.633557652457,421.750452762271,416.387709208022,421.185940813846
2024-05-17,420.903346377633,426.837561086818,419.349211204107,425.283369397230
2024-05-20,425.993225621116,430.536396317397,422.727835880572,425.141423707788
2024-05-21,425.141423707788,434.652071256727,424.573607964152,432.948680805972
2024-05-22,432.089200696262,435.956746596428,419.197471748918,424.210909958282
2024-05-23,433.568503560303,434.844539051487,413.151949879520,418.114295944844
2024-05-24,420.647895448970,432.752884933127,419.944131884488,431.204560049497
2024-05-28,432.776748740581,433.062598631233,414.196520140654,422.057377841107
2024-05-29,403.393534309504,412.866820550782,401.555414367874,405.797182849417
2024-05-30,404.826887461290,414.252748743973,399.143647570261,406.906135429325
2024-05-31,413.429917099852,420.509001058502,396.218169577829,419.537367799275
2024-06-03,424.328859322822,425.738107443008,406.290260721012,422.637702389586
2024-06-04,414.716823763551,422.213395621829,408.351783767632,420.374582086860
2024-06-05,425.876185241686,429.825985449235,416.565875393107,428.697448936816
2024-06-06,431.973740220955,433.255772819238,426.560756429291,432.258650598714
2024-06-07,432.401716485372,439.553580445507,430.399194576534,436.406745999320
2024-06-10,430.370507009925,438.850020151580,427.639792221407,437.125333217934
2024-06-11,431.515629935280,438.707557220734,425.905941036481,436.693831964661
2024-06-12,446.901311273339,449.489126573870,442.444561386012,446.038749303417
2024-06-13,446.329270167930,448.944480990712,434.415531975257,446.038749303417
2024-06-14,435.577876954391,438.919535227946,423.664153290667,432.381493642042
2024-06-17,432.810628348238,440.391221489409,427.375451282970,435.385121918097
2024-06-18,440.121497910831,441.556725959514,432.945214141742,437.250970050628
2024-06-20,437.970118458889,438.689338783429,419.559579762569,425.600575977822
2024-06-21,420.350584823846,434.113977740521,415.100650426070,430.850510375598
2024-06-24,428.709077731906,438.416776280665,427.281503556201,432.420873376133
2024-06-25,434.566144257298,443.862456328315,431.276685046722,442.861330870571
2024-06-26,441.269331247660,447.637257376345,439.387879779236,446.624175917051
2024-06-27,447.786910310252,451.420364452653,446.333499585659,451.420364452653
2024-06-28,450.689807196237,453.758194429786,444.260730924810,445.575760286947
2024-07-01,450.220954801182,462.850120935454,448.043548905100,462.414590401046
2024-07-02,460.492468574418,469.807309790235,460.492468574418,468.476620300181
2024-07-03,469.071904086276,471.452979703766,465.202685971301,465.946757220044
2024-07-05,468.915058411527,469.063443046166,461.494342536398,465.204700473963
2024-07-08,471.729696689269,476.178577967347,470.988231305860,473.509234370896
2024-07-09,475.304515113800,476.501408837862,470.217903796502,472.910787508864
2024-07-10,473.957440933316,480.236972745257,471.864208841099,474.106924404799
2024-07-11,479.645891500563,480.544119778783,465.573897978821,472.310512759025
2024-07-12,479.930819161633,487.252319316701,479.183728833750,480.229655292787
2024-07-15,483.694841825096,485.954700887212,470.738042333913,472.244675306104
2024-07-16,475.083207879474,476.278415659171,468.509744367823,468.509744367823
2024-07-17,457.498225427497,463.301570794879,446.486751128403,452.438870843881
2024-07-18,463.696857226743,465.451331711785,432.993312496252,439.134009745756
2024-07-19,433.517011916932,438.701947392251,415.945876101129,420.842746003181
2024-07-22,428.877593406940,446.497872801149,427.890857760864,444.947274118235
2024-07-23,445.526835710276,454.220071238075,441.904666314257,447.410378284883
2024-07-24,434.625134566712,434.625134566712,382.321953303363,386.389951715411
2024-07-25,391.506821225787,407.261338214612,372.789913895140,383.292920732553
2024-07-26,396.033601557915,406.360247777792,392.814879809782,405.287322646775
2024-07-29,409.009362927829,415.488459872415,402.116721268995,411.904258639255
2024-07-30,414.683653545524,416.490265098516,385.361169999832,399.675023888770
2024-07-31,410.214344407775,424.312510830115,408.161246730372,410.761858109250
2024-08-01,412.010585278788,414.646828705387,358.731559378467,374.548756317878
2024-08-02,344.108410189867,348.873001412050,271.580958507865,286.139364776789
2024-08-05,163.246205526699,239.710511105496,156.367820744546,163.475483873046
2024-08-06,185.483401589562,213.493478683310,179.564613873347,195.320273902247
2024-08-07,223.456539905421,226.996265976611,196.137133764830,204.124180748084
2024-08-08,214.791902937422,222.491220636517,208.947847320993,220.079373435667
2024-08-09,222.774400087897,250.976140050542,218.154331022962,248.954865248787
2024-08-12,251.100577243344,266.835883684469,244.152514147755,250.691898903703
2024-08-13,254.998242128628,270.788252730411,254.998242128628,270.070525441841
2024-08-14,276.132356371982,288.575040695848,273.367278780176,288.468703419584
2024-08-15,296.158283802768,303.628162203149,291.983935144423,299.893217510409
2024-08-16,294.070048347085,301.796934692324,292.390265614706,298.885361309065
2024-08-19,299.891521100152,308.387970378675,298.549952352929,306.487468687949
2024-08-20,303.431072751594,305.129041565270,291.545143896600,293.016702529858
2024-08-21,294.344606004845,294.676562508817,281.951116877946,289.697037899870
2024-08-22,292.117609036787,293.217852640772,275.063673638087,277.374197309258
2024-08-23,284.478076497158,294.703367909860,281.141384442601,293.411721221700
2024-08-26,295.292942431270,296.067542750376,286.772206130580,293.633038760267
2024-08-27,289.979944797916,300.164367549493,287.655201340757,300.164367549493
2024-08-28,299.940531327908,300.723958103455,278.788019579943,283.152814709038
2024-08-29,291.627874155278,297.277848593591,288.802832609027,292.714394328284
2024-08-30,298.126871258460,302.876532341614,292.714394328284,301.330127719291
2024-09-03,294.942690902864,295.278905406027,229.723599198297,240.257300548738
2024-09-04,234.093003385575,250.199667219806,228.425854383066,234.590111776762
2024-09-05,238.716088336747,249.816886996657,235.768986080046,245.690910436672
2024-09-06,251.118332815090,254.033064301075,217.146741898638,228.504114783197
2024-09-09,233.541095206740,245.455458609844,231.022590465245,242.743262970545
2024-09-10,245.836775003333,248.431378549654,232.464690357559,248.032201864642
2024-09-11,251.259949103222,258.623247491233,227.959638638012,258.018024710579
2024-09-12,255.960905597756,261.000902452934,249.686598189036,260.383788319162
2024-09-13,258.833864213387,267.306669687550,258.523893857997,261.727006969436
2024-09-16,261.416239162689,261.416239162689,253.128831761452,259.137188919277
2024-09-17,259.446442463294,262.229549127452,250.066387273581,253.674084157082
2024-09-18,254.897828334962,267.849228812530,250.818667478091,255.713684981424
2024-09-19,265.440541901648,269.126463899471,262.164130387901,267.078737419736
2024-09-20,265.195691129332,271.890956367180,264.463395349730,268.124863786371
2024-09-23,270.850115089527,273.575408319948,265.085126545444,267.391136637620
2024-09-24,269.484638094604,270.950071319820,258.598474481597,267.181787538667
2024-09-25,265.716917742097,269.483736253775,263.205701913193,263.938126348122
2024-09-26,264.874077187653,266.330042313626,261.130315427346,263.938126348122
2024-09-27,264.250141159660,264.458130235112,251.146808607327,251.250823943960
2024-09-30,250.439335530096,257.641105015300,244.657625124072,257.032534349984
2024-10-01,257.955820226250,257.955820226250,234.052954245444,237.335748472169
2024-10-02,236.843248465120,242.162258391255,230.145248369246,240.881748522926
2024-10-03,234.828695191288,239.393322554752,228.577200940754,229.569494842575
2024-10-04,235.476999244767,239.835003979998,231.409517828489,238.769716300914
2024-10-07,234.227374346509,234.918591924083,215.564193636997,217.835409050250
2024-10-08,225.184508359907,228.859067436682,222.734783464831,225.938245224071
2024-10-09,227.473282199480,233.133731046302,226.705782899738,231.982472502707
2024-10-10,231.010420742062,231.302029465825,226.052887746406,229.357896782690
2024-10-11,228.294702575544,233.610663945963,228.294702575544,231.580919006522
2024-10-14,234.882974536539,242.555407391741,234.300278278627,239.933177111858
2024-10-15,244.282150125380,246.160083172707,231.334139894406,232.223696491104
2024-10-16,232.904276719464,236.112706922297,229.209688614364,234.751556188152
2024-10-17,236.511093185597,238.954894570936,233.969559295254,238.368411564071
2024-10-18,240.141399675995,244.573840406001,239.156386580614,243.982864068561
2024-10-21,242.687458078605,244.979312585031,237.505873977120,243.783572372350
2024-10-22,240.396997789580,246.373285955795,238.106079689470,244.680018585437
2024-10-23,241.586582659875,242.584481955129,226.019645034677,232.605688578455
2024-10-24,237.566108022453,237.955171779918,225.991770049522,236.690736452447
2024-10-25,239.143490198068,241.498153415895,225.015638434305,225.113738773115
2024-10-28,234.965733704444,239.078720013608,233.722304314205,235.826598867109
2024-10-29,235.239376432063,240.622418401012,233.771261620246,237.196859585363
2024-10-30,235.331843527147,238.865512184872,230.816622600303,231.503722930693
2024-10-31,225.491908199246,225.685847715993,213.274310130131,213.662179467134
2024-11-01,219.433050197147,224.552407186625,216.919915711488,217.292239860512
2024-11-04,219.826543243741,228.086473805272,218.418583361773,227.335553107701
2024-11-05,230.311033381574,239.525384585079,230.311033381574,239.141443286711
2024-11-06,265.220674935761,265.220674935761,253.509642422148,263.646081005700
2024-11-07,267.774441142496,272.728438215765,267.258367743062,271.902749675047
2024-11-08,271.588371612147,274.208363469105,267.815572858161,272.950777857733
2024-11-11,276.100805065138,277.990827689657,273.055758114399,273.685776156031
2024-11-12,272.529209317811,275.578350587363,267.061791931979,274.001192961302
2024-11-13,276.210445275400,281.681011385635,272.949184080759,280.418586000564
2024-11-14,282.121317420250,285.313928190090,278.715854580878,280.205733931032
2024-11-15,276.695162457657,277.758997461844,247.440577480043,260.418996455264
2024-11-18,262.776182947421,274.562187148978,260.931420280678,270.667677937172
2024-11-19,254.475670959070,268.160549362507,254.266741836772,261.056959204372
2024-11-20,260.954352027149,262.082702732104,242.285456701959,252.235378176822
2024-11-21,259.493919821583,260.905349125362,245.783324357008,254.554078559953
2024-11-22,255.769365405910,264.985367454430,255.263001794455,264.073894724357
2024-11-25,272.634014429456,275.212357525346,262.320642045896,274.593544868960
2024-11-26,274.488407558788,279.956104971210,274.488407558788,277.432536142734
2024-11-27,276.692716046354,279.757695585932,270.034324610069,278.278065962029
2024-11-29,282.088612371370,285.687491748632,281.665246552393,281.876902999533
2024-12-02,285.179337125992,287.736054478732,284.007502568974,287.629503727018
2024-12-03,284.078543654202,290.534863064410,280.742762305426,288.382742246940
2024-12-04,292.046113597422,293.877820821906,286.335574913940,286.874295220271
2024-12-05,284.939948934194,288.271333839917,284.187703156276,285.692194712113
2024-12-06,291.054285554347,292.770154623861,287.944305038396,290.732570827994
2024-12-09,290.624412902668,292.247073867375,281.861846806452,284.674504580692
2024-12-10,286.922389563185,289.170231729433,283.390027930291,285.423778166734
2024-12-11,291.961847886732,293.355215441326,287.031519029682,287.996150685695
2024-12-12,286.811856683020,290.364727924836,283.151344861220,286.165916307218
2024-12-13,290.136705690191,290.995235602593,282.302424382485,285.736629887232
2024-12-16,287.452443733134,287.559660650830,279.624043061208,280.803675804102
2024-12-17,278.146060195795,281.228862410043,272.937112342590,274.212757204115
2024-12-18,276.838813155621,279.990069793204,226.733665600892,226.733665600892
2024-12-19,239.094934280396,240.711385129339,205.719566848476,206.860585383820
2024-12-20,209.673181787449,239.250599515849,208.947373285899,238.796966934172
2024-12-23,242.783398466591,254.256542876970,233.935465065367,253.770402413093
2024-12-24,257.176716539443,268.497711742649,257.176716539443,267.495834609521
2024-12-26,263.897015604451,268.318444725675,257.110651805279,266.878913010699
2024-12-27,262.462598583666,263.181533490393,239.353976581751,254.143484392478
2024-12-30,240.817628845267,256.247559991884,231.599709904677,248.933357602509
2024-12-31,252.800466244818,254.783613882557,244.471287812207,247.446024142349
2025-01-02,251.795844398110,252.290133391875,229.947843799445,242.008706807243
2025-01-03,244.843801528224,255.793085332090,244.550526654914,255.304287359137
2025-01-06,257.713311962214,261.025673113231,251.791165793264,257.813667075845
2025-01-07,259.528410420430,260.335318798450,236.934390812674,242.986385206747
2025-01-08,239.169037438013,244.846080085169,231.338670576034,242.888476134711
2025-01-10,235.353257343762,236.429726957039,221.457159145439,227.035168464428
2025-01-13,219.281373749490,233.086918061147,217.862976026041,231.668520337699
2025-01-14,237.017307807290,241.219892421355,228.803118263974,236.444206379527
2025-01-15,248.312287648318,256.706747207609,248.119301695868,256.031330144888
2025-01-16,257.034567623345,258.539474003907,253.924499335888,255.630017094870
2025-01-17,260.441876240185,260.441876240185,254.026064046431,254.427062333248
2025-01-21,259.327563482576,265.628243535511,257.527372039184,265.228190991472
2025-01-22,264.717754325706,265.432379950291,260.021653287371,261.246715577722
2025-01-23,261.246715577722,267.123140535197,261.246715577722,265.603360437075
2025-01-24,267.237842655149,268.770179950108,264.479643696635,266.727077177515
2025-01-27,234.889753791198,252.702290303835,233.661314646312,248.402696992804
2025-01-28,252.450594678299,259.065471617511,245.539539976484,257.288335931446
2025-01-29,257.991584004994,259.498524069796,248.447492960435,258.795275996247
2025-01-30,261.817986742401,262.926327786163,256.377119490208,260.105131761469
2025-01-31,262.630424302842,264.549636533116,247.781694058396,251.014058410184
2025-02-03,233.453034817662,254.685044905241,227.797737465672,245.160370650670
2025-02-04,248.984147056150,254.768775109280,245.944746605766,252.709810287176
2025-02-05,252.013091615713,258.980288283473,250.022456886978,258.283569612009
2025-02-06,261.100832611923,261.402713482164,255.566913445463,260.597758198326
2025-02-07,262.214808472196,262.922257860450,250.895466661672,250.996512090660
2025-02-10,257.145014404370,258.434180513688,253.971569542980,257.938345869044
2025-02-11,255.827402973714,259.948777247602,255.324795129075,257.134193421934
2025-02-12,251.413369336593,259.542924481425,250.008274545813,258.438903509271
2025-02-13,258.941986514453,263.067389911654,255.822839684368,262.564266659027
2025-02-14,263.375609527583,264.795413910662,260.738780700138,263.781280961862
2025-02-18,265.305997696957,267.339004168658,262.866422458856,265.102698066285
2025-02-19,263.472237466407,268.261725668928,262.758910953960,268.057918093943
2025-02-20,267.852970600832,269.902353310186,261.807321836481,267.238189602671
2025-02-21,267.340480847593,267.340480847593,245.957334029582,248.208201820544
2025-02-24,252.248112925207,255.598283109562,240.916635241829,246.434582311179
2025-02-25,245.158218108117,250.165474177609,234.161943994340,245.256418850873
2025-02-26,247.411198172884,255.540723333808,242.611871099212,250.055745924546
2025-02-27,252.231443538117,254.802691069416,234.727036959427,234.825921966486
2025-02-28,233.963823928222,242.105880114002,228.024935910162,241.818485364646
2025-03-03,245.123078946984,245.317476524162,214.021060579020,220.144248941056
2025-03-04,211.066135391665,225.794911456494,198.653204620048,214.956774011024
2025-03-05,216.421244230718,225.574183103810,210.837942365194,224.475802980222
2025-03-06,209.981435780143,216.433799201768,199.508089171711,200.162673919189
2025-03-07,201.396876702101,210.388998594206,194.608712909202,209.154786995497
2025-03-10,197.532564967542,200.325517897896,182.576857999731,186.360852350266
2025-03-11,185.681615893296,189.587119392830,175.663120124929,186.785356032825
2025-03-12,194.180262484053,197.410233836173,184.830378517008,196.050249477345
2025-03-13,195.614977887381,198.836043368990,183.165952728485,187.257570095627
2025-03-14,193.807119595896,204.269386979441,192.956545763522,204.014218232092
2025-03-17,206.320448176089,212.706997965460,205.876947876202,211.731268921123
2025-03-18,212.905806035622,213.086502663263,202.515731876592,205.858646592448
2025-03-19,208.085589930165,217.527811866538,206.036810967238,212.539476605599
2025-03-20,208.738454533945,218.240955413023,208.014471877462,216.611953710894
2025-03-21,211.769940902086,217.342843219610,209.120523532304,216.703330887292
2025-03-24,224.104980957937,230.958343731097,223.556693660451,230.227300092992
2025-03-25,231.921878462109,232.486756747129,227.685423124994,228.815132623413
2025-03-26,231.255345689556,231.724613823291,216.801887170544,221.306851869030
2025-03-27,220.476258996490,223.706360847320,215.031261276505,220.291673573782
2025-03-28,217.621498981032,219.555084481237,199.942900380254,200.863687387702
2025-03-31,189.709464707691,203.410686259777,186.108498016480,201.039309168086
2025-04-01,198.227579242115,203.851083027474,191.110383199076,200.512134519514
2025-04-02,193.228744189808,210.164779688917,192.438980876378,207.093495464763
2025-04-03,175.260394802001,182.215517122408,155.465012363784,155.465012363784
2025-04-04,137.417910315405,144.912042736286,120.670833771054,124.800261323511
2025-04-07,113.222604708364,142.439151320183,108.114818029791,124.187320111700
2025-04-08,136.008199909801,137.027256030253,97.760130036050,107.746753655208
2025-04-09,103.896400892768,135.141073063968,102.507761700914,130.785762316868
2025-04-10,120.680068898290,125.179168220063,91.055118368467,105.798373046904
2025-04-11,102.517335825247,108.893702861032,97.379075952475,108.584176070279
2025-04-14,117.739982244148,121.377210262270,110.465501123484,120.687407590003
2025-04-15,120.885465655718,125.771074000828,119.234926756799,121.677717725043
2025-04-16,116.838457867719,120.882228493388,108.684625294648,111.468847549139
2025-04-17,114.194557368408,115.589119255986,112.546466434477,114.574901648817
2025-04-21,113.289702831954,113.868039407859,105.128731149733,107.634875589876
2025-04-22,111.681286799665,115.478699773199,111.370023441179,114.607168594705
2025-04-23,120.449886829989,122.632880456359,115.377630512854,118.780519501056
2025-04-24,119.956894382326,123.878135272720,119.760839526724,123.159236970408
2025-04-25,123.891146166841,128.482164554218,120.830442845172,128.415634613080
2025-04-28,129.706237179361,130.113804822241,122.709782710300,127.328812471898
2025-04-29,126.314226787232,129.357950022156,125.570200441591,128.884483015539
2025-04-30,124.325197951667,126.843024990225,117.996656978057,125.686181310015
2025-05-01,129.247451045814,129.785008928251,125.954963610928,127.701991452053
2025-05-02,130.343394278094,133.594387029643,129.598408405686,133.188002776432
2025-05-05,130.836812696266,133.118836296485,129.522926187880,130.767646216320
2025-05-06,126.930627960348,129.397295767764,125.217664205198,125.560250104373
2025-05-07,127.305527511838,129.654970904355,124.687597975326,128.983691774126
2025-05-08,131.024593489538,135.174392282560,130.276270343785,134.017879269612
2025-05-09,134.295212388529,136.652484967508,133.601876124659,134.780526280458
2025-05-12,145.557406122331,152.857866159162,145.070708323021,152.579773989461
2025-05-13,154.794812818497,158.117389520770,153.539605197759,153.687282328748
2025-05-14,153.761399021027,153.835486072556,149.685773835749,150.352690682884
2025-05-15,148.960204132882,153.064411275943,147.714273899178,153.064411275943
2025-05-16,154.321447147008,155.578512595736,152.398906473347,153.655949738828
2025-05-19,147.136299638439,153.063270439541,146.765873224215,151.877882206262
2025-05-20,152.688064491469,153.719272541382,149.447232232781,153.424642722201
2025-05-21,149.871261456582,152.758383734898,140.469606857963,142.542405193364
2025-05-22,141.971964606537,146.250361706648,140.688434067407,143.612015164420
2025-05-23,133.520166854631,139.174443371786,132.876006324219,134.307481326918
2025-05-27,142.470359646412,148.073724204042,141.363524935854,147.797008608686
2025-05-28,148.449374037865,148.666850926439,145.332516987342,146.564777295024
2025-05-29,150.318221388434,150.318221388434,144.110595092709,146.348239661643
2025-05-30,144.761410805705,147.141628844722,139.712425637523,145.266301388415
2025-06-02,143.972809711447,147.350267387373,143.110489112866,147.134671069082
2025-06-03,147.930189093922,150.895301731959,147.207005353486,150.389062988880
2025-06-04,150.900839102886,151.412615216892,149.511739818813,150.681513793685
2025-06-05,152.291530034464,154.999245369123,146.363782218247,147.973791140837
2025-06-06,151.454674160055,154.500432298193,151.454674160055,154.137847568864
2025-06-09,154.803829627490,157.097775229228,154.359834188605,155.543794893030
2025-06-10,156.361475839253,157.402143785819,155.023464636445,156.287156750332
2025-06-11,158.746010048252,160.906841069198,152.636095126664,154.871422402959
2025-06-12,152.942961578706,155.761510343222,152.052903307299,153.313814865085
2025-06-13,145.491326887863,149.919148043354,138.628173839972,140.989686327943
2025-06-16,146.858350056051,152.161372227287,146.575515136223,151.030060830757
2025-06-17,148.250807778196,149.055333595325,139.547394960754,142.472924104828
2025-06-18,142.401904211911,148.579420698390,140.768773300994,145.810170316733
2025-06-20,147.605862157860,148.252318403433,142.290635856427,144.229983044844
2025-06-23,144.730037456092,146.730247957453,138.800806578303,146.515946067695
2025-06-24,154.075729511196,157.459642998950,153.715746680363,157.459642998950
2025-06-25,157.981773493922,158.503903988894,155.669473842896,158.056348646619
2025-06-26,158.429996852898,160.148842870559,158.429996852898,158.878398614396
2025-06-27,160.152138087221,160.676612876328,155.956324789373,158.953308599275
2025-06-30,161.351502704093,161.501357985027,158.803453318341,160.302275921144
2025-07-01,159.022883076945,161.882743547000,158.872364500938,160.227031684998
2025-07-02,160.603232265285,162.183298779810,159.549857096989,160.979440369735
2025-07-03,163.392804677327,164.448685028578,161.733634156240,161.959880225332
2025-07-07,160.068709274546,161.203419409701,157.269783832066,160.371304191355
2025-07-08,163.608087067858,165.414648502265,163.005879849984,164.059708607955
2025-07-09,168.246877988947,170.226237529458,166.876533999179,169.769443511235
2025-07-10,170.621202207128,171.782696265375,169.614610674415,171.163225540665
2025-07-11,167.431299575392,172.173963264439,167.353566667474,170.463489422177
2025-07-14,168.989302200337,169.765178777632,167.592696429090,167.903061026066
2025-07-15,171.445149464400,171.830152214033,168.673066525331,168.981082585414
2025-07-16,169.753552084676,170.371555493545,159.788519417617,167.822339712272
2025-07-17,168.823130575027,169.515975128557,167.591406924307,168.438216934177
2025-07-18,170.134954324376,170.983284457613,168.978083014094,170.983284457613
2025-07-21,172.537332602528,175.490017084685,171.838014433907,172.148830279052
2025-07-22,173.084413951364,173.396285570929,168.484422562567,172.928474243284
2025-07-23,175.585305870015,180.195697977670,173.944329444186,180.039405950122
2025-07-24,181.235167392101,182.510629257386,179.880005103508,180.517720092877
2025-07-25,180.437905956985,182.433458909592,179.799313047727,182.114162454963
2025-07-28,185.882334173306,187.165102558894,184.679715260844,187.004755508527
2025-07-29,189.847991346792,190.335422237161,181.643194433164,182.618015596016
2025-07-30,183.902362079329,185.266996272180,179.005783084534,182.056114009567
2025-07-31,185.823084632359,187.185584093922,179.892118817730,181.254650338481
2025-08-01,172.777691000685,172.857654167187,162.061555075804,166.300018750469
2025-08-04,171.351008851749,177.856087167003,170.968365739516,177.779541707923
2025-08-05,178.649467321907,178.807634177479,170.899291398916,176.276964488339
2025-08-06,176.749467075930,181.946822294259,175.332006561840,181.946822294259
2025-08-07,184.026655568518,184.746603393822,177.467130937973,180.266920036956
2025-08-08,183.053747949508,186.636799896288,182.735247188570,186.636799896288
2025-08-11,187.122808906590,188.418897738505,184.611661096421,185.988739279220
2025-08-12,188.818986530100,193.913476865899,188.818986530100,193.670890944611
2025-08-13,196.063425592047,196.558406303294,193.505880874013,194.990905508663
2025-08-14,191.514082390131,195.239232278321,190.934614629746,194.163069588066
2025-08-15,195.236942988764,195.897799596040,193.089229229373,194.823926195343
2025-08-18,195.568634343892,200.533347059682,195.072153970324,199.788638911133
2025-08-19,201.631947834209,202.050871397488,194.677694355656,195.515541482214
2025-08-20,195.598413881505,197.256027628705,189.382362329506,196.510101442465
2025-08-21,194.183563046818,195.679208523248,190.859916588090,193.685009015277
2025-08-22,194.344940379042,209.935420836841,194.344940379042,209.935420836841
2025-08-25,207.532743625990,210.621887781296,206.245568764090,209.163126216963
2025-08-26,207.278765163283,210.704869162051,207.278765163283,210.533564390375
2025-08-27,210.017963394579,211.049165386170,207.096264520037,210.189827528776
2025-08-28,212.422253045661,213.538431459360,209.674682130907,212.336374013885
2025-08-29,213.630862183853,214.148624658577,206.295501135749,208.280391050853
2025-09-02,197.768051961736,201.955897837315,192.896504577778,201.870449036975
2025-09-03,202.459352098998,207.170627073307,202.459352098998,207.170627073307
2025-09-04,208.278499934026,213.391702914665,208.108059266536,212.965609767973
2025-09-05,217.890169606919,218.667731686753,206.658725982234,212.965609767973
2025-09-08,215.211917499983,217.371812166187,214.347942354344,216.853428806720
2025-09-09,216.155993308774,218.248264931708,213.192001414078,218.073901698358
2025-09-10,220.609145267572,221.483355431254,217.199700276866,218.685854932468
2025-09-11,222.450263239240,224.376257091115,221.399739442951,224.288686448574
2025-09-12,224.022749204226,226.948271656041,223.668133706153,224.465998630194
2025-09-15,227.215294774643,227.215294774643,221.894111333050,222.514918137259
2025-09-16,221.720213202633,222.249992945832,218.188221685259,218.718027918328
2025-09-17,219.768495963433,229.835582795876,219.768495963433,226.946754090465
2025-09-18,230.334693336237,231.047923995586,226.322661661224,226.322661661224
2025-09-19,228.815585301762,229.082711927168,223.829738020686,226.767819283584
2025-09-22,225.609240236464,227.302561785452,223.113876231298,223.203014835072
2025-09-23,223.821909159356,223.910315055848,217.013974336022,220.196913744250
2025-09-24,221.689756553815,223.358229995454,216.859914171781,223.094801610407
2025-09-25,218.056606803832,225.127748570612,216.200438608770,219.735987394814
2025-09-26,222.630730636611,229.472800787271,219.209699947229,229.472800787271
2025-09-29,230.369021817243,230.637873786985,224.722933287978,226.067255870906
2025-09-30,225.444568026825,228.113104414569,224.377173040799,227.045682743446
2025-10-01,224.817122798407,229.274242688485,224.817122798407,228.204542829106
2025-10-02,229.455704285598,230.081289482310,224.987238594799,224.987238594799
2025-10-03,227.294362758186,227.738028195549,223.656233409224,227.205610149044
2025-10-06,228.364831385488,228.543180659341,225.065543701062,227.918989410419
2025-10-07,229.169319738527,229.615869473920,221.488664289756,222.828322426931
2025-10-08,224.594321837172,227.773177288434,223.181501116669,227.155068223214
2025-10-09,227.957421305681,228.848951475747,223.054161383415,226.620192913338
2025-10-10,226.976347235531,228.579161896497,195.276252861032,197.858538656788
2025-10-13,208.401041383667,214.045841548610,207.321905013311,212.800681643991
2025-10-14,200.412025853638,210.649876334284,193.443433856631,203.079033040895
2025-10-15,209.380616606500,210.220819346470,196.189301675834,201.398602354623
2025-10-16,203.574100563836,204.076107717823,180.898951917620,181.568336625624
2025-10-17,185.376630336802,197.039537761229,178.632792757816,197.039537761229
2025-10-20,202.407320778070,212.564840867257,202.159584442386,212.399710837312
2025-10-21,210.257721100832,215.312782607088,206.487793460750,213.599216521781
2025-10-22,212.568140646290,213.513278496010,199.164515132431,210.248312291338
2025-10-23,208.543472599396,215.362788746384,208.543472599396,215.021813988671
2025-10-24,220.193741671357,221.141889192927,216.831971006946,218.297360429853
2025-10-27,225.245356783299,226.027006373062,222.466158241921,224.289998599705
2025-10-28,224.730119316347,225.434344152300,218.040168229190,218.040168229190
2025-10-29,220.556859446171,222.726413358899,214.308535499298,214.395335012238
2025-10-30,215.600036248509,219.472292066179,212.157999525322,212.932455851898
2025-10-31,217.734807370606,217.820554918978,207.444063916932,213.103968099866
2025-11-03,214.305037163231,215.334516352764,207.441785372575,214.905563115848
2025-11-04,205.515021183936,211.373349536452,203.533539299718,206.031948979348
2025-11-05,205.441599567421,216.067872114983,205.188567375906,213.790810097550
2025-11-06,211.815242105978,213.189550274028,201.507922256178,204.686035663071
2025-11-07,199.560482330079,206.450562014506,192.670394243105,206.282511085555
2025-11-10,214.127235489954,218.344829255760,213.368068612109,218.344829255760
2025-11-11,218.084593795575,219.646067280313,217.043599906010,218.865334875346
2025-11-12,219.733830704250,219.994375978868,214.696436778814,217.128299791879
2025-11-13,215.052155362852,216.782269953355,198.702662880637,203.460445565033
2025-11-14,196.764922885504,209.319043602272,193.333463222921,205.218047573622
2025-11-17,201.603722083459,207.739661603211,192.273710668560,194.459099968075
2025-11-18,189.715213892987,195.277038718152,183.335466676029,187.752211603483
2025-11-19,188.636129569517,197.394953051126,186.627225101258,192.975371256575
2025-11-20,205.764367730966,207.067704951286,177.661150771956,178.638645541338
2025-11-21,184.590672321905,190.151095928915,173.939697227632,188.271497807608
2025-11-24,191.727503604184,202.336604967840,191.084543351267,202.015140915790
2025-11-25,201.765517434202,208.255311944075,194.277328840716,207.839275581505
2025-11-26,210.202069858543,214.843214737621,209.358206923887,214.168121014512
2025-11-28,213.996855030946,218.193693869487,213.996855030946,216.994592164182
2025-12-01,213.890974636208,221.391366419826,213.287493450213,218.546400928169
2025-12-02,220.363294997643,222.093670301904,218.459864859203,221.661085127716
2025-12-03,218.785747078319,223.577939403911,218.524363007484,222.880909406288
2025-12-04,224.890419761578,225.589397359160,221.395601669679,225.152521070919
2025-12-05,226.030668608017,228.313788979115,224.625660648819,227.962528208016
2025-12-08,227.962528208016,228.581031215499,222.130937258933,224.870030842115
2025-12-09,224.167980024264,227.414910210476,223.816989717002,224.255751733473
2025-12-10,223.116499213696,234.246043135433,222.064898355850,233.369710547798
2025-12-11,230.777697980484,237.391758331266,226.576855574250,236.229852483654
2025-12-12,237.938395874891,240.456244560722,225.888596387527,236.949224976205
2025-12-15,239.741110118272,240.101361206391,231.365481710227,236.949224976205
2025-12-16,236.228758824176,239.020607942035,231.725732798345,237.399518572736
2025-12-17,238.391133740161,241.095541200756,232.621788851006,234.785311213642
2025-12-18,238.640129155393,242.674214060821,235.771436395992,241.239863198774
2025-12-19,243.784039769750,250.962148070524,243.693159121818,250.417000476646
2025-12-22,254.211889328281,259.117480065032,254.211889328281,258.562156890021
2025-12-23,257.433652311561,259.502535054208,257.245563513166,257.903841393654
2025-12-24,258.279530102149,259.688346323035,257.152501544595,257.997780006748
2025-12-26,259.876528013270,259.876528013270,255.649356740711,258.655338521238
2025-12-29,257.244472408916,263.922511184046,256.586086407419,262.135419124784
2025-12-30,262.324789125766,266.775003085838,262.324789125766,265.165339140493
2025-12-31,265.546264941226,267.641313992179,261.832331232418,262.213257033151
2026-01-02,267.800321636114,269.031341360167,263.160207665747,266.379872013217
2026-01-05,270.102117936015,270.865676607487,264.852792847251,265.139110646625
2026-01-06,265.615237462489,269.138354990293,265.043900518596,268.852705562276
2026-01-07,267.510330954771,267.510330954771,262.236829428888,263.675076294134
2026-01-08,262.725561187731,268.137679556709,262.155882507765,266.903363090168
2026-01-09,267.189935525603,272.443929089284,264.419633420580,271.584183124780
2026-01-12,266.380896031061,271.295119649382,265.802730537183,271.295119649382
2026-01-13,271.872977291171,271.969264426643,260.894009538925,263.590617539890
2026-01-14,257.515798361010,259.698930422659,250.112072442713,257.041164403424
2026-01-15,264.820369082235,267.538407274986,263.133316711053,264.539212432064
2026-01-16,266.630778686362,267.581522599063,261.496892757816,263.778613499004
2026-01-20,239.759911740002,251.152195345452,229.601800656902,232.734657050548
2026-01-21,243.859640869886,257.654611905877,240.655645529916,256.408622618098
2026-01-22,259.861022957282,262.100380953307,255.475567672280,262.100380953307
2026-01-23,258.421448127258,263.609686728097,256.251830509159,257.100815007478
2026-01-26,257.194219582396,260.650870844155,256.260005671349,257.287661526618
2026-01-27,258.128785624129,259.530615506624,252.895164032650,252.988602535855
2026-01-28,254.286017100208,256.510074274400,249.467177132219,251.783922661549
2026-01-29,248.918005041720,251.506558200047,235.790314200975,249.472706230127
2026-01-30,248.736508698747,254.441887730001,244.411447125957,248.368409933057
2026-02-02,249.562065800775,261.314785938676,249.562065800775,259.845693625981
2026-02-03,258.812920800368,259.845693625981,237.123883992547,248.766454978903
2026-02-04,250.787088941703,252.256634234897,234.805811432188,244.449693234118
2026-02-05,235.618540814334,241.718420900602,226.696354784228,229.609721651202
2026-02-06,236.665129667765,246.278135106590,236.665129667765,245.484400712559
2026-02-09,245.940089399363,253.960379806699,243.935046417886,253.413569787655
2026-02-10,253.228384379393,253.783894310142,247.487895969873,248.136012492964
2026-02-11,253.999324225172,253.999324225172,242.547597178174,248.044416999352
2026-02-12,251.158711747497,252.624262217213,232.106537321814,232.106537321814
2026-02-13,232.372233342607,240.962185783374,225.287723429008,229.095652267478
2026-02-17,227.248080362119,238.421331790938,221.705470220070,236.837721352208
2026-02-18,236.748299011468,242.472464709722,233.707331232758,236.748299011468
2026-02-19,231.472321909342,232.903086418432,226.285750263262,231.204060829534
2026-02-20,227.404414647342,238.803326684759,225.637128516913,236.682611604680
2026-02-23,234.894632072686,238.917574844858,225.507795403795,226.133576171192
2026-02-24,227.007175996710,235.481187780354,224.997876305021,234.782283458900
2026-02-25,239.944307686828,244.038303884812,238.075314259494,244.038303884812
2026-02-26,244.673347810071,245.036239125132,230.793111087187,240.137319772508
2026-02-27,228.888616180978,235.367878448662,225.379029659383,230.328450240694
2026-03-02,216.582775849285,232.090727258970,216.582775849285,226.892027237171
2026-03-03,210.276333292967,223.656343105217,193.135879925028,217.709664304114
2026-03-04,219.936417935103,228.929180262324,217.880962927078,225.845950645521
2026-03-05,218.694235026541,222.270092836031,200.378848315215,210.059837935682
2026-03-06,193.920795167507,200.561317047847,181.480284960026,181.480284960026
2026-03-09,179.843900131942,202.285436401741,173.220540144291,200.025691367007
2026-03-10,199.045181423028,208.768644558763,189.403419959223,189.893687187689
2026-03-11,192.917954997334,198.966562244585,189.893687187689,198.489026587423
2026-03-12,189.052662834981,192.062529345360,184.090437068610,184.659864677496
2026-03-13,189.442994482008,192.893138765993,181.209759599429,181.366583270358
2026-03-16,188.127026547077,195.819969142228,188.049335754466,195.742247267084
2026-03-17,198.565662863197,201.711728483017,196.468264271701,197.274965966099
2026-03-18,192.334993602825,192.901867578984,180.835369609723,181.564217991189
2026-03-19,173.180763673371,190.258210004434,170.774381804671,186.609832603472
2026-03-20,185.586873933926,185.822963109874,170.872127977415,173.704922678958
2026-03-23,185.388947522308,189.561803241115,178.105381536513,181.898893632723
2026-03-24,176.543226579788,185.158885130633,175.456575683564,177.397037572978
2026-03-25,182.685599935649,184.601748496253,177.550329457826,182.992183705346
2026-03-26,178.244194251485,180.657114708348,168.748207560175,168.748207560175
2026-03-27,165.984911723454,166.955809542285,155.006367439359,155.678529765745
2026-03-30,162.416012855322,162.702692150827,154.603416108040,157.255391322625
2026-03-31,164.747180797243,173.031341505207,162.009791609978,172.671166868893
2026-04-01,174.933227066296,178.401753551337,171.238539048846,176.215080531404
2026-04-02,164.942197757624,177.357587972491,163.494979519188,175.910407818144
2026-04-06,175.834313153737,181.618078415748,175.834313153737,180.857063279628
2026-04-07,176.304773814661,177.076332868759,167.740289308892,173.990058073642
2026-04-08,191.846801854326,194.268059352143,185.415351758608,191.317159343108
2026-04-09,190.049108550692,199.400983144760,189.415099005119,199.400983144760
2026-04-10,200.209936366744,200.776178545335,194.223845927712,195.922588642065
2026-04-13,193.677525003034,204.341599338242,193.196430201247,203.860536608907
2026-04-14,209.421112706532,209.993524951875,205.496000167032,207.131439193204
2026-04-15,208.120551612090,208.944783112771,203.999352896698,205.977511795291
2026-04-16,205.895334492657,207.950178027224,201.456864238618,205.895334492657
2026-04-17,210.990321478992,212.880392127283,208.689364120695,208.689364120695
2026-04-20,206.538337322891,207.034732577139,202.236308546633,206.124681505281
2026-04-21,206.700219119687,206.700219119687,198.642700739980,202.260349300880
2026-04-22,207.065407118178,207.391181894025,202.341807247132,204.866514930993
2026-04-23,203.309193431529,205.768075094017,194.867013112656,205.768075094017
2026-04-24,205.275242052331,207.575236366033,202.400222463745,202.810961843771
2026-04-27,204.034163879175,209.987199512183,204.034163879175,209.661030243397
2026-04-28,206.096212551035,213.225814774665,205.101354835834,212.479690141380
2026-04-29,212.646611054555,213.481190583545,206.053589673344,208.473796865886
2026-04-30,210.375016761047,215.004110555934,207.564538630815,215.004110555934
2026-05-01,215.759541746644,217.270404128064,212.569934992189,212.821762176452
2026-05-04,213.155771666535,217.832271965695,206.057554336445,209.731917604129
2026-05-05,213.793935910527,215.037422406493,209.731917604129,211.141200088944
2026-05-06,216.048567400099,216.797147585563,213.553300115219,214.884109333822
2026-05-07,216.897844416408,217.401290773004,213.289872327007,216.058797921069
2026-05-08,217.152561910230,218.919389426632,214.544358710501,214.796755429841
2026-05-11,215.048446395629,216.810098601227,211.525108428993,212.531763236966
2026-05-12,211.029763603459,218.205952551384,209.110560856214,216.370210453437
2026-05-13,216.622765835563,217.548872395640,212.076457451564,212.834182531459
2026-05-14,214.003133991648,219.346941915773,211.999219588385,217.510030120780
2026-05-15,211.432908034695,218.100860614107,210.842077541367,216.075139184686
2026-05-18,219.271898793940,221.038516042800,216.327539516676,220.281390759359
2026-05-19,219.262167812787,221.555438553163,217.393568345551,219.432039719481
2026-05-20,219.940688019549,223.670634266893,219.008188741929,223.246783289341
2026-05-21,221.194717023152,231.198515488881,220.767204998996,230.514479149751
2026-05-22,229.298273116928,231.122573478976,226.692126019492,227.908323365130
2026-05-26,233.695639974806,237.150768163336,233.695639974806,235.077679157300
2026-05-27,236.130292134334,240.866905800324,234.375972258832,240.516069894201
2026-05-28,238.919135486879,246.105313704253,238.919135486879,245.484292528819
2026-05-29,247.814573952376,252.206206466664,246.470173239703,249.158938814841
2026-06-01,245.998751063207,249.971560844182,242.748262945845,242.838572340706
2026-06-02,246.403802542774,247.740791722119,243.908140510012,247.205994267753
2026-06-03,244.957849539963,248.105270144026,243.788796296354,246.216801594946
2026-06-04,246.396292614507,256.358053174670,245.678346485366,255.011852578864
2026-06-05,252.546241742176,253.459426205824,232.273132055156,236.017254106709
2026-06-08,242.776916434379,245.410538908426,239.089815122892,241.108923637948
2026-06-09,244.125566808600,247.142201106798,221.944432263025,236.850154677652
2026-06-10,231.837918157422,234.300095810710,221.285832479331,223.835926519863
2026-06-11,225.032224680234,236.311598790178,219.478000311341,234.004486517981
2026-06-12,238.459201548234,245.534382399796,234.965284970490,245.534382399796
2026-06-15,256.715364797566,262.976679161173,256.268089722511,262.976679161173
2026-06-16,262.976679161173,264.549469415651,260.386250074024,262.144035292847
2026-06-17,264.360916722560,264.822753934767,247.364967394343,250.782621881023
2026-06-18,259.634295682089,260.627860950820,255.208472330050,259.002041654890
2026-06-22,264.967725179361,268.363561398645,259.185600865552,259.736287675498
2026-06-23,246.685118249745,252.015888466460,244.019769905194,245.766041487715
2026-06-24,248.357765043987,253.541176408743,243.174317931443,247.195953001825
2026-06-25,257.144738637504,257.144738637504,247.733734161218,251.229253438619
2026-06-26,244.091279769251,253.307386005516,241.290288234492,250.506403506155
2026-06-29,256.912321071851,260.882150659994,250.506403506155,260.070136371446
2026-06-30,259.518644296788,267.698964540664,259.334807477648,266.228343518595
2026-07-01,263.159715367248,267.065247177469,260.741975088195,264.647544094136
2026-07-02,265.945517685769,270.303009728922,260.382782992865,266.687226152228
2026-07-06,271.526787201490,274.691072267298,271.061417767304,273.760407853567
2026-07-07,274.326135362836,275.928984400697,267.820358578274,271.497554388300
2026-07-08,265.112690801955,270.558585081886,257.413296477244,266.427212150814
2026-07-09,269.124512084566,272.472844967040,266.148154182351,272.193824202586
2026-07-10,272.851864875844,278.868227345049,266.835493006058,278.116199662487
2026-07-13,274.980603470030,278.211198149564,267.474212212894,269.754650990181
2026-07-14,273.871595385823,276.678653114428,271.813141901471,272.935940665403
2026-07-15,276.512352058120,281.876955029820,273.688886221442,280.747574342099
2026-07-16,278.647803986733,280.365790104823,270.725960020143,273.971044909867
2026-07-17,257.189620465296,265.674633975395,255.964000698533,259.640822287735
2026-07-20,267.530976870719,272.301771641081,262.760191274945,264.503381284114
2026-07-21,270.707362847272,274.596456045296,266.818306688055,273.855661396631
2026-07-22,271.312110318239,272.913624282790,268.014923896438,270.558484395390
2026-07-23,256.700496855117,260.164984376680,250.801479281901,256.981392644456
2026-07-24,258.897112753577,266.924939608689,257.893635537003,261.360202316778
2026-07-27,267.155949899312,268.075889973626,257.588372575494,262.372156637611
2026-07-28,262.372156637611,267.441704719490,258.500846940365,263.939089428198
2026-07-29,260.518531157417,267.821924780943,247.206025442880,247.760685831780
2026-07-30,257.608472915603,264.501905074010,255.012236267070,264.501905074010
2026-07-31,267.922577519488,273.377178053091,257.013376452283,272.267777020155
2026-08-03,275.081429507211,277.050976869308,273.674584506000,274.143517208334
2026-08-04,278.849036031186,278.943165229719,272.731889794591,272.731889794591
2026-08-05,272.168666302255,283.526618745572,270.197459173039,281.743155909383
2026-08-06,279.453743553469,286.322009239106,279.167536006262,285.845053896214
2026-08-07,285.268550061631,286.709795235732,283.346931465192,284.499910309645
2026-08-10,286.321150641464,289.100977363156,285.075016132802,285.841881410469
2026-08-11,285.745819322054,288.532148333261,285.073211756802,288.243914027364
2026-08-12,291.331380219456,297.892245877652,290.559532968097,296.637953088783
2026-08-13,298.203841352628,298.888907681259,293.701922380875,295.169952415031
2026-08-14,298.196315682621,299.367847986702,294.974701912280,298.293960459047
2026-08-17,299.569740006338,300.158594552185,293.779569234832,295.938601159148
2026-08-18,294.276868008010,296.525121662534,293.201606485178,294.179098299085
2026-08-19,298.564749801703,304.509730849738,297.979978075729,303.730041712353
2026-08-20,299.868447045707,302.838902196615,298.383234322578,300.561555557947
2026-08-21,305.978883427854,306.372839211391,303.910430883660,305.880367395478
2026-08-24,307.569510621659,308.066301672151,303.197632132293,303.197632132293
2026-08-25,306.956699188979,310.814678910369,303.890090031004,310.814678910369
2026-08-26,309.412582727110,312.517244305701,308.511235180729,311.615896759320
2026-08-27,312.418105856882,320.239820045740,312.117279952262,319.638178264365
2026-08-28,316.997779080731,317.505574714531,313.240326993648,315.576036610639
2026-08-31,313.658888192972,321.327542405805,312.649821817474,320.318516391751
2026-09-01,316.252260381747,318.895340511829,308.221455335922,310.966130618427
2026-09-02,312.668702787186,321.181453465842,312.668702787186,320.280102333571
2026-09-03,321.601274291180,327.190794798815,320.788271973776,327.089187294010
2026-09-04,330.170079839020,331.299754474081,325.240635335523,325.343321826336
2026-09-08,325.240910117658,326.367561819454,319.095572580901,320.119812574019
2026-09-09,318.189564267150,319.815053635980,314.125820526457,315.852882662222
2026-09-10,308.789120313475,311.816454242328,304.248094192327,304.550818503181
2026-09-11,315.547936542821,320.501593317433,315.250727043657,318.421067379410
2026-09-14,308.799555686638,318.117200104198,308.191871775696,315.686535355708
2026-09-15,317.098316175302,318.106718081013,311.249447976773,315.384018817683
2026-09-16,319.113381804233,319.818928791375,304.699848794333,312.662574338829
