Date,Open,High,Low,Close
2011-10-04,4.085055109592,4.220051233118,4.075227805581,4.220051233118
2011-10-05,4.291721936958,4.397473814652,4.287712387093,4.384943971324
2011-10-06,4.386876090280,4.430348766797,4.356445216718,4.430348766797
2011-10-07,4.471467911406,4.471467911406,4.356238680583,4.447561431982
2011-10-10,4.486140621957,4.538532114517,4.481377758997,4.538532114517
2011-10-11,4.522189663487,4.587559467605,4.521722736315,4.569349307887
2011-10-12,4.657471147970,4.766000151019,4.650050361436,4.728432419195
2011-10-13,4.697471910851,4.709586892377,4.649909390787,4.709586892377
2011-10-14,4.850144679867,4.867714403303,4.787974889246,4.866362886116
2011-10-17,4.829265052455,4.829701497557,4.598822038655,4.598822038655
2011-10-18,4.593261189757,4.721624118486,4.537189296702,4.678527539526
2011-10-19,4.698575768173,4.699942692853,4.490347575188,4.522698125958
2011-10-20,4.509956801939,4.509956801939,4.425014641810,4.503350189484
2011-10-21,4.587237053675,4.614251467567,4.557852954354,4.614251467567
2011-10-24,4.664698148606,4.762814629161,4.664698148606,4.762814629161
2011-10-25,4.725563063554,4.725563063554,4.600792759473,4.601241573516
2011-10-26,4.686828760084,4.696596862899,4.572402412825,4.678456100528
2011-10-27,4.933794373620,5.018449535846,4.885746849114,4.985502661899
2011-10-28,4.942397848983,5.026452234169,4.931621645754,5.026452234169
2011-10-31,4.897327653128,4.914430246644,4.755376126951,4.755376126951
2011-11-01,4.390833563443,4.487410138104,4.330529880674,4.401262019862
2011-11-02,4.491989357040,4.492482440394,4.403727436633,4.474238356288
2011-11-03,4.538765975176,4.587282981859,4.402433186397,4.583401621324
2011-11-04,4.521322877280,4.575819484647,4.449292578848,4.538382684804
2011-11-07,4.520194692606,4.555134782881,4.471852923869,4.553220257386
2011-11-08,4.588046858265,4.662470827267,4.522210270302,4.662470827267
2011-11-09,4.485332363524,4.504910825306,4.206106206202,4.215429283241
2011-11-10,4.336406471973,4.349964260366,4.231072885232,4.344749726369
2011-11-11,4.430834511157,4.462736519637,4.422226032678,4.438430227462
2011-11-14,4.408179473956,4.408675387948,4.344702482994,4.383383774361
2011-11-15,4.343708325441,4.423561444154,4.326632815779,4.405983713620
2011-11-16,4.335032286161,4.415477214477,4.289063755694,4.301055546251
2011-11-17,4.279545146996,4.294909717892,4.156628579825,4.197600768882
2011-11-18,4.251685442286,4.267438259783,4.196550581049,4.264812790200
2011-11-21,4.152118343138,4.253439956093,4.148499714104,4.243617963000
2011-11-22,4.222316746487,4.288818105358,4.212445451029,4.286739937894
2011-11-23,4.239932482368,4.249191099945,4.185409512196,4.189524453341
2011-11-25,4.187418106205,4.222172833948,4.154769725598,4.161615353790
2011-11-28,4.298392011278,4.305283858360,4.236365387533,4.254920360448
2011-11-29,4.276189774588,4.309909577494,4.248695166066,4.294865357736
2011-11-30,4.440837325376,4.492235905531,4.424389779726,4.492235905531
2011-12-01,4.488297075276,4.557718958516,4.482881183675,4.538024807242
2011-12-02,4.604803475189,4.642336011189,4.546311211294,4.548260953424
2011-12-05,4.632397944970,4.638234036869,4.531725359709,4.551178999373
2011-12-06,4.549720911270,4.590547378159,4.540972382651,4.560413557360
2011-12-07,4.533735962630,4.533735962630,4.436241480070,4.490081716707
2011-12-08,4.427993229404,4.446718328750,4.366397507873,4.387586436080
2011-12-09,4.413318601241,4.540970322530,4.413318601241,4.537943008982
2011-12-12,4.484222202805,4.521338396163,4.438803703038,4.521338396163
2011-12-13,4.587511497148,4.618882448726,4.490457615704,4.526240107348
2011-12-14,4.530157234225,4.565411376126,4.482662070832,4.527219389067
2011-12-15,4.616314753341,4.640791501768,4.585963585292,4.611419403656
2011-12-16,4.688821251445,4.691225035537,4.598919726373,4.630168919580
2011-12-19,4.650758088509,4.698639876715,4.631126555344,4.646927545452
2011-12-20,4.754751531620,4.799121579025,4.735667640263,4.791010925198
2011-12-21,4.824359029086,4.957751444637,4.778505386240,4.954046099760
2011-12-22,5.008303845784,5.055387013821,4.917276387579,4.942387410532
2011-12-23,4.975198822043,4.981491421510,4.866876216919,4.884855072541
2011-12-27,4.881671275008,4.924425127598,4.881671275008,4.899864403770
2011-12-28,4.915734777093,4.915734777093,4.795119939836,4.795119939836
2011-12-29,4.836377255637,4.861409784325,4.834059428906,4.855847000172
2011-12-30,4.859051877506,4.867292990649,4.821509028740,4.821509028740
2012-01-03,4.929411966070,4.956157138570,4.917883874475,4.941862304992
2012-01-04,4.914852673156,4.989579321237,4.884691917606,4.987778679114
2012-01-05,4.937820602557,5.046657840771,4.928899517458,5.046657840771
2012-01-06,5.066057888385,5.109707995517,5.018439589695,5.087662486865
2012-01-09,5.108219582539,5.130526218271,5.090286796951,5.122653288012
2012-01-10,5.195635458330,5.219528430756,5.168267144461,5.172176903585
2012-01-11,5.146789346404,5.153674107674,5.124413872279,5.128286550493
2012-01-12,5.140872900355,5.169517696591,5.050164378939,5.163875539757
2012-01-13,5.097064128349,5.102667666080,5.020338765572,5.098357252441
2012-01-17,5.186124450774,5.224986543569,5.107963612458,5.119753236114
2012-01-18,5.132363465760,5.214112540704,5.112795868034,5.211503527674
2012-01-19,5.252525529859,5.282864718976,5.228596028585,5.282864718976
2012-01-20,5.266843261728,5.362550387921,5.262205471472,5.362128770625
2012-01-23,5.365452575845,5.443561832317,5.363790673235,5.429020350671
2012-01-24,5.359249312872,5.431072609014,5.352271864340,5.415476364945
2012-01-25,5.414242185954,5.543025529780,5.392847061968,5.537676543060
2012-01-26,5.600074032459,5.600074032459,5.492589485939,5.526404738523
2012-01-27,5.491713438705,5.596190886722,5.491713438705,5.595787338160
2012-01-30,5.476651894142,5.536020313044,5.471870372754,5.507332140989
2012-01-31,5.574958940073,5.584272810606,5.479795480284,5.512191713682
2012-02-01,5.566002418696,5.607271189003,5.551437027472,5.582186348561
2012-02-02,5.630535834266,5.666498540368,5.621744989623,5.666498540368
2012-02-03,5.784222331153,5.818476614061,5.755480521338,5.818476614061
2012-02-06,5.798140339955,5.850323986717,5.783175911839,5.847254360437
2012-02-07,5.845727064013,5.847254360437,5.785398702523,5.825872363227
2012-02-08,5.831237438772,5.837752359504,5.744243932181,5.763022539698
2012-02-09,5.744811947388,5.745586859615,5.616563818892,5.616563818892
2012-02-10,5.462603762620,5.493634503709,5.223905754241,5.363146259129
2012-02-13,5.532675796750,5.591134257999,5.494677963962,5.591134257999
2012-02-14,5.543792564367,5.543792564367,5.324335730332,5.496852071530
2012-02-15,5.445418582668,5.464195888126,5.323366097194,5.336020368264
2012-02-16,5.277516911000,5.438296196430,5.233323651916,5.433245369893
2012-02-17,5.476248227798,5.504779135458,5.404301304007,5.473767459084
2012-02-21,5.506193046162,5.506193046162,5.436826916844,5.475819875611
2012-02-22,5.460228437492,5.557468751649,5.460228437492,5.547211334543
2012-02-23,5.550856922620,5.739220840354,5.537894255561,5.730714090097
2012-02-24,5.778993550738,5.789198617983,5.607464485693,5.621202498923
2012-02-27,5.524727099852,5.684051722134,5.517120982777,5.598784941599
2012-02-28,5.567033038485,5.638575301199,5.558190736352,5.627321462120
2012-02-29,5.676508378615,5.729694564330,5.609726085178,5.671309904476
2012-03-01,5.696706198479,5.742340164265,5.684008051477,5.726467480513
2012-03-02,5.730004920315,5.746119050453,5.679696901269,5.707208941972
2012-03-05,5.683547371102,5.728504497726,5.655547658907,5.712730011982
2012-03-06,5.527952587105,5.588231738266,5.464915723876,5.488554449092
2012-03-07,5.522647567036,5.625747944914,5.506217063629,5.621640524441
2012-03-08,5.688249377055,5.745629430523,5.677816479557,5.728776547686
2012-03-09,5.767771932602,5.842217667442,5.765014683164,5.786284893118
2012-03-12,5.824116494266,5.927471024543,5.817876074153,5.917330439363
2012-03-13,6.005090539577,6.076061874483,5.979907315301,6.056983558648
2012-03-14,6.075631907961,6.081972645102,5.876467686480,5.952179984693
2012-03-15,5.921048541987,5.995839934829,5.895991678987,5.991284113946
2012-03-16,6.010143608135,6.037678469650,5.967898492027,5.999582291389
2012-03-19,6.021429087779,6.201476823545,6.007115518787,6.183773385091
2012-03-20,6.102205953921,6.323133090888,6.078064730868,6.323133090888
2012-03-21,6.384689517245,6.513528835465,6.341743316430,6.475592755137
2012-03-22,6.330136815833,6.471746420874,6.268947359454,6.431536206682
2012-03-23,6.456884938188,6.673405493966,6.400906630271,6.656154273913
2012-03-26,6.784890782076,6.989575154829,6.783869063757,6.972546516183
2012-03-27,6.906736782435,6.927261779732,6.613526258653,6.629815732196
2012-03-28,6.620196486872,6.668980361940,6.304474465813,6.587902707382
2012-03-29,6.389096985970,6.637690713305,6.388405626108,6.607956292364
2012-03-30,6.746871458907,6.746871458907,6.611403184369,6.686548435894
2012-04-02,6.658611159113,6.808859332712,6.655545008917,6.689274160152
2012-04-03,6.708345368647,6.732525381720,6.533978924584,6.630016767632
2012-04-04,6.460950446617,6.583970074419,6.383633468659,6.552012390196
2012-04-05,6.474111741740,6.565575473745,6.457418854941,6.477241823206
2012-04-09,6.290066782456,6.406875266533,6.280215183055,6.280215183055
2012-04-10,6.262417146842,6.304551762633,6.023049912311,6.025229136184
2012-04-11,6.185284952341,6.216385845528,6.088568760113,6.100326566566
2012-04-12,6.146035627142,6.380951915647,6.129924950967,6.368962575238
2012-04-13,6.369681582076,6.372557609430,6.128814291186,6.171954701495
2012-04-16,6.280762326497,6.309728030344,6.136304421631,6.220231122144
2012-04-17,6.327463632124,6.427326347414,6.319725340330,6.389739790165
2012-04-18,6.355278272195,6.422047463261,6.297124460622,6.332663044618
2012-04-19,6.345703359973,6.408733241306,6.219282082753,6.309117507547
2012-04-20,6.378200741248,6.445102253708,6.377473403875,6.412014875287
2012-04-23,6.249549770156,6.321477994169,6.179410240003,6.307879712478
2012-04-24,6.317703791221,6.378468728824,6.297691628033,6.378468728824
2012-04-25,6.510183742252,6.584318359011,6.438208246416,6.577840852288
2012-04-26,6.570505470263,6.717906243037,6.553739661195,6.688914983548
2012-04-27,6.708155888112,6.728083962929,6.636690181632,6.696473856349
2012-04-30,6.655976524069,6.675538794747,6.603124073466,6.621313827777
2012-05-01,6.630339142617,6.760169097780,6.619577998047,6.719553653594
2012-05-02,6.651126424191,6.725027968800,6.621018580109,6.694920124718
2012-05-03,6.724795758129,6.745399600611,6.586405693523,6.623836394263
2012-05-04,6.591553784534,6.594330505521,6.424586599669,6.475613950530
2012-05-07,6.400654846758,6.553059849214,6.383957653104,6.521086771776
2012-05-08,6.451938697373,6.506974778738,6.281890881749,6.493568660534
2012-05-09,6.332008899010,6.461681723777,6.271069690716,6.364604289493
2012-05-10,6.455733706261,6.503468238432,6.418486306157,6.466582608222
2012-05-11,6.379003918417,6.517136018470,6.369747634129,6.414605011834
2012-05-14,6.278215549528,6.316261278206,6.218276176702,6.225095642639
2012-05-15,6.207326578008,6.263225093828,6.060731794796,6.074058593270
2012-05-16,6.112401239991,6.162132442872,5.953716307391,5.960929100119
2012-05-17,5.988404480334,6.020522915303,5.817749309336,5.817749309336
2012-05-18,5.833618783720,5.848297888831,5.576533139998,5.622554774407
2012-05-21,5.635706949318,5.927109660286,5.597894610852,5.927109660286
2012-05-22,5.962683422216,6.086604663573,5.717186608325,5.807879756573
2012-05-23,5.740828762304,5.896482645185,5.647835640472,5.863755452094
2012-05-24,5.892219966575,5.901708559770,5.732500638442,5.837662532430
2012-05-25,5.846399170233,5.889685080503,5.827337256177,5.874594683145
2012-05-29,5.957074055639,6.027320095762,5.906955073043,6.008377270649
2012-05-30,5.928080118526,5.928080118526,5.806090603352,5.806090603352
2012-05-31,5.769292724248,5.847288407991,5.622900365246,5.750893384717
2012-06-01,5.540081452501,5.619640543774,5.506157479761,5.513022851438
2012-06-04,5.572956529532,5.631623672641,5.477569494932,5.631201438037
2012-06-05,5.596890050623,5.705611841159,5.596476495057,5.684528775102
2012-06-06,5.777086828199,5.897903378260,5.754561514335,5.895036540981
2012-06-07,6.030272823314,6.044508221454,5.907294800491,5.925484317722
2012-06-08,5.903453726218,6.088354496837,5.890864726866,6.083633779442
2012-06-11,6.195597794544,6.211702207675,5.807941564176,5.819444869788
2012-06-12,5.827076343481,5.874875641454,5.732281415717,5.856398664009
2012-06-13,5.780559259281,5.862386145097,5.654426514239,5.703522390269
2012-06-14,5.726490531535,5.886448372194,5.681784529872,5.886448372194
2012-06-15,5.904746563825,6.043971934933,5.866956979354,6.003000056264
2012-06-18,6.022900797480,6.269123537620,5.992464369738,6.258588007178
2012-06-19,6.366184284560,6.380430651381,6.267585617827,6.314448173290
2012-06-20,6.316306386957,6.445627415250,6.198133302866,6.445627415250
2012-06-21,6.435429935448,6.469300620086,6.057753446014,6.057753446014
2012-06-22,6.177212287849,6.399397372345,6.121568737792,6.378384967026
2012-06-25,6.185729139064,6.206106330312,6.114965374115,6.143122890893
2012-06-26,6.240589968118,6.281811068024,6.118852278830,6.242901286207
2012-06-27,6.286886893979,6.331630720010,6.212566337224,6.214083077089
2012-06-28,6.179416628946,6.321130796656,6.124178486719,6.312368756230
2012-06-29,6.498798948282,6.543437313325,6.453410511183,6.525806943911
2012-07-02,6.591551742801,6.744471965632,6.553049263893,6.732122259199
2012-07-03,6.752562929756,6.849833810218,6.747981477927,6.799788719611
2012-07-05,6.779549176055,6.779549176055,6.631591133505,6.674512784568
2012-07-06,6.574580159748,6.712209984862,6.571379608394,6.697628905065
2012-07-09,6.727045028554,6.766739025177,6.651201413020,6.731298083339
2012-07-10,6.785252707766,6.825101652209,6.574370542130,6.637846877877
2012-07-11,6.642854414050,6.769831367212,6.586340791531,6.736567019780
2012-07-12,6.657603318131,6.782746378651,6.578992554767,6.704135333274
2012-07-13,6.760457865489,6.904274787204,6.756915718469,6.900378269620
2012-07-16,6.908989104039,6.975464745750,6.865590636343,6.938954807815
2012-07-17,7.004035476641,7.091380126894,6.899221293486,7.063292876491
2012-07-18,7.047809104459,7.117149340222,7.003714014542,7.025256653891
2012-07-19,7.054362158864,7.106142882828,6.973137493822,7.105127574515
2012-07-20,6.999705285962,7.045555748504,6.882569409793,6.916036802984
2012-07-23,6.641459681830,6.756038936646,6.521375399351,6.674835580830
2012-07-24,6.689829079934,6.691613843513,6.446724689360,6.548107514047
2012-07-25,6.564124385256,6.634381484100,6.446543997568,6.580505719716
2012-07-26,6.784448509555,6.844218598939,6.719969261613,6.835886865824
2012-07-27,6.974867547176,6.988486243470,6.883727041205,6.918996112313
2012-07-30,6.948670640635,6.990766788492,6.840668883606,6.846879969416
2012-07-31,6.772950265088,6.844438889667,6.743308303445,6.745400936496
2012-08-01,6.808776262810,6.862237847017,6.739735961238,6.818335527951
2012-08-02,6.729708375846,6.894702006840,6.705887639312,6.894702006840
2012-08-03,7.027399035414,7.135843343361,7.005918054287,7.135843343361
2012-08-06,7.186785060556,7.252807765327,7.163324986896,7.217282847984
2012-08-07,7.270638644592,7.290522792396,7.106263022744,7.111565329598
2012-08-08,7.119975411905,7.260928525930,7.094409030814,7.256555417691
2012-08-09,7.225882636493,7.308335994754,7.194220678846,7.271066944895
2012-08-10,7.231897584056,7.338214872032,7.205894088453,7.335910908156
2012-08-13,7.324164967618,7.436076435395,7.310787925594,7.436076435395
2012-08-14,7.423842997872,7.443481091139,7.239695631504,7.243880670147
2012-08-15,7.245865064923,7.334826034330,7.223046046273,7.244542223262
2012-08-16,7.260745553960,7.318614592169,7.196924271822,7.316961323349
2012-08-17,7.352324517704,7.448919405679,7.310412404169,7.414210566241
2012-08-20,7.381890553927,7.424876299585,7.321775331024,7.417119496630
2012-08-21,7.463318995193,7.475272582375,7.282074808521,7.316643664090
2012-08-22,7.251457007459,7.318936666671,7.217389409513,7.289782776713
2012-08-23,7.262493764875,7.275316312606,7.165502698704,7.213833971665
2012-08-24,7.173627631293,7.386952689341,7.165320591098,7.357379626245
2012-08-27,7.393882709572,7.423215884280,7.325764992533,7.336520572493
2012-08-28,7.273764724283,7.333578773624,7.258729662370,7.267554797494
2012-08-29,7.271844449779,7.346420831526,7.243465876864,7.249735561578
2012-08-30,7.167036442651,7.217648303434,7.136603299205,7.174975558068
2012-08-31,7.231134516964,7.309355790287,7.155587212356,7.282279283102
2012-09-04,7.271078949134,7.323127908733,7.209476255799,7.319833785874
2012-09-05,7.329010485886,7.431594479032,7.329010485886,7.411602096971
2012-09-06,7.496097080256,7.803645869988,7.496097080256,7.803645869988
2012-09-07,7.880400257116,8.033599795414,7.865295782059,8.023736056082
2012-09-10,7.958631826547,8.079240004234,7.777719500014,7.795420802617
2012-09-11,7.798511525320,7.902360055414,7.750914395687,7.813037922026
2012-09-12,7.886123378007,7.930529656061,7.791143159930,7.915419063095
2012-09-13,7.911461231788,8.229600555612,7.840527021190,8.202809784700
2012-09-14,8.283402153215,8.349288409000,8.039565285954,8.062213723146
2012-09-17,7.988572294112,8.083467648126,7.985878223992,8.082869298494
2012-09-18,8.061071769001,8.202006903223,8.018671792180,8.188868762800
2012-09-19,8.265510683320,8.275828069004,8.172951110260,8.195943615670
2012-09-20,8.157950580969,8.240710997730,8.094333824487,8.236587697075
2012-09-21,8.231898375482,8.318648890648,8.194384740583,8.261498860790
2012-09-24,8.214748020940,8.356169901719,8.196631629285,8.317015994452
2012-09-25,8.364908235464,8.368971713299,7.995992189530,8.006150826065
2012-09-26,7.930353545095,7.984408110431,7.763961253275,7.846100522016
2012-09-27,7.986671984535,8.218491016115,7.920085437390,8.206468467367
2012-09-28,8.111971644676,8.214146698171,8.045823667987,8.082146165854
2012-10-01,8.181118202999,8.291487661454,8.023662116791,8.043756992421
2012-10-02,8.095288384908,8.129944402954,7.986499260162,8.124218545349
2012-10-03,8.120339235583,8.187180789626,8.020674001442,8.139138508447
2012-10-04,8.172795688906,8.238621379214,8.144797839590,8.236536168089
2012-10-05,8.366649190710,8.408449937963,8.239480126475,8.290701022465
2012-10-08,8.233963476502,8.284851439969,8.201792469048,8.244492093279
2012-10-09,8.236257012941,8.254491716045,8.043320962675,8.065084750636
2012-10-10,8.110204948633,8.134269174551,8.019964552639,8.110806671593
2012-10-11,8.170629703542,8.216693318496,8.135932345011,8.149691762006
2012-10-12,8.233045935261,8.269364694975,8.102655991230,8.123494504774
2012-10-15,8.158138939037,8.271031620022,8.076903993989,8.262071763973
2012-10-16,8.331979911892,8.375452015000,8.299081662743,8.354303367140
2012-10-17,8.356627557811,8.431582823163,8.312467818852,8.410083827036
2012-10-18,8.380068658404,8.469537406856,8.350630362661,8.415855903808
2012-10-19,8.380669664035,8.380669664035,8.102640687472,8.151094100839
2012-10-22,8.162421927664,8.203558601326,8.040202972785,8.203558601326
2012-10-23,7.971337816816,7.997403546856,7.822052950608,7.874184173728
2012-10-24,7.917462386458,7.926117930082,7.812976117193,7.840798028519
2012-10-25,7.975534455826,7.995403440377,7.845765398838,7.942005420214
2012-10-26,7.945071130138,8.013737661742,7.847589353097,7.952428368005
2012-10-31,8.035699989135,8.043047106937,7.836705354012,7.867319875582
2012-11-01,7.914981844931,8.188573804926,7.903840085862,8.184860009034
2012-11-02,8.236700872075,8.251001495712,8.057343989674,8.077603424978
2012-11-05,8.016610995307,8.041370154942,7.898248859081,7.999701773624
2012-11-06,8.030193091895,8.182040222778,7.992384223135,8.138132602503
2012-11-07,8.036795582355,8.065577900376,7.765164839553,7.814334223094
2012-11-08,7.819964146885,7.905038550851,7.764290456055,7.781180227430
2012-11-09,7.741602126806,7.908081438955,7.735319888612,7.783693248353
2012-11-12,7.825770533658,8.045577904079,7.825770533658,8.034901671691
2012-11-13,7.940509301272,8.130511639649,7.914932201605,8.026375931204
2012-11-14,8.141595816128,8.151959387555,7.823369345364,7.890428415722
2012-11-15,7.891669049160,7.961764962454,7.727285366790,7.847626686185
2012-11-16,7.895653013862,8.035989685646,7.756563779160,8.029128781692
2012-11-19,8.171242775308,8.376789082050,8.167582824673,8.373129741346
2012-11-20,8.419412784276,8.452220900068,8.346766099886,8.441089769657
2012-11-21,8.452713296407,8.525361065076,8.372510276033,8.413192910251
2012-11-23,8.514072038066,8.596874346814,8.477335517507,8.596874346814
2012-11-26,8.522084394584,8.636838451270,8.498105520850,8.632271454548
2012-11-27,8.660132049498,8.694247089251,8.524240021509,8.536749024832
2012-11-28,8.464296375868,8.664978279530,8.376892974016,8.652902857204
2012-11-29,8.721558676595,8.738013377111,8.615454001483,8.711345300726
2012-11-30,8.752489950567,8.752489950567,8.588475649800,8.626238227957
2012-12-03,8.746916996029,8.752609266161,8.531744881583,8.545975841534
2012-12-04,8.513796495868,8.567811867138,8.406914219394,8.465526902735
2012-12-05,8.467847496732,8.555450036166,8.373863323805,8.535724755128
2012-12-06,8.536300286484,8.549535090916,8.449412314263,8.486238955699
2012-12-07,8.551063705816,8.640197693817,8.457299386789,8.632094614523
2012-12-10,8.593960063718,8.623556889201,8.545579923791,8.579730711241
2012-12-11,8.630125373528,8.724615909351,8.614090749903,8.720607224812
2012-12-12,8.739204536342,8.762874610423,8.599440719392,8.612402379507
2012-12-13,8.619251437094,8.642080982219,8.462299099127,8.530216770431
2012-12-14,8.506588727584,8.529640367068,8.446654764596,8.501978307481
2012-12-17,8.485210721603,8.648265537514,8.478850311724,8.645374263395
2012-12-18,8.714195992729,8.838188860454,8.689169681825,8.806906028701
2012-12-19,8.811933025216,8.811933025216,8.544955632147,8.545514274197
2012-12-20,8.559341851221,8.587573274343,8.421064813445,8.446991505961
2012-12-21,8.103632183511,8.238294607555,8.083228937850,8.170088732541
2012-12-24,8.244911181932,8.263013058477,8.191208352822,8.245514223819
2012-12-26,8.180937672657,8.188710699635,8.019495158677,8.024278753073
2012-12-27,8.027967953660,8.070395297631,7.772789863417,8.021819204030
2012-12-28,7.893883550750,7.994140913904,7.787475429120,7.815153596230
2012-12-31,7.618037473527,8.082397994304,7.588975462448,8.042595295712
2013-01-02,8.429672344070,8.536579147619,8.317850156653,8.534736047631
2013-01-03,8.488263445540,8.581208998268,8.436561952481,8.499300395177
2013-01-04,8.505133703785,8.602552255916,8.485883750377,8.585635322613
2013-01-07,8.540009943266,8.609314025997,8.500737564266,8.583902833164
2013-01-08,8.614518250989,8.652065718748,8.537690476283,8.633003101317
2013-01-09,8.707672774870,8.716288661076,8.592795823818,8.626684754132
2013-01-10,8.709457012613,8.743945242884,8.644503617541,8.734173660029
2013-01-11,8.727927664368,8.754614646121,8.675120496576,8.747233242012
2013-01-14,8.757438725442,8.841917335995,8.725688445943,8.823207623223
2013-01-15,8.770367090374,8.863118807262,8.751254413694,8.821520780710
2013-01-16,8.857504041306,8.960393789521,8.836139205222,8.920474972244
2013-01-17,8.974413762439,8.992208002504,8.888778982130,8.888778982130
2013-01-18,8.937888035050,9.189573186902,8.908869140553,9.167808960223
2013-01-22,9.177015654384,9.329740260172,9.089821710849,9.307535835536
2013-01-23,9.301666496316,9.452665948424,9.287259984919,9.428655238380
2013-01-24,9.394940077538,9.472906597704,9.122057994477,9.400734976168
2013-01-25,9.389110760249,9.445118153904,9.275511395365,9.364805802464
2013-01-28,9.381248208077,9.381248208077,9.185529596811,9.233266027162
2013-01-29,9.167083313776,9.411904857666,9.139641682536,9.379082643132
2013-01-30,9.266758196673,9.322920154987,9.073369485611,9.083966333440
2013-01-31,9.046180254426,9.161728653879,9.017156358400,9.063156450034
2013-02-01,9.240994882619,9.356260210137,9.239347794408,9.292041004849
2013-02-04,9.166689845408,9.215973015857,8.987770334531,8.989377290793
2013-02-05,9.091377894207,9.267661928985,9.076410603561,9.184509082391
2013-02-06,9.088430212875,9.214364382940,9.075402214418,9.205679050635
2013-02-07,9.268501881396,9.280416515111,9.035624733073,9.221926386742
2013-02-08,9.252201098507,9.333835095973,9.251120071188,9.310588359273
2013-02-11,9.329331527941,9.413944137102,9.288631736302,9.375922170497
2013-02-12,9.406235701501,9.481221591783,9.364754027496,9.437081155201
2013-02-13,9.452932597515,9.500487981241,9.338271643902,9.420172611896
2013-02-14,9.393705506399,9.512807481134,9.354533872658,9.486340375638
2013-02-15,9.539433285072,9.550998251064,9.413796842134,9.523137449910
2013-02-19,9.556127428724,9.738358471130,9.556127428724,9.722648802807
2013-02-20,9.708281469701,9.714951859613,9.249036751647,9.249036751647
2013-02-21,9.286893768819,9.291761329831,9.042985502122,9.206312281627
2013-02-22,9.319869619854,9.369313557553,9.227502338830,9.361706831343
2013-02-25,9.523649925244,9.581372361134,8.669038883389,8.707520115374
2013-02-26,8.729479964489,8.845634290054,8.483880266751,8.781489312245
2013-02-27,8.752263411727,9.138502114785,8.712149817156,9.061713024174
2013-02-28,9.078944730990,9.151762947448,8.928861266130,8.928861266130
2013-03-01,8.730805653708,8.935632168616,8.624160497561,8.860021462861
2013-03-04,8.795760377135,9.093179802688,8.775856720444,9.089199048602
2013-03-05,9.234528829294,9.263372641991,9.182387467995,9.235637993362
2013-03-06,9.285327407554,9.294063751036,9.124246719992,9.206698132084
2013-03-07,9.224774219644,9.305842023123,9.190265315253,9.304198861946
2013-03-08,9.383884088741,9.395267692569,9.233186965530,9.365453275237
2013-03-11,9.366530706328,9.566872786757,9.350912533208,9.561486923828
2013-03-12,9.544072013489,9.577846999147,9.324534395621,9.477049565231
2013-03-13,9.502076154454,9.541479339799,9.397710396698,9.503673483026
2013-03-14,9.567923266041,9.613588582755,9.513231317785,9.592879940777
2013-03-15,9.576044788598,9.624971949619,9.490290942623,9.597088834042
2013-03-18,9.290507754060,9.555545271418,9.279990606781,9.348879088886
2013-03-19,9.450978833983,9.469346199978,9.099302258332,9.328351313893
2013-03-20,9.504848372709,9.622332430889,9.456122112440,9.591472534630
2013-03-21,9.470274833675,9.578298882938,9.388598403964,9.447616047376
2013-03-22,9.534301458194,9.552494433604,9.393571465821,9.463133874806
2013-03-25,9.584401098715,9.653849624682,9.386206406668,9.506939733321
2013-03-26,9.604785169819,9.677105127207,9.550544670010,9.644667733864
2013-03-27,9.534568477350,9.640473383600,9.495771812187,9.606919420341
2013-03-28,9.620078141590,9.639552838500,9.581654465002,9.597445141041
2013-04-01,9.642228897057,9.664357287899,9.550026829490,9.602713725242
2013-04-02,9.674328611546,9.756474993461,9.659057790202,9.754368673275
2013-04-03,9.760590998251,9.784961468603,9.528294530024,9.575479915410
2013-04-04,9.585519532924,9.656852049946,9.461347507733,9.656852049946
2013-04-05,9.383861284411,9.639560783419,9.359234478307,9.637988859625
2013-04-08,9.669488986631,9.772389296517,9.606488837619,9.759789350715
2013-04-09,9.799716129381,9.883199610704,9.725566101270,9.827716800135
2013-04-10,9.883333830224,9.974483588083,9.872004353192,9.950794999908
2013-04-11,9.979281274916,10.065756747486,9.943165107383,9.978263711747
2013-04-12,9.924999262124,10.078198637361,9.867675936790,10.067038301735
2013-04-15,10.036867457740,10.104751982440,9.273542560270,9.483733474066
2013-04-16,9.545351058601,9.703948980159,9.475160393327,9.695375899420
2013-04-17,9.522862592085,9.523386635303,8.982773815091,9.170494023920
2013-04-18,9.153251849245,9.182174056054,8.833997748812,8.935224693976
2013-04-19,8.993490676131,9.280820700043,8.968927662333,9.229980973808
2013-04-22,9.229427307816,9.407672218951,9.128680246707,9.355637911843
2013-04-23,9.506940775215,9.613453248975,9.185763713939,9.582318769703
2013-04-24,9.586587645224,9.643682427960,9.531093650790,9.579117406539
2013-04-25,9.626623229305,9.643170131709,9.490510627856,9.522003536217
2013-04-26,9.467229786742,9.541334942388,9.411382153791,9.518244138554
2013-04-29,9.593990627516,9.629446545160,9.514483685231,9.544030319081
2013-04-30,9.544030319081,9.608857183334,9.467416625603,9.592784701963
2013-05-01,9.540545499022,9.562400799778,9.382229270505,9.382762428031
2013-05-02,9.467822229415,9.569785288873,9.453645468625,9.551791737230
2013-05-03,9.658946681556,9.678770453411,9.613941819249,9.654124923371
2013-05-06,9.654124923371,9.763336663360,9.647232588886,9.734708287580
2013-05-07,9.800433605498,9.823043114862,9.709995462882,9.773092083565
2013-05-08,9.735382300367,9.774139365135,9.649488032790,9.746380851833
2013-05-09,9.706991986444,9.721697162855,9.556789113094,9.653422919441
2013-05-10,9.625317585090,9.706452052289,9.569106810329,9.698498000536
2013-05-13,9.699025627531,9.743364241535,9.652048034015,9.735446564026
2013-05-14,9.754376891146,9.791711702967,9.705999493674,9.772255323090
2013-05-15,9.710962733437,9.774874878553,9.680054661180,9.738727800143
2013-05-16,9.695096763674,9.752395557674,9.633066543822,9.686159906316
2013-05-17,9.713644583855,9.828867922591,9.699902245085,9.814596930686
2013-05-20,9.757207832110,9.824509715534,9.745208480188,9.747816767288
2013-05-21,9.776184091407,9.791418338677,9.667968508965,9.712620507969
2013-05-22,9.747944774146,9.776415268661,9.572904709760,9.656734399577
2013-05-23,9.411736323833,9.647719008494,9.408554639456,9.611128630592
2013-05-24,9.556247584757,9.636171593107,9.521613741240,9.615923857962
2013-05-28,9.761313264129,9.792734158780,9.678766179825,9.749596812382
2013-05-29,9.666590222428,9.712821530740,9.568348035568,9.677097595857
2013-05-30,9.663864501594,9.724736417608,9.606697428515,9.681861298062
2013-05-31,9.622606084851,9.684506826982,9.501979616220,9.501979616220
2013-06-03,9.517618623911,9.524628949508,9.267396226521,9.520854042651
2013-06-04,9.489100136174,9.527851036470,9.316874606322,9.469186426752
2013-06-05,9.372318996018,9.413988504136,9.237570814141,9.255970410298
2013-06-06,9.211656747834,9.311915797078,9.000614096351,9.309146428589
2013-06-07,9.436925503274,9.531658375695,9.369731224535,9.531658375695
2013-06-10,9.585479143313,9.600548850604,9.499365484558,9.582249574331
2013-06-11,9.378804994673,9.469284175662,9.231039721565,9.271728787404
2013-06-12,9.365897266424,9.375314014618,8.938260971337,8.994208303127
2013-06-13,8.986206338444,9.229123123449,8.931335837793,9.207974959617
2013-06-14,9.180603633339,9.286737892400,9.056035436966,9.089551930375
2013-06-17,9.180673834976,9.205576376152,9.072572467103,9.156902563756
2013-06-18,9.175443465916,9.228256737084,9.156341058747,9.228256737084
2013-06-19,9.180866696120,9.430082810477,9.150759899515,9.215433296345
2013-06-20,9.029516586958,9.051290602908,8.555513232297,8.705139803440
2013-06-21,8.840953743689,8.880689581392,8.603724153733,8.849849971928
2013-06-24,8.611768707040,8.733143526741,8.527156767693,8.595429921420
2013-06-25,8.721709375310,8.742154880230,8.626097938267,8.706676092673
2013-06-26,8.820675006233,8.822456122364,8.723894696511,8.809394208241
2013-06-27,8.919144464304,8.988985877814,8.879822171259,8.984290547249
2013-06-28,8.892755327467,9.080431439405,8.865121868914,9.008469607597
2013-07-01,9.067033619829,9.227796284816,9.067033619829,9.157750004294
2013-07-02,9.102385222109,9.209159723367,9.023292885966,9.079787331076
2013-07-03,9.037619484747,9.168682291982,9.022803600945,9.147598083899
2013-07-05,9.264120677008,9.382340542119,9.190021399277,9.382340542119
2013-07-08,9.504296618523,9.611353194151,9.477808200198,9.580449965860
2013-07-09,9.704801397805,9.733456135026,9.644788311670,9.683715756885
2013-07-10,9.676226417718,9.755399217788,9.663922396382,9.728116518117
2013-07-11,9.890536025409,9.906511800204,9.805332461195,9.867104832241
2013-07-12,9.863429059844,9.887584720738,9.781509610885,9.817743364788
2013-07-15,9.861021234834,9.951799311706,9.821965279344,9.921188029776
2013-07-16,9.930590018866,9.938425114241,9.733148247977,9.785903644493
2013-07-17,9.855817984819,9.960689866066,9.805500981572,9.947978254495
2013-07-18,9.991234552119,10.096509884500,9.975078677211,10.030321850602
2013-07-19,9.986900748868,10.169890652370,9.942962623410,10.137324360841
2013-07-22,10.165458224868,10.268785687704,10.118910011166,10.256508874863
2013-07-23,10.294432271668,10.341457283705,10.189257950067,10.279263115204
2013-07-24,10.307011978880,10.318616335350,10.153130999353,10.219728756522
2013-07-25,10.155785572408,10.349644759391,10.145636079749,10.337972406395
2013-07-26,10.276257859697,10.370585991141,10.188954271395,10.349512763111
2013-07-29,10.302401079351,10.347006627342,10.236745674893,10.290372690179
2013-07-30,10.308015532644,10.394718097589,10.257103341624,10.379091591499
2013-07-31,10.390587062479,10.613003503820,10.388587715402,10.497546683107
2013-08-01,10.638897933765,10.681402126267,10.607761240430,10.666575280065
2013-08-02,10.649060378447,10.805721540225,10.649060378447,10.805721540225
2013-08-05,10.811965763764,10.880173900455,10.784586402727,10.867204921574
2013-08-06,10.834247849675,10.847621599631,10.657999576160,10.706718775764
2013-08-07,10.609737629190,10.677624528773,10.498694119381,10.638831876181
2013-08-08,10.742292173682,10.765228811979,10.616871179902,10.720331086986
2013-08-09,10.709191512968,10.766827508914,10.597793738565,10.651070791823
2013-08-12,10.539431402122,10.700796785099,10.532119174735,10.673008839005
2013-08-13,10.722632539759,10.758633924137,10.601978793993,10.734308532933
2013-08-14,10.758979738370,10.781715768980,10.669003009845,10.672873069251
2013-08-15,10.500149141727,10.522530160446,10.385324188276,10.401866946915
2013-08-16,10.407362221950,10.582708364431,10.398370017291,10.496783708046
2013-08-19,10.472524266010,10.511141260218,10.339841595475,10.368061813261
2013-08-20,10.335476663594,10.543519771595,10.306400673094,10.401649379309
2013-08-21,10.323197278945,10.525573516311,10.218261448461,10.305708057147
2013-08-22,10.374809259434,10.466608338964,10.367747892656,10.435336427692
2013-08-23,10.482665404520,10.556399478159,10.440816249522,10.556399478159
2013-08-26,10.590878001551,10.633730322514,10.352482080532,10.372184304993
2013-08-27,10.127973918660,10.207705749424,9.920369761567,9.947949823399
2013-08-28,9.907617570513,10.036471596238,9.847380827712,9.952140198220
2013-08-29,9.885122523822,9.996644192162,9.851089953151,9.857373079374
2013-08-30,9.884863127383,9.890149610012,9.707233758480,9.800277819352
2013-09-03,10.016170969012,10.036909377401,9.882699802470,9.973630638659
2013-09-04,9.976766567104,10.030601695392,9.942792771954,9.987219801302
2013-09-05,10.006010431612,10.119276071037,9.990351886197,10.107271259293
2013-09-06,10.173298036537,10.192384034823,9.924149626818,10.068583634052
2013-09-09,10.122437402639,10.276748955498,10.096028239478,10.254482493486
2013-09-10,10.397400544256,10.442157633158,10.366375673484,10.441140627722
2013-09-11,10.406163307630,10.622021489985,10.396170073130,10.608530553456
2013-09-12,10.618860564389,10.693630781050,10.504245541988,10.518510931042
2013-09-13,10.618238421648,10.641061605744,10.500649308706,10.614269073009
2013-09-16,10.716055124066,10.732281984172,10.611810374398,10.646230974825
2013-09-17,10.651133359174,10.730063325806,10.651133359174,10.707021658529
2013-09-18,10.682160055633,10.965386419976,10.610987902922,10.913713292193
2013-09-19,10.966817894888,10.988825207717,10.860608593815,10.934763861018
2013-09-20,10.914231334990,10.981559111336,10.822551314276,10.823983720592
2013-09-23,10.852447382114,10.856789518996,10.659954632082,10.769950544379
2013-09-24,10.787405894036,10.875167804067,10.725342525563,10.774314575742
2013-09-25,10.793216784740,10.858647843739,10.724393101098,10.807272442497
2013-09-26,10.877336385680,10.912126950081,10.817902959842,10.901496432736
2013-09-27,10.811912440476,10.827242370692,10.628432242400,10.682086710717
2013-09-30,10.439489958603,10.620459578593,10.415523835362,10.483509646130
2013-10-01,10.475034395641,10.665979149834,10.463069295071,10.665979149834
2013-10-02,10.544418166457,10.616962703338,10.448345931323,10.505695075691
2013-10-03,10.447457406497,10.471847483600,10.059205515306,10.303605239659
2013-10-04,10.223893699759,10.356407788383,10.166521395073,10.322898275529
2013-10-07,10.112082289384,10.177455680070,9.919509707827,9.940793933232
2013-10-08,9.922875206449,9.944483126266,9.627212630743,9.693618210762
2013-10-09,9.702812004959,9.925088223126,9.565985213290,9.862894069584
2013-10-10,10.038352775143,10.333441739612,10.035694100453,10.331314970001
2013-10-11,10.321651182300,10.511879116950,10.309443832129,10.437110343295
2013-10-14,10.216565561215,10.438620823978,10.128951538541,10.371148390016
2013-10-15,10.309324772647,10.417769300747,10.015916446621,10.052402456075
2013-10-16,10.312504810883,10.655295293378,10.238713017501,10.649015367903
2013-10-17,10.591527932158,10.964699396360,10.587067913687,10.964699396360
2013-10-18,11.031657091199,11.109212614738,10.896778376407,10.989748546896
2013-10-21,11.118072723086,11.123359490859,10.909485895918,10.960431016518
2013-10-22,11.077051754614,11.089099361482,10.912722589704,10.951274642537
2013-10-23,10.868317746928,10.912690329313,10.736647983448,10.912690329313
2013-10-24,10.935438830028,11.014334199857,10.899137413118,10.988197082878
2013-10-25,10.999253349289,11.010310000273,10.918012702072,11.010310000273
2013-10-28,10.975767755302,11.002633775257,10.922035811344,10.969051322276
2013-10-29,10.982053726935,11.022504860637,10.934860320262,11.017207663142
2013-10-30,11.020563936692,11.020563936692,10.855147693314,10.945287515632
2013-10-31,10.950596544765,11.059190322480,10.911020145776,10.974245759828
2013-11-01,11.019013058432,11.052709067133,10.938624564740,11.007941768529
2013-11-04,11.041534658440,11.152871411678,11.013220762292,11.144713115104
2013-11-05,11.107260659085,11.185484237992,11.071230353415,11.164624547418
2013-11-06,11.219046886472,11.261165044522,11.140962660873,11.250753719795
2013-11-07,11.268130677337,11.278462810663,11.014053938134,11.053973450240
2013-11-08,11.110873921599,11.283966012137,11.097007443481,11.276793600238
2013-11-11,11.277731191776,11.309147072744,11.243971519518,11.303520304405
2013-11-12,11.292761096972,11.342346427810,11.255338604713,11.315214891708
2013-11-13,11.236241009667,11.353533534689,11.225493284532,11.334841420263
2013-11-14,11.348836297009,11.411346236442,11.325978337308,11.401083675143
2013-11-15,11.436795938343,11.477146552934,11.427520163156,11.476682569380
2013-11-18,11.558698367411,11.614911442465,11.445350691480,11.468388836995
2013-11-19,11.496515807594,11.526487071441,11.334670890600,11.399224381963
2013-11-20,11.345874601566,11.609376125615,11.334740827134,11.513346520900
2013-11-21,11.579953233324,11.761399881256,11.570766258975,11.711329961526
2013-11-22,11.741143123691,11.793542899047,11.707716190146,11.791284201590
2013-11-25,11.850958601463,11.852304548798,11.739686383084,11.767055803523
2013-11-26,11.773799605175,11.813365093901,11.722095327429,11.733784871371
2013-11-27,11.777971879000,11.777971879000,11.714397162921,11.730629049453
2013-11-29,11.754982935062,11.760395440825,11.653506908344,11.660272427796
2013-12-02,11.683413017332,11.685681910768,11.569523587229,11.616258962431
2013-12-03,11.500570420398,11.549305510893,11.324759629017,11.465499191780
2013-12-04,11.351961119114,11.537037500605,11.272115054128,11.527806578375
2013-12-05,11.564990273774,11.569580830783,11.428650730595,11.483278083573
2013-12-06,11.608166824531,11.717846834632,11.596184729938,11.684205501712
2013-12-09,11.732682406513,11.761224216720,11.679221931936,11.726792551922
2013-12-10,11.689777092386,11.735369478700,11.667657611628,11.697902155304
2013-12-11,11.713287996470,11.722338507244,11.397422192785,11.423216406435
2013-12-12,11.453355688423,11.491841207435,11.284112456040,11.398641467935
2013-12-13,11.410258509600,11.437210139200,11.341950211671,11.385630381269
2013-12-16,11.453551522419,11.478207734040,11.347947918245,11.384234462255
2013-12-17,11.309326308709,11.441462900964,11.237209218917,11.399588476738
2013-12-18,11.456275201152,11.803364657863,11.357306011243,11.801970817231
2013-12-19,11.763777922029,11.823988012176,11.722440111237,11.743109331161
2013-12-20,11.792783711725,11.823040055071,11.700208598393,11.712400947664
2013-12-23,11.787561891781,11.941052847558,11.764923107743,11.924752832496
2013-12-24,12.012389135115,12.060878029699,11.971907254422,12.039525221574
2013-12-26,12.165552109111,12.184499841814,12.132503123253,12.145281711929
2013-12-27,12.161008371506,12.171929602205,12.016411364416,12.056601406020
2013-12-30,12.031956666381,12.061002532153,11.932937269551,11.963303305930
2013-12-31,12.032053001827,12.042254365860,11.876368164822,11.966851756883
2014-01-02,11.876394987366,11.900339687188,11.806336228067,11.846686351585
2014-01-03,11.897753518073,11.962707907734,11.819809253905,11.882523049239
2014-01-06,11.985243679751,12.030351088475,11.896814947657,11.953534054904
2014-01-07,12.021461865557,12.108480878947,12.012138783557,12.093385967770
2014-01-08,12.054324077667,12.115769484153,12.029745985297,12.083290883115
2014-01-09,12.097786703720,12.119749935162,12.032336625434,12.067477268624
2014-01-10,12.121137959910,12.221861903257,12.044606063872,12.209106162071
2014-01-13,12.189540372934,12.287369753413,11.817788640153,11.997360076907
2014-01-14,12.070833352238,12.249204789644,12.069947957142,12.236368685286
2014-01-15,12.251563472419,12.265455958378,12.140426536823,12.216833038953
2014-01-16,12.196396193404,12.222920584063,12.113779770661,12.185091013380
2014-01-17,12.159805227484,12.248305085756,12.133211647812,12.174627704064
2014-01-21,12.231788242459,12.254477155737,12.132303177576,12.243568772622
2014-01-22,12.309520555301,12.352476139998,12.272639460917,12.337723285708
2014-01-23,12.258061601856,12.267965368168,12.015199804265,12.170648578964
2014-01-24,11.995135397138,12.007360183708,11.508763618772,11.620532921345
2014-01-27,11.566454087683,11.661779581052,11.131990420897,11.475711821296
2014-01-28,11.469213776167,11.759773466308,11.446934260361,11.708716389567
2014-01-29,11.422005568325,11.591301465350,11.224493976690,11.318243713728
2014-01-30,11.483218949685,11.553922622238,11.337098120680,11.396489299896
2014-01-31,10.887148723473,11.190505998514,10.874040794790,10.965796857343
2014-02-03,10.891730167188,10.972619197109,10.512624760809,10.572073181719
2014-02-04,10.638882528390,10.725937232854,10.549803298269,10.658115420902
2014-02-05,10.552679004924,10.601882464883,10.329756196440,10.468329872141
2014-02-06,10.533782501275,10.979678537252,10.533782501275,10.977633142591
2014-02-07,11.121304186904,11.424283636374,11.095892803604,11.306023877626
2014-02-10,11.331667675954,11.416196825358,11.247138526550,11.300325181905
2014-02-11,11.394399725454,11.579697789494,11.348787917696,11.514130530769
2014-02-12,11.588764245400,11.643806678743,11.474947968193,11.630745855649
2014-02-13,11.463563395032,11.685241886175,11.451555610353,11.676928932365
2014-02-14,11.696249318731,11.815852556062,11.660368522336,11.763411349638
2014-02-18,11.818209665350,11.850175273407,11.679386802802,11.839216030386
2014-02-19,11.763893627408,11.818343310170,11.391819282706,11.435379174115
2014-02-20,11.499348061630,11.679966285111,11.393047104299,11.653625872742
2014-02-21,11.734887476548,11.763513750626,11.565900846470,11.596373693956
2014-02-24,11.620502057857,11.731862602381,11.606581769390,11.637205810093
2014-02-25,11.652926950629,11.703788773275,11.517911777508,11.633507039150
2014-02-26,11.643682749928,11.684385038007,11.473472407914,11.556727188991
2014-02-27,11.473846642599,11.602358289131,11.440321796412,11.573489658647
2014-02-28,11.562330995738,11.674848358051,11.360543307274,11.477710430180
2014-03-03,11.129815875258,11.291103679051,11.008849717654,11.152321001915
2014-03-04,11.443058127503,11.516466594997,11.419876252004,11.499080333258
2014-03-05,11.495329724057,11.537523116499,11.410943314225,11.492516931242
2014-03-06,11.520661776849,11.558188550379,11.453114203682,11.534734434193
2014-03-07,11.573993472397,11.577732539696,11.347785742990,11.401066026508
2014-03-10,11.358503560008,11.445520347353,11.245003554758,11.431332669353
2014-03-11,11.441709447905,11.511516043983,11.316245713684,11.350205865461
2014-03-12,11.237140959805,11.379659868211,11.191534909115,11.359707316047
2014-03-13,11.429957695567,11.440400347774,11.034086433617,11.124272595665
2014-03-14,11.013708863520,11.113604543955,10.870169954265,10.971035201894
2014-03-17,11.111689597713,11.246442217900,11.111689597713,11.217917821454
2014-03-18,11.339182398782,11.443123107595,11.306460263189,11.426762232281
2014-03-19,11.420146241024,11.482525587166,11.111084935139,11.316180475092
2014-03-20,11.275138226420,11.377266375143,11.241732013526,11.354359317725
2014-03-21,11.425704571481,11.442827527510,11.283965238893,11.312503625776
2014-03-24,11.327780470130,11.359288770648,11.158780283988,11.297226781422
2014-03-25,11.365109478156,11.387099582883,11.270455815923,11.370845765328
2014-03-26,11.424992651735,11.432592404728,11.267301719394,11.267301719394
2014-03-27,11.277848132758,11.343043549964,11.210735107407,11.339208429547
2014-03-28,11.389702587564,11.426858360518,11.321107043262,11.396371589553
2014-03-31,11.449457047837,11.583119743390,11.447561507640,11.572692091998
2014-04-01,11.594167960468,11.770643108423,11.594167960468,11.768776015093
2014-04-02,11.762346997448,11.775204940895,11.671422135636,11.727446524102
2014-04-03,11.726525029193,11.744036750505,11.655555635190,11.735741637303
2014-04-04,11.832449878708,11.839817552003,11.535878693643,11.611403009242
2014-04-07,11.551819158964,11.593713774391,11.397273547303,11.482925238979
2014-04-08,11.506463540961,11.587435299780,11.401953386007,11.587435299780
2014-04-09,11.656486075241,11.736733776928,11.575304697619,11.725536477455
2014-04-10,11.719080699939,11.728303054797,11.354790305008,11.374157545332
2014-04-11,11.308493671330,11.387481069480,11.120066356291,11.196198509627
2014-04-14,11.303538220773,11.321911571588,11.061782332385,11.242615640197
2014-04-15,11.277285444398,11.344698765308,11.000890924974,11.305213820203
2014-04-16,11.409608045629,11.514002175280,11.330115076456,11.505382476502
2014-04-17,11.491261789593,11.605167051116,11.457372498731,11.588222829300
2014-04-21,11.592896159955,11.707862299912,11.587287957539,11.699450136491
2014-04-22,11.678154933642,11.748521811648,11.656859638206,11.715189952289
2014-04-23,11.685601560909,11.711491669201,11.646766860791,11.684677013253
2014-04-24,11.718051302442,11.726394851563,11.578992150428,11.616074405553
2014-04-25,11.576906710494,11.590894959857,11.464998384173,11.574109097925
2014-04-28,11.619035190543,11.706079769930,11.507655500027,11.699527660055
2014-04-29,11.729161155131,11.807873586893,11.700453880408,11.805095666663
2014-04-30,11.770218408984,11.837220176400,11.740848023929,11.796835495400
2014-05-01,11.783977000019,11.848269660620,11.762851810755,11.803264789015
2014-05-02,11.868440602256,11.895061838365,11.772053792236,11.836311818578
2014-05-05,11.744770353362,11.895813862509,11.708153584192,11.895813862509
2014-05-06,11.868487831252,11.931337256824,11.827499467509,11.842983881538
2014-05-07,11.864942259177,11.967415816589,11.775278228108,11.967415816589
2014-05-08,11.977376589137,12.086039290734,11.914895198411,11.950210574166
2014-05-09,11.971974321934,12.084421833227,11.893986909203,12.082607719051
2014-05-12,12.151677270892,12.276360367741,12.135531157034,12.256626248515
2014-05-13,12.272546241969,12.307924182090,12.232745904556,12.242474789445
2014-05-14,12.215911203564,12.331907196206,12.199972786395,12.277008026643
2014-05-15,12.249635701424,12.262880636964,12.062442843465,12.203720801983
2014-05-16,12.254354960191,12.352069913514,12.185954075354,12.352069913514
2014-05-19,12.330125503093,12.432825168309,12.309059044644,12.426680733391
2014-05-20,12.434533921065,12.514807208397,12.350769697934,12.480778328132
2014-05-21,12.532904471991,12.601537543726,12.514660347704,12.571998949570
2014-05-22,12.574587094383,12.632375338750,12.539223688308,12.578036545362
2014-05-23,12.596141246044,12.646142521082,12.576312604258,12.626314568976
2014-05-27,12.732807592965,12.827277191628,12.713913552999,12.821265564846
2014-05-28,12.815343892892,12.861025446848,12.739208026028,12.839030496113
2014-05-29,12.866063591698,12.904079220277,12.818755843382,12.861840008426
2014-05-30,12.858466769188,12.882078769227,12.829794615139,12.872802508897
2014-06-02,12.872802508897,12.920829066863,12.809609669467,12.917458697836
2014-06-03,12.865399675387,12.915779696856,12.836850613106,12.888910307290
2014-06-04,12.845150286786,12.992418453727,12.840101260798,12.957074177815
2014-06-05,13.044135621645,13.209050096218,12.978002389381,13.183935907486
2014-06-06,13.360050910897,13.522175552409,13.340299860155,13.513946043946
2014-06-09,13.554917030917,13.616774623798,13.407903905283,13.424774165190
2014-06-10,13.395660116248,13.547699565532,13.350371964091,13.543656282344
2014-06-11,13.426610441249,13.468297789139,13.293530511469,13.393741060495
2014-06-12,13.346716947923,13.374283083793,12.950255716860,13.064573083249
2014-06-13,13.114475792830,13.242559924206,13.003857668027,13.178518232790
2014-06-16,13.149657262813,13.258502401206,13.068023512091,13.189237590498
2014-06-17,13.205715650952,13.425701552139,13.179350358747,13.405103667604
2014-06-18,13.426185486829,13.775665652792,13.422131602693,13.771611119970
2014-06-19,13.819001306368,13.867971484214,13.682359690452,13.743966956464
2014-06-20,13.763752696761,13.810446727290,13.641080869491,13.648204052570
2014-06-23,13.660158903346,13.829924973507,13.608352955939,13.815578499018
2014-06-24,13.746279718703,13.844714926905,13.506098204432,13.562009323942
2014-06-25,13.448056506688,13.818002441501,13.444043837148,13.818002441501
2014-06-26,13.825881255474,13.836123579698,13.559574916479,13.736850003628
2014-06-27,13.672651235970,13.808180963768,13.639363391166,13.794707327396
2014-06-30,13.801810994020,13.937563449143,13.782868330271,13.864162156310
2014-07-01,13.925418132488,14.112325719783,13.897146282426,14.040075794049
2014-07-02,14.066446192371,14.175807382253,14.050158479348,14.109880765962
2014-07-03,14.239541009756,14.258064453006,14.186287904827,14.209441244150
2014-07-07,14.174952537902,14.174952537902,14.034697377507,14.056157083374
2014-07-08,14.008889882929,14.008889882929,13.786502331205,13.945350549228
2014-07-09,14.057825811670,14.126560364486,13.987528792171,14.083601513062
2014-07-10,13.708461725582,13.938186704720,13.680616292316,13.831445490460
2014-07-11,13.833808953310,13.935441243615,13.795992602289,13.916533146889
2014-07-14,14.063748093278,14.164762843863,14.059833109126,14.100551966910
2014-07-15,14.141519396599,14.177076023478,13.851654960377,13.969919573058
2014-07-16,14.175910897334,14.206341275161,14.012834552574,14.145479895292
2014-07-17,14.056849528405,14.143167863772,13.316203999457,13.477280589659
2014-07-18,13.761098178101,14.009236327684,13.712443896550,13.963825026988
2014-07-21,13.889382949446,13.908973052336,13.654301714758,13.802402814251
2014-07-22,13.954635037907,14.020443986718,13.888826089096,13.938777735955
2014-07-23,13.977252122272,13.983533837411,13.838272884889,13.875961919405
2014-07-24,13.935119329352,13.939851764395,13.809705935771,13.925653907131
2014-07-25,13.804616484704,13.818763780202,13.680434511467,13.715802514426
2014-07-28,13.746133483093,13.782849355927,13.567342358055,13.746931256890
2014-07-29,13.787546264406,13.875146758202,13.698352633278,13.764451467141
2014-07-30,13.835238178010,13.842396710913,13.627649949971,13.649919792375
2014-07-31,13.425335769777,13.466242378786,12.986593976240,13.066802698969
2014-08-01,13.001317649892,13.228836425575,12.608406851696,12.746933178605
2014-08-04,12.789129987109,13.149957402789,12.711625156380,13.015615564146
2014-08-05,12.878929236155,12.956553641403,12.457056551389,12.560836894343
2014-08-06,12.444403675984,12.782323552190,12.433022496405,12.536324614809
2014-08-07,12.691581716852,12.738947657020,12.289843820997,12.407382479502
2014-08-08,12.400292065283,12.664429362101,12.311655239779,12.641383610196
2014-08-11,12.771052742824,13.059108254003,12.745815141008,12.901591612427
2014-08-12,12.921211431557,13.038933332025,12.858085679707,12.942537785531
2014-08-13,13.104107091207,13.338807689840,13.057336823160,13.308194590463
2014-08-14,13.391784782119,13.530824955566,13.361990234597,13.517583302278
2014-08-15,13.658578558418,13.702587966112,13.130458494092,13.519213056971
2014-08-18,13.734346934258,13.782426440400,13.689527766964,13.782426440400
2014-08-19,13.859190861382,13.880781277087,13.796019994183,13.843198496907
2014-08-20,13.744477338883,13.820110577240,13.652125978668,13.790653337444
2014-08-21,13.773870633204,13.801841780299,13.690755812690,13.773870633204
2014-08-22,13.793074196607,13.843484290684,13.652247291500,13.801875903181
2014-08-25,13.880132637187,13.908879891527,13.814652780079,13.868154454839
2014-08-26,13.868154454839,13.881664818856,13.779938607773,13.802986049951
2014-08-27,13.795001143095,13.819754609869,13.697583251253,13.761464023258
2014-08-28,13.562834735431,13.707801684560,13.541210127891,13.646130834135
2014-08-29,13.726905846995,13.742253341763,13.613820748216,13.691364679786
2014-09-02,13.691364679786,13.725983560661,13.589923146903,13.645474535371
2014-09-03,13.760990926661,13.760990926661,13.648705843880,13.725447260087
2014-09-04,13.772832099581,13.865191834097,13.637906691702,13.712597542492
2014-09-05,13.748771933886,13.862923478954,13.635425073423,13.850865107325
2014-09-08,13.826190717376,13.863599752554,13.753760930257,13.837333730935
2014-09-09,13.791124778208,13.801481825398,13.608677118485,13.647715960987
2014-09-10,13.642868565627,13.726894286486,13.508750264927,13.695384721958
2014-09-11,13.573808839586,13.719538436213,13.547239150053,13.714707854389
2014-09-12,13.692195810542,13.706667890416,13.450190314076,13.565162948628
2014-09-15,13.534270456569,13.534270456569,13.348913553094,13.391188148527
2014-09-16,13.319528819461,13.733833544319,13.308821387647,13.713241854099
2014-09-17,13.743823430708,13.916043647186,13.677832475800,13.773599434807
2014-09-18,13.828084879499,13.881769548406,13.788022052520,13.872955646345
2014-09-19,13.939782351567,13.979560294359,13.778283983388,13.868977613398
2014-09-22,13.785419727994,13.798152640087,13.572149418845,13.628650224155
2014-09-23,13.449624414047,13.581665891622,13.367806989577,13.375907546618
2014-09-24,13.407282884519,13.589756602433,13.342880449269,13.583976971863
2014-09-25,13.518919933837,13.518919933837,12.973251380369,13.074090130861
2014-09-26,13.127401700830,13.370266929942,13.095245616510,13.298338447981
2014-09-29,12.942994453968,13.145215823919,12.865601122009,12.980443256493
2014-09-30,12.942907545242,13.064897860366,12.838831879252,12.883192304052
2014-10-01,12.886630658480,12.898664598128,12.580624334792,12.749099403906
2014-10-02,12.702189300958,12.912416190529,12.531923403546,12.797747262339
2014-10-03,13.014100841528,13.251224191236,12.974291869498,13.185452530079
2014-10-06,13.331733881139,13.397307885633,13.034127936658,13.070277801058
2014-10-07,12.911670028527,12.930329906170,12.602936762640,12.609722280640
2014-10-08,12.577150129862,13.142316203802,12.514647408314,13.122069166912
2014-10-09,13.030567052654,13.069540054583,12.492569093357,12.512055297788
2014-10-10,12.481773059219,12.608247247748,11.813774643747,11.819118363872
2014-10-13,11.908055338714,12.008345366003,11.193723027216,11.241029777748
2014-10-14,11.315836988330,11.570181903279,11.044536470516,11.276937338570
2014-10-15,10.836478572120,11.196402286776,10.439767602093,11.165579916908
2014-10-16,10.475639973900,11.046070852598,10.452541644926,10.931582583417
2014-10-17,11.305136900204,11.395446327916,11.058837416083,11.162488157359
2014-10-20,11.138357595934,11.605890918551,11.107188593809,11.593825637839
2014-10-21,11.798365638664,12.052344000581,11.758620918004,12.023262885412
2014-10-22,12.057892707485,12.134640917866,11.502872112901,11.537502683737
2014-10-23,11.924431023136,12.061224100360,11.803271418118,11.900980619408
2014-10-24,11.899084730179,12.001483038628,11.563445113892,11.964505803212
2014-10-27,11.856989449348,12.073908127614,11.744757084541,12.046558112390
2014-10-28,12.142105955015,12.451232518435,12.128054573012,12.447485439519
2014-10-29,12.423889850318,12.459282871114,12.146190233526,12.338583104077
2014-10-30,12.205821830096,12.432890224388,12.109683882249,12.309284095243
2014-10-31,12.510278410715,12.511196375696,12.367104692085,12.470813809471
2014-11-03,12.472625538569,12.508867550087,12.305913481564,12.367524593090
2014-11-04,12.321840769977,12.429654683891,12.152810807195,12.411381428748
2014-11-05,12.526098749862,12.527920032576,12.374962876057,12.493322216322
2014-11-06,12.526789884586,12.676036968575,12.405582946937,12.648900896656
2014-11-07,12.656049366449,12.748977239911,12.574737197939,12.740041965408
2014-11-10,12.766657207258,13.026603823825,12.752462529896,12.977808755385
2014-11-11,13.010915234794,13.043150834966,12.851480386369,12.986520945539
2014-11-12,12.826322166744,12.968237516075,12.814133155725,12.902939242758
2014-11-13,12.867886259244,12.957270657386,12.640043180880,12.824070248931
2014-11-14,12.790563574371,12.825833470391,12.669765225367,12.804671814937
2014-11-17,12.741973165393,12.881500110751,12.696935867220,12.813502446469
2014-11-18,12.857626078699,13.004998922098,12.850566209295,12.933518814381
2014-11-19,12.844334454129,12.875811467174,12.716678121038,12.771762565982
2014-11-20,12.652210031984,12.867404752584,12.644239502917,12.839066441721
2014-11-21,13.030233913612,13.033757829322,12.908662125202,12.968566489881
2014-11-24,13.025262714048,13.109870752390,12.996479089078,13.103765023959
2014-11-25,13.130528372248,13.168515477888,13.052828345536,13.156428812822
2014-11-26,13.137510986056,13.275094383361,13.130631635612,13.259616231816
2014-11-28,13.226339286704,13.273268688171,13.056541276402,13.080432307091
2014-12-01,12.942015203360,12.957587146995,12.740444871067,12.801867451115
2014-12-02,12.804521123763,13.146764596269,12.804521123763,13.139689609793
2014-12-03,13.204353439159,13.266430801568,13.160382466282,13.241427367995
2014-12-04,13.155866319395,13.294475474810,13.036081364721,13.232871434257
2014-12-05,13.337323534358,13.453761931203,13.285097441499,13.340748276187
2014-12-08,13.305077996564,13.406993311724,12.998481905371,13.075767539531
2014-12-09,12.732489710348,13.036758945514,12.622398315570,12.994282811115
2014-12-10,12.858198323062,12.887858016638,12.306883446194,12.327819279709
2014-12-11,12.361018169103,12.606320761545,11.913756688276,11.933122929952
2014-12-12,11.648910223512,11.935984037281,11.561166483212,11.593593447177
2014-12-15,11.869678270738,12.018036868294,11.505167537943,11.727214622447
2014-12-16,11.594127544586,12.077904185780,11.444525805466,11.456182979125
2014-12-17,11.358675081613,12.002426300400,11.357680302063,11.979541893339
2014-12-18,12.278887336345,12.296047366997,11.995748308252,12.172114119473
2014-12-19,12.193699586106,12.302563149141,12.098912693400,12.216222971878
2014-12-22,12.372385463692,12.514521928650,12.335916335101,12.513586635767
2014-12-23,12.550122837822,12.550122837822,12.376576563113,12.501712703491
2014-12-24,12.573940033490,12.583996350772,12.495312821592,12.548339865907
2014-12-26,12.547429528261,12.592973737075,12.456341110633,12.488221874626
2014-12-29,12.443372829973,12.550461710733,12.410422376961,12.498290160131
2014-12-30,12.400432922608,12.486400505772,12.308062823904,12.342815587163
2014-12-31,12.369676078115,12.396536569067,11.729657621358,11.836173179290
2015-01-02,12.050989368745,12.114853612518,11.601036645398,11.943581225636
2015-01-05,11.785343543237,11.808360111258,11.428589999568,11.530245373491
2015-01-06,11.556107061805,11.628718166600,11.181115465807,11.383033918031
2015-01-07,11.555351345588,11.645037379017,11.429388240085,11.568451609330
2015-01-08,11.784665811219,11.965174915549,11.767805269067,11.927486102277
2015-01-09,12.001623690645,12.010289123052,11.651155187370,11.707961910925
2015-01-12,11.651051129057,11.670675309901,11.276223260036,11.423406824119
2015-01-13,11.553218370506,11.623658790538,11.109444358266,11.258375319290
2015-01-14,10.993868855157,11.179738160259,10.939742151881,11.154206648277
2015-01-15,11.222245249571,11.298531160230,10.964523274973,10.987203014915
2015-01-16,10.968360527016,11.151550363869,10.861587022107,11.085601917922
2015-01-20,11.259916892832,11.264067353136,10.950715433953,11.137481374740
2015-01-21,11.075514879954,11.410135170478,10.999089488188,11.402905825266
2015-01-22,11.561363517857,11.779369144610,11.339320749868,11.774322415279
2015-01-23,11.690178470699,11.857488427697,11.592336333366,11.620710259667
2015-01-26,11.666320854923,11.886439919902,11.553286341183,11.881482377989
2015-01-27,11.560334816058,11.789310075682,11.497269817016,11.597203795195
2015-01-28,11.765293928486,11.771261316548,11.031268396120,11.095918034238
2015-01-29,11.060501095886,11.268836027371,10.868833375589,11.227169249409
2015-01-30,11.040804726586,11.161272540931,10.620712759572,10.643364479614
2015-02-02,10.853617344814,10.972361129437,10.606325133951,10.972361129437
2015-02-03,11.061206160538,11.248415438983,11.007264746049,11.237838755335
2015-02-04,11.148977479225,11.322566850314,11.041517456325,11.075615451533
2015-02-05,11.131192662313,11.302119228491,11.128046881385,11.265417017870
2015-02-06,11.339667399294,11.372667522982,10.902415554172,11.028228731985
2015-02-09,10.925998189874,11.026120784710,10.877517931956,11.000826892897
2015-02-10,11.127612899577,11.240664460781,11.026183946316,11.206854351855
2015-02-11,11.147718117729,11.196479763232,11.071982106066,11.167430437849
2015-02-12,11.310068590443,11.548493225845,11.285080658409,11.519340569062
2015-02-13,11.544597850620,11.619359606091,11.436496786579,11.593092235329
2015-02-17,11.535869264099,11.619193557554,11.490693852375,11.575021849780
2015-02-18,11.502627590207,11.642388536104,11.492573046993,11.614235352586
2015-02-19,11.557116163313,11.758536261910,11.543086988964,11.758536261910
2015-02-20,11.632813570345,12.001072261954,11.592225929761,11.959494480929
2015-02-23,11.894264607564,11.959494480929,11.851427048271,11.930287085116
2015-02-24,11.954686396471,12.215271236941,11.947854589292,12.184040118406
2015-02-25,12.168743144235,12.416363009234,12.070268681797,12.136237074122
2015-02-26,12.156393651226,12.285972167950,12.037373199864,12.204385730007
2015-02-27,12.215840155947,12.335154109979,12.153796804400,12.242566386199
2015-03-02,12.270161259386,12.448099524718,12.249227194690,12.445244987662
2015-03-03,12.381576866093,12.410601758272,12.141885301563,12.306673568177
2015-03-04,12.220500058251,12.332241164284,12.083190977329,12.321824525805
2015-03-05,12.364385042817,12.408837623870,12.268860257499,12.396542470590
2015-03-06,12.305349852715,12.395602153453,12.085359640512,12.119204382556
2015-03-09,12.160576706186,12.265450735854,12.121128676678,12.205797714276
2015-03-10,12.030009772489,12.072045923902,11.924918964043,12.007080719443
2015-03-11,11.981823300160,12.001252330822,11.812791384270,11.857477834215
2015-03-12,11.966686369647,12.224457930626,11.955863813536,12.209699836956
2015-03-13,12.192486914253,12.215437669111,11.910386141002,12.070084003996
2015-03-16,12.150383342106,12.271316371628,12.130066689893,12.213268710950
2015-03-17,12.128162157689,12.261081381322,12.081305645099,12.242912279705
2015-03-18,12.208570594888,12.557713966715,12.158965525667,12.511924385866
2015-03-19,12.411067514179,12.519395493529,12.339159433687,12.499784419581
2015-03-20,12.570827352697,12.785824669749,12.534371206641,12.604479179827
2015-03-23,12.645269909247,12.785258052308,12.636926626971,12.717581476781
2015-03-24,12.709311740421,12.861848845164,12.667042412276,12.743311240317
2015-03-25,12.768988516151,12.804753420938,12.439767615528,12.457191818615
2015-03-26,12.329541177602,12.545421060986,12.269470425744,12.507876688551
2015-03-27,12.506941589248,12.606032201189,12.484506217111,12.585466747213
2015-03-30,12.726688294918,12.805660840985,12.713681114339,12.772213566304
2015-03-31,12.747489882298,12.764888498328,12.573506377537,12.616544471318
2015-04-01,12.596147261151,12.622107043389,12.412572833225,12.614689817056
2015-04-02,12.659199440868,12.761199839143,12.625817338919,12.746363761511
2015-04-06,12.681200273150,12.934511759589,12.652748110246,12.888621914419
2015-04-07,12.929472256576,12.996647596118,12.893161073313,12.900423473366
2015-04-08,12.929445706471,13.031023476993,12.894981334179,13.020140468347
2015-04-09,13.052493197912,13.250203504228,12.972510372975,13.237622011992
2015-04-10,13.290671348259,13.545308745884,13.288018961020,13.545308745884
2015-04-13,13.615335436694,13.685361349437,13.280765688424,13.335230921205
2015-04-14,13.272866892739,13.466106078333,13.218409139746,13.409012636675
2015-04-15,13.497241493881,13.625653624076,13.483264323471,13.557516097622
2015-04-16,13.522088898243,13.753664070525,13.496166045105,13.692314018008
2015-04-17,13.468986067166,13.502356824829,13.263626860777,13.451017151582
2015-04-20,13.586938639538,13.721989270435,13.552958311114,13.685394453986
2015-04-21,13.764204202877,13.787332743095,13.606585390392,13.679398184817
2015-04-22,13.720534335246,13.787380076207,13.588556591781,13.759098978143
2015-04-23,13.713087537771,13.885204429403,13.681561664892,13.824708103186
2015-04-24,13.867957593041,13.910359469387,13.806051192790,13.892550766126
2015-04-27,13.956688578201,13.971879072665,13.636844193707,13.690854756298
2015-04-28,13.638606122600,13.928971394712,13.451025390541,13.926401875430
2015-04-29,13.752048103931,13.883445654492,13.622335636246,13.735202665823
2015-04-30,13.649784740921,13.717264901593,13.410614209526,13.545574701706
2015-05-01,13.651264316871,13.884300353416,13.637403059935,13.873038623597
2015-05-04,13.924664828677,13.980522852239,13.786713233470,13.865421993538
2015-05-05,13.823082243063,13.880664303709,13.619004307057,13.626625800861
2015-05-06,13.705920348664,13.734363192414,13.287037370303,13.512855115380
2015-05-07,13.479824417387,13.623245471714,13.392033280339,13.565876771833
2015-05-08,13.832553627351,13.943380213952,13.782335117897,13.921734379345
2015-05-11,13.904005147057,13.925955898505,13.730933583509,13.731777414559
2015-05-12,13.626477963658,13.795128937787,13.532307587987,13.761741284045
2015-05-13,13.823245758192,13.895001917689,13.743801731629,13.883042614722
2015-05-14,13.955870663923,14.024464190406,13.927924880264,14.024464190406
2015-05-15,14.054646048329,14.084827906252,13.941464563188,14.079797778248
2015-05-18,14.082302996744,14.370412476975,14.073116805877,14.317801385366
2015-05-19,14.353944509625,14.471411347427,14.253728691698,14.411446129411
2015-05-20,14.432666000144,14.465311214312,14.298002390134,14.391858870327
2015-05-21,14.361620194710,14.634583078376,14.325660816681,14.592086069960
2015-05-22,14.613047238813,14.666255627972,14.546939445568,14.577574603150
2015-05-26,14.493646945019,14.526734020528,14.228952358434,14.294318867919
2015-05-27,14.370063857742,14.612116771970,14.317371400960,14.561071924425
2015-05-28,14.488306911341,14.530348548788,14.384819088569,14.491540908329
2015-05-29,14.470418419627,14.544346236449,14.336372806587,14.435485341642
2015-06-01,14.518672639620,14.586364545095,14.397969472593,14.508886277679
2015-06-02,14.429362976395,14.521869296230,14.349028703040,14.398527779888
2015-06-03,14.458221484827,14.535905826204,14.401798767525,14.517915762176
2015-06-04,14.420589195914,14.453842198097,14.218635660510,14.268921341003
2015-06-05,14.261491860520,14.411726449158,14.190502779930,14.383660440066
2015-06-08,14.360730523535,14.377108848159,14.191212320899,14.233796358008
2015-06-09,14.220554408159,14.352977051693,14.148549257439,14.319871266663
2015-06-10,14.430113051090,14.656354843781,14.418595287098,14.627559940183
2015-06-11,14.712163786870,14.827385839342,14.680739590741,14.780652258309
2015-06-12,14.690536292676,14.712865892012,14.543000992755,14.691333940712
2015-06-15,14.506789369274,14.538081588595,14.362363130602,14.367979697190
2015-06-16,14.308879722734,14.535431102326,14.267016727803,14.498493556728
2015-06-17,14.539983067602,14.601809843432,14.358568533528,14.516391003957
2015-06-18,14.626893026365,14.807271490151,14.597642491021,14.726832030448
2015-06-19,14.728434486684,14.748461184289,14.621091067093,14.644322116422
2015-06-22,14.819944501774,14.974620865974,14.770802400148,14.966564877508
2015-06-23,15.005996232327,15.166087454031,14.997321334267,15.164510515289
2015-06-24,15.115466792235,15.221338116040,14.998696949802,15.012709330894
2015-06-25,15.071690642324,15.131458528524,14.906543048961,14.945863923248
2015-06-26,14.982991756674,15.032758403783,14.836060877018,14.987731222936
2015-06-29,14.522959189521,14.641121691063,13.638315691651,13.751751850682
2015-06-30,14.059885082381,14.068540341992,13.437559296753,13.718860860131
2015-07-01,14.105820809948,14.229890956206,13.890650553698,14.211670951560
2015-07-02,14.214186504587,14.246051657687,13.630558832025,13.769757657677
2015-07-06,13.432747824755,13.747232399809,13.370370580773,13.595621253479
2015-07-07,13.616683233544,13.958065584197,13.218258071407,13.951045392223
2015-07-08,13.651519826804,13.729396131498,13.232183949638,13.251866630329
2015-07-09,13.609635156927,13.629510608975,13.154294110353,13.192239009348
2015-07-10,13.515328886128,13.696840154831,13.328372460875,13.682319616357
2015-07-13,14.052064755858,14.378000626600,14.020522436326,14.348211003756
2015-07-14,14.323928816902,14.546654649435,14.285412461197,14.400961612042
2015-07-15,14.429326718434,14.526100315081,14.250795502098,14.414309990644
2015-07-16,14.661021813614,14.923570123861,14.643518687393,14.915235345510
2015-07-17,14.949104202163,14.981360413560,14.857980229575,14.966845154720
2015-07-20,14.983721348955,15.147662382561,14.929878157391,14.994168325474
2015-07-21,15.019837777194,15.067967838735,14.913951288849,15.051122341260
2015-07-22,14.853733108896,15.164600965431,14.846541111258,15.084686328811
2015-07-23,15.166018690210,15.202697730912,14.882154352373,14.998570611421
2015-07-24,14.987343016286,15.065936342625,14.639284760187,14.734720160909
2015-07-27,14.447276837198,14.553435007233,14.192498225367,14.352551630712
2015-07-28,14.567319509409,14.944002507792,14.391142695246,14.882760452583
2015-07-29,14.915973342786,15.067458164846,14.877900144223,14.992931114434
2015-07-30,14.973631213967,15.079781551120,14.810384379632,15.050831378752
2015-07-31,15.102901582515,15.170193248963,14.956303059352,15.057239677829
2015-08-03,15.081262317795,15.191765116384,14.865861226551,15.178152583346
2015-08-04,15.129692998132,15.208340869396,15.002586256631,15.133665327095
2015-08-05,15.175893543401,15.305765233527,15.090640191135,15.202983074950
2015-08-06,15.190293088610,15.193465743824,14.781823862261,14.924590015672
2015-08-07,14.949644591817,15.043398429906,14.781534760317,15.001370668949
2015-08-10,15.186314911619,15.294064573424,15.186314911619,15.281199225401
2015-08-11,14.988241222749,15.093263457466,14.782933198503,14.929807140488
2015-08-12,14.534363751371,14.996118629984,14.393653995507,14.940320273895
2015-08-13,15.012241978547,15.130225817727,14.857892828466,15.021131177999
2015-08-14,15.051674840687,15.107136154542,14.926284568352,15.038814604961
2015-08-17,14.965755770553,15.144789510961,14.890288574297,15.129535375094
2015-08-18,15.100805299099,15.168639932518,14.998654361148,15.040152925311
2015-08-19,14.934179816069,15.123646970450,14.711797173110,14.893235499661
2015-08-20,14.583500377746,14.680799718724,14.213764276646,14.265657004443
2015-08-21,13.884843932646,14.079067295207,13.097773267463,13.102861832526
2015-08-24,11.058040894516,12.805957754921,10.804881742774,11.869640339790
2015-08-25,12.243553024249,12.253939271322,11.233989409783,11.248530446506
2015-08-26,11.727846247393,11.843277804946,11.104515616736,11.782813655751
2015-08-27,12.016282683611,12.028902514527,11.294842899058,11.654510867079
2015-08-28,11.467358347085,11.546047351556,11.081355729621,11.369528296881
2015-08-31,11.299723165644,11.373891233471,11.101214513521,11.144842897784
2015-09-01,10.637247075335,10.801993051756,10.206458721280,10.345602282446
2015-09-02,10.668902346233,10.949980145495,10.471061646789,10.949980145495
2015-09-03,11.107747778261,11.335252884176,10.797929070139,10.953409759833
2015-09-04,10.697403739599,10.825406749716,10.423111215870,10.551114683141
2015-09-08,10.860043465103,11.024013602017,10.792316718498,11.006190655144
2015-09-09,11.307417405335,11.311981562834,10.833898130957,10.874974635643
2015-09-10,10.714436756222,11.013567842775,10.687872991779,11.013567842775
2015-09-11,10.981631346852,11.144736176402,10.886961882001,11.139033324393
2015-09-14,11.157079550556,11.157079550556,11.007070070002,11.126626431118
2015-09-15,11.215829252380,11.703621277775,11.171792133565,11.691200534584
2015-09-16,11.902318583670,12.061734145675,11.706280395233,12.042345753412
2015-09-17,12.042345753412,12.597051730550,11.890586970873,12.039206014697
2015-09-18,11.463417900951,11.674889171817,11.252993726941,11.321041099045
2015-09-21,11.514419865712,11.736861560756,11.445116604466,11.729036986382
2015-09-22,11.389847782755,11.481666329419,11.013930533935,11.335836745869
2015-09-23,11.322407976241,11.507049054503,11.247432777345,11.446620989973
2015-09-24,11.180627026301,11.345764930175,10.885816681385,11.306974206148
2015-09-25,11.522430413283,11.529163651204,11.019698851839,11.162214303971
2015-09-28,10.962117799076,11.009867928260,10.613084976077,10.760884039856
2015-09-29,10.824655385020,10.958103807100,10.625073821077,10.752617456171
2015-09-30,10.990172288348,11.046901856957,10.848348248639,11.006718294339
2015-10-01,11.006718294339,11.076030470403,10.827662850304,11.074875042205
2015-10-02,10.857878216269,11.364204143453,10.801619550289,11.364204143453
2015-10-05,11.472807979742,11.722484583091,11.462731345526,11.688895914334
2015-10-06,11.698700206907,11.786938513253,11.525491038119,11.618086916767
2015-10-07,11.689330121787,11.771533566953,11.557804499917,11.749612538637
2015-10-08,11.769122965002,12.112723034753,11.701920060128,12.040101108956
2015-10-09,12.061268762082,12.124771192270,11.860176851172,12.040101108956
2015-10-12,12.054918286220,12.471918861951,11.999882663272,12.413708212748
2015-10-13,12.260617250453,12.484602384568,12.025330422394,12.064373394416
2015-10-14,11.987132727669,12.103523144510,11.771282119049,11.923647266994
2015-10-15,12.055347034760,12.381919522553,11.995385950737,12.354080761399
2015-10-16,12.443063251155,12.452375475644,12.162664630009,12.401675943149
2015-10-19,12.386214871051,12.859317369215,12.362508312996,12.849010331391
2015-10-20,12.769326645995,12.872915267682,12.493421440825,12.597010460931
2015-10-21,12.661042078417,12.730156001059,12.136590244203,12.169114293626
2015-10-22,12.299738658107,12.685290595926,12.299738658107,12.673702864037
2015-10-23,12.820600402969,12.834783502534,12.465007497961,12.589616947187
2015-10-26,12.502925441914,12.585537254549,12.373398336814,12.388697005728
2015-10-27,12.306796729383,12.534873263285,12.295392804201,12.509991990827
2015-10-28,12.532580720623,12.710209470251,12.327229564984,12.694808338929
2015-10-29,12.590569836296,12.670519701751,12.480259300872,12.607774418350
2015-10-30,12.595545835275,12.680127369243,12.497716049717,12.504849347383
2015-11-02,12.516152108092,12.874754414149,12.497656849616,12.826461547494
2015-11-03,12.755292528279,12.865554689748,12.666080759361,12.702166559482
2015-11-04,12.742657700344,12.766952769530,12.434922620554,12.494647602490
2015-11-05,12.503912047232,12.644937792671,12.386562413836,12.619203223944
2015-11-06,12.616144953006,12.758850094863,12.461207950584,12.750695419221
2015-11-09,12.716392133402,12.746660053081,12.295673861221,12.402619286602
2015-11-10,12.325803394653,12.606076941317,12.297776050367,12.574935551471
2015-11-11,12.617944082494,12.633304447692,12.429524858870,12.429524858870
2015-11-12,12.265815085463,12.339380859223,11.870009942408,11.886588168295
2015-11-13,11.856187362437,11.898530779771,11.450124023453,11.476181360711
2015-11-16,11.500953450831,12.075212817118,11.455913379103,12.061700941980
2015-11-17,12.133650405606,12.162644449477,11.612823538690,11.722358216048
2015-11-18,11.848428750425,12.148122892341,11.838475804770,12.133746747049
2015-11-19,12.084543998402,12.111284448272,11.854576450403,11.931589052991
2015-11-20,12.119822104032,12.204690125100,12.077387712680,12.129614689361
2015-11-23,12.162802191851,12.326600481422,12.102850315440,12.291271293731
2015-11-24,12.124316478896,12.326141858634,12.045065675335,12.259571077974
2015-11-25,12.270165033794,12.373987877285,12.221431968301,12.342205374175
2015-11-27,12.361148155105,12.369567332554,12.265382405770,12.283272921065
2015-11-30,12.319225602851,12.362581240397,12.245204822041,12.319225602851
2015-12-01,12.395140144591,12.591252543812,12.337150055629,12.580709082977
2015-12-02,12.555919302663,12.672636982282,12.284266787209,12.332813139061
2015-12-03,12.443492125926,12.480385472909,11.731983675595,11.879556009444
2015-12-04,12.072434186859,12.452711589735,12.023118578139,12.450519789774
2015-12-07,12.425371248698,12.429562742067,12.070151170960,12.275529525947
2015-12-08,12.025724103247,12.244702406838,11.941746962053,12.094819344558
2015-12-09,12.012805722792,12.234026417817,11.667486442569,11.839066689137
2015-12-10,11.805978294317,11.970318090314,11.696786448026,11.764066518722
2015-12-11,11.451038462608,11.520970274187,10.771702053728,10.892694995994
2015-12-14,10.902347603486,11.282409280626,10.644146928751,11.240180299230
2015-12-15,11.439142374916,11.550326647758,11.263587705520,11.478934766646
2015-12-16,11.664670508471,11.965058013554,11.524795242646,11.859578620661
2015-12-17,11.905124022903,11.908456502225,11.552980080955,11.617410384349
2015-12-18,11.415466781492,11.478999720193,11.112552114641,11.161336161201
2015-12-21,11.358871229731,11.409733731964,11.150690545956,11.403819619557
2015-12-22,11.581026822586,11.746652187808,11.503426412902,11.684108734801
2015-12-23,11.818707626261,11.863951253378,11.680715140408,11.815314484302
2015-12-24,11.768330431849,11.799652872463,11.692261375826,11.706804101344
2015-12-28,11.609699051892,11.781326581155,11.491140561282,11.770035522161
2015-12-29,11.867744558167,11.910422390874,11.811589810681,11.882345017132
2015-12-30,11.802239100871,11.811139510994,11.672067126021,11.694318818874
2015-12-31,11.616296497788,11.715803596495,11.548450676712,11.551843295686
2016-01-04,11.097325669059,11.214103468148,10.896971601995,11.186626109975
2016-01-05,11.323914375281,11.425697173083,11.148753603414,11.375989589590
2016-01-06,10.998807556558,11.222322930248,10.994151340366,11.204860577040
2016-01-07,10.828922009970,10.976696603944,10.515640107185,10.607851335605
2016-01-08,10.765691102577,10.819557265569,10.239558211952,10.298434668071
2016-01-11,10.343637487498,10.493451690089,9.918733283758,10.449540630708
2016-01-12,10.669785445537,10.710524394371,10.361696890356,10.700339402544
2016-01-13,10.801098490196,10.816025601189,10.062200462919,10.151763502061
2016-01-14,10.204363578677,10.469992637443,9.971609403423,10.339807967241
2016-01-15,9.770253204880,9.988518213384,9.637228072073,9.823205008184
2016-01-19,10.022232335128,10.022232335128,9.603729982853,9.820478475727
2016-01-20,9.659576976657,9.809570135256,9.260048745985,9.697756986452
2016-01-21,9.744712800771,9.889723265709,9.508552813919,9.717091595419
2016-01-22,9.944513163740,10.123693438306,9.889380453494,10.122314851780
2016-01-25,10.054726862944,10.132917042558,9.838709793518,9.859913910024
2016-01-26,9.933434533033,10.098174747072,9.865360008162,10.094090411729
2016-01-27,10.038204066341,10.200540086517,9.818652011278,9.887844299890
2016-01-28,10.053637868482,10.090330113884,9.836203417283,10.056355938416
2016-01-29,10.093780312508,10.274217058455,10.068385072634,10.256841508706
2016-02-01,10.225379066077,10.374826782871,10.137545419602,10.314523396396
2016-02-02,10.146351693167,10.156780677264,9.920819404110,9.962536383425
2016-02-03,10.049025981226,10.053080052317,9.684147285240,10.027403547990
2016-02-04,9.965638743429,10.095881798588,9.901188506744,9.972352189465
2016-02-05,9.985853749803,9.991254562962,9.691516656040,9.775227572294
2016-02-08,9.593337379787,9.640187919410,9.331525265124,9.539596503742
2016-02-09,9.347448786691,9.603175120753,9.329081388910,9.504275128339
2016-02-10,9.590780912860,9.674450304988,9.456058868469,9.467404154416
2016-02-11,9.145654780146,9.289445429709,9.001864130583,9.179822855290
2016-02-12,9.322385092713,9.388522291956,9.213626090591,9.378234306047
2016-02-16,9.539431549751,9.607076450281,9.460272262251,9.592684114238
2016-02-17,9.703899700427,9.805260753479,9.658850406084,9.779920525411
2016-02-18,9.808928624484,9.869707511888,9.712234362324,9.790971006173
2016-02-19,9.708183903401,9.930329804062,9.664030708334,9.922050804029
2016-02-22,10.060954204279,10.206666315701,10.047335828674,10.203942722288
2016-02-23,10.140333728695,10.173463412858,9.925653640354,9.948181560548
2016-02-24,9.741437700550,10.002587939716,9.655747731568,9.976744702187
2016-02-25,10.017433302273,10.154416614802,9.915712819265,10.150347931109
2016-02-26,10.233022726191,10.255691391486,10.022334738665,10.075673668860
2016-02-29,10.091794612388,10.228823774284,9.984320894262,9.992381567540
2016-03-01,10.111596122364,10.427245097498,10.060117340971,10.427245097498
2016-03-02,10.401235376286,10.514376967800,10.316704595148,10.514376967800
2016-03-03,10.483422238073,10.733641592882,10.442149050139,10.682050204698
2016-03-04,10.767130599194,10.796337218388,10.556334083285,10.617287165719
2016-03-07,10.507409100950,10.719499191227,10.484411238698,10.599400166661
2016-03-08,10.486776612615,10.563565568167,10.377992749512,10.392070805751
2016-03-09,10.446916858083,10.488704525515,10.350283138318,10.463893228564
2016-03-10,10.541710847221,10.712909763901,10.304366974136,10.554680731339
2016-03-11,10.685842696295,10.826006101163,10.654980928892,10.826006101163
2016-03-14,10.785863322579,10.940162002315,10.744465831272,10.911309505654
2016-03-15,10.745760078287,10.842848945670,10.723354926321,10.834135831016
2016-03-16,10.761423759052,11.077346389926,10.757662400745,11.030960566590
2016-03-17,11.030960566590,11.263748696397,10.992778612704,11.192311277800
2016-03-18,11.267590316636,11.338012999710,11.125531498992,11.236021879365
2016-03-21,11.234812162590,11.410186020226,11.219089231042,11.393253492850
2016-03-22,11.313322005376,11.508975663335,11.295426604220,11.467220045439
2016-03-23,11.409137401197,11.413878505287,11.161396131914,11.192215382886
2016-03-24,11.001425292327,11.227457008551,10.952816564140,11.221381008669
2016-03-28,11.275924458293,11.389859168571,11.185018910932,11.300165573967
2016-03-29,11.280906663333,11.640807676181,11.232759627484,11.627567175119
2016-03-30,11.732931875937,11.864052129748,11.625225622853,11.770394839046
2016-03-31,11.712560746045,11.842108998700,11.638533222671,11.729910742609
2016-04-01,11.538397486637,11.914460103878,11.498934101208,11.900531966266
2016-04-04,11.908541939705,11.936004820209,11.712869845841,11.735755484238
2016-04-05,11.512924456196,11.589522542296,11.366691978485,11.396866749985
2016-04-06,11.426770368239,11.789202101871,11.383709157953,11.774848484723
2016-04-07,11.607961096908,11.679815372787,11.095708588279,11.227828301481
2016-04-08,11.437375069677,11.531184082749,11.268031868354,11.378896921641
2016-04-11,11.472678798660,11.543616674428,11.288721808674,11.293531268265
2016-04-12,11.294742518246,11.532195368401,11.163901594399,11.478889344672
2016-04-13,11.615997217319,11.775757417167,11.590960290298,11.768603856158
2016-04-14,11.780239577420,11.864018562441,11.679006894147,11.788385210645
2016-04-15,11.805809553833,11.873185260666,11.734949140993,11.866215267829
2016-04-18,11.792354367504,12.256293263078,11.787738061234,12.237828037996
2016-04-19,12.268069899131,12.358794810497,12.053017236872,12.184065040441
2016-04-20,12.270691827130,12.320193442753,12.113187985408,12.151439085545
2016-04-21,12.084883561234,12.133390160391,11.938236157163,12.038633303332
2016-04-22,12.001055049528,12.204887486568,11.954367198970,12.188945293695
2016-04-25,12.088833175548,12.132702467497,11.966223814435,12.105705798436
2016-04-26,12.187256326539,12.282398477184,12.143083185168,12.241623156500
2016-04-27,12.153126682194,12.482467910814,12.115039640197,12.418616105114
2016-04-28,12.293811334856,12.532375994318,12.004441349104,12.050828700884
2016-04-29,11.979056775416,12.048550230676,11.573489420209,11.850323550450
2016-05-02,11.975478307769,12.284889484784,11.916377572468,12.217676388505
2016-05-03,12.035423866441,12.059049095457,11.808170581364,11.937547564083
2016-05-04,11.786628832712,11.905289919530,11.726722206447,11.861512345952
2016-05-05,11.976300822773,12.006447730632,11.773391284222,11.871947693649
2016-05-06,11.848778281881,12.161563892670,11.839510331819,12.140711410494
2016-05-09,12.195113402356,12.404787519315,12.179246268067,12.276716050136
2016-05-10,12.434770928358,12.590584229701,12.421319561456,12.579374439679
2016-05-11,12.553103775222,12.651619368975,12.299152012008,12.349504429025
2016-05-12,12.415311938793,12.520157578737,12.169927892527,12.420888734862
2016-05-13,12.420888734862,12.538443685575,12.139200611582,12.191324094852
2016-05-16,12.242187325280,12.556408248629,12.234275284796,12.476157665317
2016-05-17,12.429744812536,12.465106707187,12.114802064617,12.203207077508
2016-05-18,12.200946274019,12.427015319545,12.092433245200,12.229204904709
2016-05-19,12.124305801489,12.216797371104,11.885181076834,12.203262228536
2016-05-20,12.332122053816,12.439505448780,12.314036448438,12.415768204757
2016-05-23,12.431326700119,12.533568749102,12.374649141584,12.456887267931
2016-05-24,12.537747264807,12.773681662260,12.531101560864,12.702790719751
2016-05-25,12.801674717674,12.946197266542,12.747342850683,12.823407464470
2016-05-26,12.829866319307,12.918140277873,12.811565835882,12.889074354596
2016-05-27,12.937271932637,13.072225065467,12.917992944263,13.071153796346
2016-05-31,13.157773695217,13.189464219023,12.879956425961,13.076435391863
2016-06-01,12.960285091130,13.171467840068,12.886371023410,13.120783980323
2016-06-02,13.055537966952,13.308103797834,12.976611210574,13.302841698368
2016-06-03,13.184492708700,13.375511819176,12.997625986722,13.335024006921
2016-06-06,13.369200651822,13.449981219351,13.254243439392,13.418912144728
2016-06-07,13.478606129317,13.553739169828,13.400386265668,13.414795282715
2016-06-08,13.418913408539,13.468330506611,13.298457713428,13.370525327156
2016-06-09,13.239340477781,13.320943341917,13.158769945445,13.243472387356
2016-06-10,12.939971809051,12.988990489910,12.614568814269,12.644814680664
2016-06-13,12.370022823012,12.529861929410,11.687968744745,11.694537698602
2016-06-14,11.582525738727,11.906645439731,11.496729133494,11.819657454960
2016-06-15,11.877435347097,12.127412027911,11.823195216230,11.877435347097
2016-06-16,11.613414116086,12.094519235687,11.399850275891,12.037021513397
2016-06-17,12.040495619626,12.144722512330,11.927004366440,12.046285873879
2016-06-20,12.423528110151,12.616777733106,12.417741842676,12.450143343621
2016-06-21,12.565588382898,12.577917476732,12.301073166729,12.409793469898
2016-06-22,12.409793469898,12.587461545857,12.119676652465,12.205137691487
2016-06-23,12.531080507816,12.825001078274,12.451024206944,12.788403964442
2016-06-24,11.393842269815,12.053388246465,10.933363576496,11.097429658217
2016-06-27,10.928387286709,10.980003367648,10.636757287522,10.954195262659
2016-06-28,11.109787594198,11.431431304334,11.101942360970,11.417048725415
2016-06-29,11.560295869889,11.763857475856,11.555269528638,11.701029780911
2016-06-30,11.768503062705,11.909582423442,11.678947613730,11.869098920542
2016-07-01,11.912646004898,12.089255459424,11.888453341543,12.056594873986
2016-07-05,11.948202252779,11.973215815483,11.723079116427,11.939864358840
2016-07-06,11.852053671086,12.111877311581,11.760633838833,12.103457217400
2016-07-07,12.197217704911,12.295726170329,11.956288061019,12.200778480643
2016-07-08,12.423317284767,12.649388215371,12.385638757085,12.601112601778
2016-07-11,12.709526564734,12.762021577419,12.588559305161,12.599971631609
2016-07-12,12.757471388281,12.773449498756,12.607960629781,12.746058142445
2016-07-13,12.814888661805,12.867922125624,12.694153160633,12.850996475240
2016-07-14,12.920388610439,12.965157914055,12.825254190017,12.855473506332
2016-07-15,12.906940041184,12.944980606163,12.677577923048,12.886800918548
2016-07-18,12.860014096732,13.054219950055,12.827646305695,12.997297590955
2016-07-19,12.995084154755,13.085834928305,12.885518841484,13.002831070785
2016-07-20,13.130049292035,13.240674024643,13.066993194448,13.190893226844
2016-07-21,13.160353484623,13.211616366258,12.916037510109,13.001111789552
2016-07-22,13.045386076262,13.230230539793,12.995577517549,13.149430279234
2016-07-25,13.198683181062,13.249030591820,12.944757218865,13.189927000175
2016-07-26,13.194291744373,13.257579062181,13.065534900333,13.254305367638
2016-07-27,13.335746701315,13.463881066300,13.155489882776,13.400899985433
2016-07-28,13.364379418569,13.568464724455,13.295634929531,13.523351190447
2016-07-29,13.533996039280,13.815023178078,13.512706022266,13.757540313104
2016-08-01,13.818247866172,13.970015911500,13.697879752380,13.869534895507
2016-08-02,13.793739103242,13.837347981193,13.392957831447,13.608922829288
2016-08-03,13.595161790329,13.784645084070,13.526354795972,13.783586306470
2016-08-04,13.868256997666,14.020873577553,13.795084928322,13.971744176199
2016-08-05,14.140898608755,14.298707214033,14.137803598354,14.211035812498
2016-08-08,14.307398701938,14.373331616318,14.267839176467,14.368259463539
2016-08-09,14.466590134912,14.625122811749,14.372273044285,14.484650796753
2016-08-10,14.528446658162,14.544373005072,14.168122565118,14.311455606286
2016-08-11,14.398106214152,14.491809879229,14.311455606286,14.349743587963
2016-08-12,14.349743587963,14.470329263203,14.255284192696,14.421090249814
2016-08-15,14.512084108231,14.570080548739,14.475086942700,14.534082820144
2016-08-16,14.393187345676,14.395171394885,14.239392475464,14.286027057975
2016-08-17,14.309251748209,14.494037292648,14.122447095732,14.467783435480
2016-08-18,14.437866297527,14.595428514570,14.386010742803,14.595428514570
2016-08-19,14.516341637044,14.591474086664,14.438244231504,14.557862586334
2016-08-22,14.513260896404,14.562817889153,14.415138248990,14.535066072328
2016-08-23,14.581722920316,14.627386872983,14.537051862969,14.554920504301
2016-08-24,14.514274983927,14.532119184636,14.308075133027,14.389365380699
2016-08-25,14.264005001362,14.467590157117,14.249964638876,14.382345199456
2016-08-26,14.440541022068,14.640212007005,14.112438420089,14.360270897694
2016-08-29,14.381374869262,14.546181243655,14.379364531744,14.507993875065
2016-08-30,14.528884332342,14.590561512630,14.436369009564,14.563702523809
2016-08-31,14.533972296061,14.573612401525,14.334781563854,14.517125533672
2016-09-01,14.549933122990,14.589700819803,14.367003029977,14.557886821422
2016-09-02,14.711555909284,14.827550862493,14.679830838786,14.823585117147
2016-09-06,14.883970580254,15.024220301676,14.818715832276,15.017401841925
2016-09-07,15.008748325691,15.130864193690,14.984709712215,15.112595328220
2016-09-08,15.110683894549,15.130749839327,14.994109564382,15.085840703332
2016-09-09,14.792929877038,14.822604279761,13.871124070028,13.876867123012
2016-09-12,13.809758302169,14.421078881935,13.734260655899,14.351872382875
2016-09-13,14.073766984757,14.094067171162,13.164341470929,13.410982569729
2016-09-14,13.548519804198,13.827960865483,13.383693414247,13.477568218260
2016-09-15,13.477568218260,13.795824780502,13.361344832048,13.720876772153
2016-09-16,13.581064066729,13.851084330051,13.462596631648,13.807325661355
2016-09-19,14.044908194970,14.189154346863,13.844448469178,13.982330395998
2016-09-20,14.153077093182,14.154123987205,13.919479148570,14.033659524040
2016-09-21,14.120286526248,14.597259656765,14.028440685383,14.555512078622
2016-09-22,14.768110910975,14.839649849333,14.684482313506,14.812444766126
2016-09-23,14.772828507698,14.845128213994,14.710433509770,14.748068469980
2016-09-26,14.482472119567,14.524251153102,14.269597082099,14.355145034328
2016-09-27,14.364349365958,14.792876627316,14.300940145771,14.737648694331
2016-09-28,14.793473621147,14.838332237752,14.531297682273,14.817398176795
2016-09-29,14.787652032217,14.903660637678,14.089616053992,14.351379508644
2016-09-30,14.629102489528,14.766426156419,14.491778105273,14.678292756979
2016-10-03,14.598094963136,14.733429385592,14.534938304519,14.709369395828
2016-10-04,14.773393469298,14.877430750516,14.543309171698,14.729377100103
2016-10-05,14.811295772500,14.855252333101,14.762344570504,14.795311241698
2016-10-06,14.768458088867,14.885818051016,14.714750888086,14.852996845737
2016-10-07,14.898570243464,14.926310533747,14.679619412261,14.843089761970
2016-10-10,14.930331775641,15.055247101158,14.900590475235,14.999729465107
2016-10-11,14.939879682701,14.956558934028,14.468930280896,14.581761936006
2016-10-12,14.614085043651,14.753478142337,14.491863393881,14.574691357219
2016-10-13,14.296779828467,14.458473606714,14.103757235172,14.353372418419
2016-10-14,14.566866727565,14.608950110527,14.378006969328,14.434459223970
2016-10-17,14.474265649811,14.515093062060,14.367094738857,14.465079936258
2016-10-18,14.660636363277,14.767581701261,14.608691429536,14.760452134285
2016-10-19,14.914226939680,14.985124137430,14.815371458005,14.930204014876
2016-10-20,14.913419728943,15.049669242286,14.830484727439,15.023011986366
2016-10-21,14.979836577738,15.194731581049,14.936661070985,15.182956228751
2016-10-24,15.357741127450,15.480089867112,15.348030288869,15.450959487623
2016-10-25,15.450004826807,15.461458752218,15.271518760401,15.367920413470
2016-10-26,15.194222991136,15.351606464834,15.135684016163,15.178868122035
2016-10-27,15.300337940463,15.305197121903,15.014641510576,15.047680912484
2016-10-28,15.019251971036,15.103558294374,14.595760234607,14.725160487405
2016-10-31,14.769260098609,14.789304838855,14.516690819006,14.560790430211
2016-11-01,14.555721624837,14.556735527830,14.012378998964,14.359064282658
2016-11-02,14.321022633584,14.355979952448,14.121562425732,14.186336033310
2016-11-03,14.195702969921,14.230050138859,13.714845623156,13.803315275739
2016-11-04,13.877181638408,14.050605722348,13.748718422256,13.787257333576
2016-11-07,14.385305557269,14.671468100071,14.319927441902,14.661822485968
2016-11-08,14.583941267051,14.901533058156,14.485831568620,14.852984484806
2016-11-09,14.439569443212,15.133587148243,14.430581760265,15.031731667865
2016-11-10,15.235022900233,15.302128940340,14.535344380967,14.818571223904
2016-11-11,14.671386666352,15.025830970076,14.602299783918,14.997795935454
2016-11-14,14.953271043839,15.063097988466,14.748458917048,15.026489534620
2016-11-15,15.099567688605,15.352378986699,15.018588974788,15.347441754019
2016-11-16,15.183964998991,15.385166995326,15.183964998991,15.299075936021
2016-11-17,15.315572271458,15.522263791309,15.284519980609,15.519352736080
2016-11-18,15.532747985381,15.604508249494,15.425586469375,15.553797758535
2016-11-21,15.645447835123,15.922307920816,15.643538838414,15.907987390494
2016-11-22,15.910788985685,15.947210843851,15.693191732883,15.865028258972
2016-11-23,15.785431738790,15.880947413179,15.718008458118,15.846299902850
2016-11-25,15.871613199108,15.906302456973,15.790984673252,15.900676655000
2016-11-28,15.810045877143,15.894136335823,15.690449106783,15.828732490014
2016-11-29,15.811837401797,15.988296044016,15.740502793461,15.883172103995
2016-11-30,15.990743737519,16.013193263131,15.830788879803,15.861657421836
2016-12-01,15.883201326051,15.913174838708,15.423293429350,15.564731571525
2016-12-02,15.527490898224,15.786266401255,15.482610806395,15.572370894563
2016-12-05,15.830064898409,16.103029961332,15.801432581270,16.072488511273
2016-12-06,16.203001394355,16.376092117423,16.153017750790,16.330736950682
2016-12-07,16.366274117342,16.533936712650,16.261484585230,16.310690110203
2016-12-08,16.296093146314,16.344446706804,16.013269352985,16.286969268401
2016-12-09,16.221186118736,16.410314421403,16.210221879766,16.376508680317
2016-12-12,16.366512940047,16.390139202186,16.224756639388,16.311991397787
2016-12-13,16.326587892850,16.353044701572,16.097600107993,16.241743552959
2016-12-14,16.188600632226,16.504712380106,16.161112355367,16.256404187188
2016-12-15,16.382734791740,16.446816130207,16.263727899504,16.374496187535
2016-12-16,16.476291000204,16.534459633379,16.364498347198,16.472656091170
2016-12-19,16.570233805968,16.785267823848,16.570233805968,16.769004690682
2016-12-20,16.838253984481,16.980303911248,16.831151306141,16.931473952060
2016-12-21,16.988633375261,17.089761605835,16.956975897269,17.066018761153
2016-12-22,17.056421219884,17.100046010880,16.867089190713,16.914204052238
2016-12-23,16.886911893499,16.962626200713,16.836729213349,16.959985095061
2016-12-27,16.959106891668,17.096078963114,16.949448498202,17.068860365109
2016-12-28,17.096779084430,17.128187829064,16.745176788715,16.773968145234
2016-12-29,16.741109178534,16.813931270941,16.525306772225,16.638092789607
2016-12-30,16.732108038162,16.734794111373,16.374848571494,16.465282896487
2017-01-03,16.802804534856,17.068840913815,16.747606476486,17.050742766985
2017-01-04,17.146976322273,17.582649146237,17.145226280873,17.495164573164
2017-01-05,17.416672831362,17.534410444065,17.260542008815,17.523319451521
2017-01-06,17.613610458074,17.822302952024,17.539503904710,17.641720172294
2017-01-09,17.594337304126,17.791484161646,17.515647617026,17.659488726704
2017-01-10,17.750778614347,17.824317807903,17.593557347807,17.717812967162
2017-01-11,17.706017942111,17.936020593605,17.537517584240,17.910745876925
2017-01-12,17.831560843840,17.924081913987,17.454808628071,17.914913159288
2017-01-13,17.950746319590,18.017412914338,17.797414060000,17.890746525984
2017-01-17,17.768081923443,17.958337918452,17.740544776010,17.915780470854
2017-01-18,17.977443920700,18.089938189556,17.904947923348,17.957445076600
2017-01-19,17.999013236500,18.034761854013,17.772882363510,17.855187153838
2017-01-20,17.946328045312,18.208879658046,17.912881802114,18.204698647704
2017-01-23,18.198135931602,18.285918761143,18.027492350618,18.278534823597
2017-01-24,18.397014784978,18.757355718814,18.385575461587,18.702610157823
2017-01-25,18.856814008200,18.977460703784,18.809673651445,18.934315505127
2017-01-26,18.904320859849,18.988778498328,18.785133260781,18.885377230631
2017-01-27,18.922571943101,19.030990579801,18.837894799132,18.997752347530
2017-01-30,18.797138659864,18.803432039126,18.318811861851,18.727906846323
2017-01-31,18.646488343531,18.782984390438,18.478063218446,18.771010886343
2017-02-01,18.949403027018,19.040192522863,18.812423782744,18.935068568601
2017-02-02,18.851375441991,18.949279896881,18.761366441436,18.857692026534
2017-02-03,19.045587371174,19.143895200979,18.983747999582,19.050344050759
2017-02-06,18.945956297465,19.099006094739,18.912991950338,19.060547114187
2017-02-07,19.070745346421,19.091925161893,18.949155480198,18.985240066404
2017-02-08,18.951374338861,19.077385976515,18.829300882373,19.012804971854
2017-02-09,19.065496458139,19.302999003645,19.047408262033,19.212559045480
2017-02-10,19.312186564376,19.432829590793,19.292728049390,19.366670795508
2017-02-13,19.538098338757,19.707981722080,19.507982702833,19.673231984763
2017-02-14,19.679314917305,20.105869974016,19.669431159384,20.096746107445
2017-02-15,20.074406237751,20.141424729852,19.717717073120,19.727396841861
2017-02-16,19.748644924482,19.760786957003,19.174944796542,19.675794702403
2017-02-17,19.450580128936,19.699381155862,19.377537813390,19.656773246249
2017-02-21,19.789290054019,19.816707558324,19.505215415429,19.537202795729
2017-02-22,19.458274981055,19.611531980866,19.321110502623,19.495823329151
2017-02-23,19.474321866040,19.505806069033,19.091131879217,19.239339451426
2017-02-24,18.884439242688,19.383323105641,18.837741893909,19.367757530258
2017-02-27,19.363891478443,19.615943706891,19.275750862807,19.394044796084
2017-02-28,19.354667270816,19.417980899446,19.107589309615,19.155460821434
2017-03-01,19.579226369766,19.644120536267,19.354052207728,19.374380608236
2017-03-02,19.365876214021,19.550651826731,19.250680989412,19.349640777246
2017-03-03,19.488205907915,19.681733817298,19.478142639626,19.644575711216
2017-03-06,19.662879990642,19.861171851394,19.614069799095,19.826851270272
2017-03-07,19.813248988556,19.987062907734,19.711983922187,19.818539499499
2017-03-08,19.914554322937,20.013593941922,19.712694789861,19.745960282993
2017-03-09,19.808942246927,19.920488634157,19.627584837936,19.796800932429
2017-03-10,19.886869111368,19.949689819783,19.755172625400,19.933038512109
2017-03-13,19.966115057135,20.156304251364,19.921010431531,20.140517264052
2017-03-14,20.108522799905,20.181441400465,19.879348737220,19.948546833221
2017-03-15,20.064247808170,20.405337994950,20.041708548901,20.304663944148
2017-03-16,20.381451974581,20.552012111569,20.363732278945,20.521739408166
2017-03-17,20.599185301143,20.802298424970,20.584573060123,20.646675358445
2017-03-20,20.663379412776,20.783206679394,20.633603753821,20.639413727060
2017-03-21,20.844281662173,20.918383331003,20.157754405280,20.245659489963
2017-03-22,20.144897885101,20.345679460322,20.009314206546,20.193055525125
2017-03-23,20.105402256589,20.319336184037,19.803070449099,19.850611486939
2017-03-24,20.001029645166,20.212672979877,19.600419249785,20.040335096133
2017-03-27,19.641983887731,20.326368259113,19.571598466696,20.243253736646
2017-03-28,20.341853195203,20.807419715055,20.324060393650,20.789626987637
2017-03-29,20.825023171087,20.941323802203,20.747730830964,20.829357208933
2017-03-30,20.825752050158,20.876942738046,20.689485296564,20.780330495915
2017-03-31,20.771657450797,20.848263905054,20.580144097524,20.590984066939
2017-04-03,20.599737606092,20.647877257389,20.174496786414,20.540656359085
2017-04-04,20.400998328851,20.723454445154,20.359319853392,20.681775896576
2017-04-05,20.777639755799,20.907635662612,20.304858771003,20.334634776707
2017-04-06,20.429945932614,20.717358578396,20.361233383154,20.513436372277
2017-04-07,20.364745893023,20.474615759403,20.099593648395,20.137681063027
2017-04-10,20.106332708145,20.227995133204,19.773442046787,19.785383513054
2017-04-11,19.527009765745,19.599202861803,19.221520494570,19.321830479366
2017-04-12,19.321830479366,19.464315117708,19.183239093256,19.286014785639
2017-04-13,19.254032327241,19.442025255770,19.029377484268,19.106602510972
2017-04-17,19.264091816206,19.572770696975,19.247555517901,19.572770696975
2017-04-18,19.439711849337,19.654298656456,19.258197625937,19.648145478109
2017-04-19,19.791422398701,19.861145885046,19.335540298645,19.409860764490
2017-04-20,19.555694349799,19.744192316711,19.393570894303,19.661967098837
2017-04-21,19.600695547955,19.651244617642,19.413818401502,19.625203999812
2017-04-24,20.427829973493,20.716346414775,20.298151232532,20.683350657348
2017-04-25,20.818398032786,20.946874754230,20.781898860503,20.936654985991
2017-04-26,20.886167195646,20.942425188153,20.660413391374,20.821975373512
2017-04-27,20.935839302726,20.962674339114,20.806019764635,20.934389597198
2017-04-28,20.925732340163,20.943766789449,20.804541345923,20.930782490927
2017-05-01,21.030349088419,21.427175359771,21.024578007880,21.344924096254
2017-05-02,21.344924096254,21.372527122927,21.204078591001,21.301750131458
2017-05-03,21.186858899894,21.272673411383,21.037216084026,21.086151531087
2017-05-04,21.263851584804,21.385663161807,20.992285840469,21.359150700949
2017-05-05,21.365517836308,21.436975127557,21.250197593235,21.296892206750
2017-05-08,21.456544386499,21.643869610739,21.450157518788,21.580718304082
2017-05-09,21.744600999594,21.757907871318,21.523288761438,21.599627099726
2017-05-10,21.538050597379,21.656306039744,21.538050597379,21.559042009528
2017-05-11,21.438459294322,21.599703645621,21.181169870448,21.586383337240
2017-05-12,21.529669331366,21.607388786518,21.489059132180,21.607388786518
2017-05-15,21.687831298832,21.865502445909,21.674540760910,21.824931687259
2017-05-16,21.950983759325,21.997387227103,21.816620870630,21.932283521542
2017-05-17,21.262363848505,21.424330404803,19.929417230091,19.929417230091
2017-05-18,20.030557832557,20.492589217393,19.969261045694,20.193763358770
2017-05-19,20.516712610894,21.034035759930,20.509148949851,20.866888350270
2017-05-22,21.141645494268,21.373174474018,21.126991999727,21.318223045218
2017-05-23,21.384950619688,21.421542526353,21.234993291791,21.326832631273
2017-05-24,21.356956210019,21.653161515526,21.237899749358,21.615149676342
2017-05-25,21.617272901253,21.663278278142,21.414851974914,21.487044311402
2017-05-26,21.442187382666,21.704919296672,21.438628185972,21.672167396107
2017-05-30,21.539442918727,21.785830208157,21.517557687345,21.753354644985
2017-05-31,21.802589264391,21.839866994225,21.409414257154,21.662622378431
2017-06-01,21.801766121758,21.932433402059,21.766450468789,21.919720261410
2017-06-02,21.884115273019,22.003495016861,21.828265086989,21.895983253420
2017-06-05,21.841470499843,22.068607264284,21.835180838227,21.840073503909
2017-06-06,21.736372676889,21.808542240581,21.547890677711,21.603244646670
2017-06-07,21.727222077914,21.777520926122,21.429676455460,21.715178697710
2017-06-08,21.729274674696,22.033752838129,21.725045959130,21.973139227884
2017-06-09,22.069970881546,22.187700632342,21.319002622114,21.805947136183
2017-06-12,21.673968222482,21.725917582209,21.391056799249,21.688009337525
2017-06-13,21.911057723322,22.088227281825,21.872942209279,22.062816539147
2017-06-14,22.069756526125,22.150962653927,21.883748689589,22.096824911497
2017-06-15,21.670633647019,22.071878076015,21.639449097824,21.971393027121
2017-06-16,22.061303240440,22.091970215384,21.858483662903,22.091970215384
2017-06-19,22.266653365164,22.474610403603,22.253482614091,22.412916551519
2017-06-20,22.311773035072,22.331591272260,22.076681927487,22.125887082761
2017-06-21,22.328063658159,22.380685687033,22.117578796877,22.217282520279
2017-06-22,22.245553287206,22.395185369263,22.173840563256,22.339332005711
2017-06-23,22.341389344820,22.467577770819,22.261150582094,22.446317068399
2017-06-26,22.591700421871,22.706369190965,22.485905067385,22.694082824826
2017-06-27,22.633991982405,22.757549692306,22.284925088997,22.291677274151
2017-06-28,22.505517915879,22.683603519939,22.377626057499,22.635472407542
2017-06-29,22.619216793059,22.621925531585,20.936118035001,22.043509107375
2017-06-30,22.349745869180,22.447881174104,21.860462445327,22.246043450732
2017-07-03,22.413643526760,22.470889946113,22.075683965996,22.097064969303
2017-07-05,22.156089033436,22.229694785523,21.781809668732,22.089426545482
2017-07-06,21.874784282376,21.940080210462,21.441330967343,21.533717701570
2017-07-07,21.745489764840,21.930166136515,21.650655699904,21.915905610227
2017-07-10,21.933426000248,22.270518094017,21.908897033729,22.182916143909
2017-07-11,22.150369496907,22.280556154164,21.703027726863,22.230697497718
2017-07-12,22.422794023262,22.576885674975,22.402755646353,22.535426585271
2017-07-13,22.538835670127,22.690871459826,22.533381325255,22.659509283611
2017-07-14,22.662899802103,22.940906044978,22.651372866465,22.856825892121
2017-07-17,23.073293545737,23.198333895784,23.045058777616,23.155309282340
2017-07-18,23.041152108916,23.314597870705,22.926994935491,23.313271192558
2017-07-19,23.420067316499,23.551914790029,23.392379478905,23.441162450797
2017-07-20,23.527710054816,23.552625469859,23.310030412833,23.552625469859
2017-07-21,23.479536700653,23.650511252953,23.418194812733,23.647900378089
2017-07-24,23.675198286434,23.900082581023,23.667399171886,23.850685480748
2017-07-25,23.879042521281,23.915132860728,23.751436966710,23.795260733965
2017-07-26,23.874070167655,23.968383471376,23.753918114113,23.784925789578
2017-07-27,23.896082444436,23.896082444436,23.024924335199,23.675061911716
2017-07-28,23.430934985307,23.597148470228,23.259527128113,23.552998416047
2017-07-31,23.739657688593,23.752710584215,23.508617448367,23.648285461277
2017-08-01,23.788693358128,23.860197637279,23.702889146197,23.784793276000
2017-08-02,23.872693663609,23.876571425137,23.501702206781,23.747306244289
2017-08-03,23.721412720907,23.739538394426,23.544039101467,23.593237145461
2017-08-04,23.650578527081,23.788718017570,23.597147609987,23.625817290812
2017-08-07,23.668764119380,23.783288952181,23.631023065594,23.781987215668
2017-08-08,23.771643654564,23.942309148162,23.276454692894,23.447120251137
2017-08-09,23.128388345076,23.376290822088,22.789982421040,23.124453515248
2017-08-10,22.818504710319,22.833137206118,21.465675529199,21.529526305076
2017-08-11,21.280986630629,21.585555223222,20.768105290502,21.062617456653
2017-08-14,21.851584446119,22.424576083481,21.848645435260,22.405476700154
2017-08-15,22.700722986054,22.700722986054,22.243299249706,22.460922285057
2017-08-16,22.467835268474,22.635145492907,22.375193229421,22.545268412157
2017-08-17,22.242202967038,22.397868701712,20.640092439959,20.673153781742
2017-08-18,21.066985628152,21.569879951709,20.701934196576,21.039721391065
2017-08-21,21.127560064762,21.486361364506,20.890841399918,21.458073793988
2017-08-22,21.795409487967,22.291921547948,21.757440570343,22.246651642753
2017-08-23,21.767136956828,22.211393225519,21.671234061953,22.112669022614
2017-08-24,22.143885786467,22.206319243227,21.581988010130,21.793408841801
2017-08-25,22.007974058507,22.163496473649,21.881250797254,22.123175786166
2017-08-28,22.256550855520,22.265063780458,21.977031364878,22.195538947031
2017-08-29,21.368191757709,22.114925681192,21.324348709643,22.073911736957
2017-08-30,22.092398744576,22.204745170512,21.997117932454,22.129373755286
2017-08-31,22.207394408834,22.459896095726,22.179022778493,22.441454241655
2017-09-01,22.537992022887,22.572969353125,22.426064146395,22.456844336914
2017-09-05,22.061172959061,22.273688996016,21.345327398392,21.815100842230
2017-09-06,22.100321469784,22.159382930297,21.830946608712,22.111845846927
2017-09-07,22.141695844199,22.262517623859,21.958330559929,22.170125188051
2017-09-08,22.029771273419,22.075137872398,21.828456959439,21.906431348581
2017-09-11,22.312531387568,22.600961921902,22.312531387568,22.532083445596
2017-09-12,22.678685165081,22.826684423805,22.600497595318,22.816911003763
2017-09-13,22.826563924676,23.233368083764,22.816911003763,23.215441447340
2017-09-14,23.077156920088,23.233065537865,23.029706736450,23.058176833076
2017-09-15,23.122333699208,23.295692710700,23.115508112956,23.273852691139
2017-09-18,23.428037838295,23.871658253386,23.426684998285,23.776983527253
2017-09-19,23.780956821109,23.799499410966,23.623343913302,23.773010299622
2017-09-20,23.727970077407,23.836595151512,23.318639219528,23.761087498242
2017-09-21,23.808800591881,23.839284378801,23.629876938044,23.771690592018
2017-09-22,23.557077363311,23.771690592018,23.474942225414,23.690879496469
2017-09-25,23.665622363115,23.818492673991,23.320003180033,23.685562142269
2017-09-26,23.750712463049,23.882343971543,23.615093339768,23.809215363100
2017-09-27,23.940165783050,24.003657420838,23.785406081600,23.911065432529
2017-09-28,23.858381268844,24.083609381165,23.837306826267,24.079658141330
2017-09-29,24.091429379154,24.332095679288,23.999872139009,24.302011999381
2017-10-02,24.379778243363,24.658441508705,24.370705557022,24.531422539018
2017-10-03,24.657264670661,24.684230617010,24.530139146474,24.585355458995
2017-10-04,24.557166930029,24.622512940143,24.472601471258,24.576386442749
2017-10-05,24.637910208679,24.992957079320,24.634065069440,24.959631172043
2017-10-06,24.914185695327,24.959631172043,24.644038022060,24.952057252036
2017-10-09,25.015195046810,25.030347486177,24.582069711527,24.717184592342
2017-10-10,24.918613323236,25.032077665820,24.703160956105,24.981082665522
2017-10-11,25.012621250211,25.283853267773,24.926836299856,25.240960287978
2017-10-12,25.228473604591,25.456983587956,25.113594643980,25.332114881056
2017-10-13,25.465245281144,25.668051188359,25.419209202754,25.563537989878
2017-10-16,25.674511509234,25.792883929059,25.586965272516,25.778087977692
2017-10-17,25.747516241910,25.806213485463,25.617891470763,25.757299441934
2017-10-18,25.822163689840,25.895594938130,25.780552055571,25.808701199471
2017-10-19,25.367766874286,25.912522103376,25.224860384643,25.894200551847
2017-10-20,26.112116139697,26.155942774757,26.019593128482,26.118203529112
2017-10-23,26.211146152455,26.222010108163,25.562958635097,25.718668533850
2017-10-24,25.916070660976,25.996993676099,25.499196549241,25.572763272163
2017-10-25,25.423554007815,25.474112067405,24.261939687956,25.144865091171
2017-10-26,25.349345568259,25.518700636195,25.172463913673,25.198807939175
2017-10-27,25.513010906797,25.968667374418,25.316476856789,25.909832477480
2017-10-30,25.523609734397,26.037760658592,25.478529782310,25.803834021913
2017-10-31,25.915163338696,26.071757697019,25.828302460043,26.035055498595
2017-11-01,26.161168605870,26.192697094898,25.825271881913,25.957447567834
2017-11-02,25.963529239013,26.120427063180,25.574325088493,26.099749952816
2017-11-03,26.168700846253,26.214668753700,25.996928536315,26.128782538247
2017-11-06,26.157782054556,26.272572400704,26.133615952075,26.238739530983
2017-11-07,26.270025070826,26.343425256005,25.928292859937,26.174965772200
2017-11-08,26.090530760607,26.318506208635,25.969908798524,26.159285218684
2017-11-09,25.658403653712,26.003589499236,25.250456344880,25.997554421684
2017-11-10,25.837240621080,25.912539891774,25.587054235884,25.672068765794
2017-11-13,25.445731835483,25.849202660064,25.438350654321,25.637626246935
2017-11-14,25.435619512961,25.593283216706,25.212673166970,25.529232693112
2017-11-15,25.163080442838,25.344918824511,24.826615913635,25.039380316495
2017-11-16,25.483492621077,25.721950822273,25.468352098401,25.589473630279
2017-11-17,25.589473630279,25.858732508544,25.559830698047,25.764863120215
2017-11-20,25.958693904177,26.201596986270,25.920663987965,26.186875302965
2017-11-21,26.439206679842,26.753110960113,26.404194138418,26.673428002849
2017-11-22,26.788439787079,26.880924880305,26.672242009982,26.794368625001
2017-11-24,26.859289255516,26.930111198174,26.825058446284,26.854567662832
2017-11-27,26.827479552061,26.965273560943,26.725017695157,26.873410849098
2017-11-28,27.002870042151,27.121737575726,26.859288597231,27.055831222953
2017-11-29,27.026605688268,27.049985765309,26.599912706527,26.763575876112
2017-11-30,26.983414585940,27.017690554485,26.569739816734,26.717480805736
2017-12-01,26.581324010299,26.717480805736,24.994803242210,26.354001834630
2017-12-04,26.953065309715,27.045505583056,26.459648041385,26.464450275387
2017-12-05,26.586394829658,26.861369146390,26.373589016445,26.514662672101
2017-12-06,26.352376646096,26.594612137451,26.293906205703,26.531368520737
2017-12-07,26.533754054293,27.003609597237,26.492015743648,26.966641518934
2017-12-08,27.190796710459,27.424339938429,27.140332486475,27.379743992719
2017-12-11,27.445644058653,27.879197124010,27.431770013719,27.863010333604
2017-12-12,27.925514370271,27.978926733000,27.791415475321,27.827781261933
2017-12-13,27.941568395926,27.999600061837,27.812989218981,27.873296286211
2017-12-14,27.947137516738,28.017569959926,27.706301718295,27.947137516738
2017-12-15,28.055907579309,28.523845600192,28.051375375346,28.403745480921
2017-12-18,28.606692204155,28.743850335616,28.504103522731,28.613384234506
2017-12-19,28.637738044770,28.653235798235,28.378702797506,28.528145787883
2017-12-20,28.795729445259,28.805721735242,28.528145787883,28.591432271153
2017-12-21,28.654580587006,28.725483033068,28.501696514320,28.690030951452
2017-12-22,28.714320377330,28.788293705901,28.491302020227,28.608331816421
2017-12-26,28.477679057861,28.758913691262,28.464392980340,28.597258959480
2017-12-27,28.642672920987,28.808820142314,28.461018681051,28.519723921822
2017-12-28,28.593028375754,28.764070472617,28.574147247761,28.751853017351
2017-12-29,28.831180799441,28.831180799441,28.478613944087,28.501751881813
2018-01-02,28.610680988049,29.030837660300,28.523982068936,28.987488256320
2018-01-03,29.163494704813,29.366831338684,29.163494704813,29.307797209041
2018-01-04,29.464599878112,29.506773986006,29.292657820355,29.348890522931
2018-01-05,29.366168929076,29.391005662646,29.259260535730,29.353209274065
2018-01-08,29.393159970156,29.654451486584,29.316499297271,29.528124707951
2018-01-09,29.611846653577,29.667661784896,29.356386519398,29.369267962266
2018-01-10,29.211704449198,29.598057180322,29.014211241795,29.516037131400
2018-01-11,29.655638888341,29.735104911071,29.551474633463,29.599799495670
2018-01-12,29.661906065755,29.711164800746,29.534478999168,29.597657413472
2018-01-16,29.513055052543,29.529119582938,28.536390739860,28.692743484004
2018-01-17,28.871879059039,29.344047004931,28.458318095976,29.035533844707
2018-01-18,28.786358182727,29.196186753890,28.501117442555,28.976519240829
2018-01-19,29.040035638152,29.086029893073,28.737785142852,29.027989411649
2018-01-22,28.933976836987,29.461977297039,28.919765158439,29.372336684624
2018-01-23,29.198375981842,29.308587562311,28.948780538533,29.108694189053
2018-01-24,29.031278427918,29.038910192199,28.342159564447,28.729243603933
2018-01-25,28.791121698529,28.814326861073,28.247476232864,28.489465137925
2018-01-26,28.633215470502,28.667760032932,28.405888909656,28.605356727746
2018-01-29,28.265741908666,28.325674095512,27.523250634875,27.550996966292
2018-01-30,27.059385591071,27.238258536771,26.469682963423,27.115932182043
2018-01-31,27.391548102375,27.585065962907,26.986920568231,27.410313864102
2018-02-01,27.296597033588,28.275951461046,27.152711104255,27.823406101920
2018-02-02,27.403779873491,27.414070040371,25.701262779072,25.985968239275
2018-02-05,25.296946528915,26.181601733741,21.624213934305,21.829689860461
2018-02-06,23.692885680474,24.337248419161,23.048522395716,24.282641407408
2018-02-07,24.322318430079,25.334095651356,24.173528231149,24.371915824347
2018-02-08,24.312617253240,24.352149963417,21.644158327950,21.654041999653
2018-02-09,22.987641663515,23.428407089029,21.597532974235,23.100658019097
2018-02-12,23.504813728201,23.760069097883,22.898580962219,23.611170353811
2018-02-13,23.257211009883,23.673633246917,23.111462524208,23.559117509116
2018-02-14,23.621719760228,25.009391429277,23.559117509116,24.978089521199
2018-02-15,25.422364845583,25.451982641085,24.741143701714,25.234781854055
2018-02-16,24.922034751294,25.576848997700,24.804755076426,25.019767732239
2018-02-20,24.586013369510,24.862038693828,24.191691266385,24.457858525801
2018-02-21,24.700015036414,25.355857456823,24.296420515730,24.387229396395
2018-02-22,24.670566501415,24.872949641899,24.286037573173,24.559256001831
2018-02-23,24.840621759585,25.523940322496,24.750182604523,25.523940322496
2018-02-26,25.891887854917,26.056494993243,25.649817109903,25.979032354839
2018-02-27,25.807742976959,25.960000571813,24.665807447005,24.780001000000
2018-02-28,25.500000000000,25.540001000000,24.459999000000,24.459999000000
2018-03-01,24.580000000000,24.719999000000,23.139999000000,23.740000000000
2018-03-02,23.160000000000,24.340000000000,22.879999000000,24.219999000000
2018-03-05,24.020000000000,24.879999000000,24.000000000000,24.820000000000
2018-03-06,24.900000000000,24.900000000000,24.240000000000,24.740000000000
2018-03-07,24.180000000000,24.900000000000,24.100000000000,24.820000000000
2018-03-08,24.959999000000,25.320000000000,24.879999000000,25.280001000000
2018-03-09,25.520000000000,26.459999000000,25.500000000000,26.459999000000
2018-03-12,26.139999000000,26.219999000000,25.620001000000,25.700001000000
2018-03-13,26.059999000000,26.139999000000,25.299999000000,25.480000000000
2018-03-14,25.740000000000,25.740000000000,25.040001000000,25.240000000000
2018-03-15,25.360001000000,25.740000000000,25.100000000000,25.559999000000
2018-03-16,25.700001000000,26.139999000000,25.680000000000,25.820000000000
2018-03-19,25.559999000000,25.600000000000,24.000000000000,24.600000000000
2018-03-20,24.740000000000,25.020000000000,24.600000000000,24.940001000000
2018-03-21,25.059999000000,25.760000000000,24.959999000000,25.059999000000
2018-03-22,24.299999000000,24.660000000000,23.299999000000,23.379999000000
2018-03-23,23.639999000000,23.959999000000,22.760000000000,22.820000000000
2018-03-26,23.620001000000,23.700001000000,22.920000000000,23.660000000000
2018-03-27,23.719999000000,23.719999000000,22.600000000000,22.820000000000
2018-03-28,22.920000000000,23.040001000000,22.219999000000,22.580000000000
2018-03-29,22.860001000000,23.480000000000,22.680000000000,23.480000000000
2018-04-02,23.020000000000,23.160000000000,21.799999000000,22.299999000000
2018-04-03,22.580000000000,22.799999000000,22.280001000000,22.780001000000
2018-04-04,21.900000000000,23.059999000000,21.900000000000,22.980000000000
2018-04-05,23.180000000000,23.440001000000,22.980000000000,23.379999000000
2018-04-06,23.020000000000,23.340000000000,22.139999000000,22.760000000000
2018-04-09,22.840000000000,23.040001000000,22.580000000000,22.620001000000
2018-04-10,23.020000000000,23.040001000000,22.660000000000,22.959999000000
2018-04-11,22.700001000000,23.000000000000,22.639999000000,22.820000000000
2018-04-12,23.020000000000,23.400000000000,23.020000000000,23.320000000000
2018-04-13,23.639999000000,23.840000000000,23.400000000000,23.780001000000
2018-04-16,24.020000000000,24.400000000000,24.000000000000,24.320000000000
2018-04-17,24.580000000000,25.260000000000,24.500000000000,25.100000000000
2018-04-18,24.860001000000,25.160000000000,24.340000000000,25.059999000000
2018-04-19,24.700001000000,24.980000000000,24.420000000000,24.840000000000
2018-04-20,24.820000000000,25.000000000000,24.320000000000,24.480000000000
2018-04-23,24.580000000000,24.900000000000,24.340000000000,24.600000000000
2018-04-24,24.879999000000,25.020000000000,23.480000000000,23.980000000000
2018-04-25,23.920000000000,23.940001000000,23.480000000000,23.860001000000
2018-04-26,24.160000000000,24.580000000000,24.020000000000,24.500000000000
2018-04-27,24.660000000000,24.760000000000,24.240000000000,24.700001000000
2018-04-30,24.820000000000,25.059999000000,24.600000000000,24.660000000000
2018-05-01,24.580000000000,24.900000000000,24.400000000000,24.879999000000
2018-05-02,24.900000000000,25.299999000000,24.879999000000,24.940001000000
2018-05-03,24.719999000000,24.820000000000,23.920000000000,24.660000000000
2018-05-04,24.480000000000,25.139999000000,24.400000000000,25.059999000000
2018-05-07,25.180000000000,25.299999000000,25.020000000000,25.139999000000
2018-05-08,25.059999000000,25.240000000000,24.959999000000,25.160000000000
2018-05-09,25.320000000000,25.740000000000,25.240000000000,25.740000000000
2018-05-10,25.799999000000,26.400000000000,25.799999000000,26.360001000000
2018-05-11,26.299999000000,26.540001000000,26.139999000000,26.540001000000
2018-05-14,26.660000000000,27.020000000000,26.639999000000,26.959999000000
2018-05-15,26.459999000000,26.459999000000,25.799999000000,25.980000000000
2018-05-16,26.200001000000,26.559999000000,26.180000000000,26.420000000000
2018-05-17,26.500000000000,26.860001000000,26.340000000000,26.820000000000
2018-05-18,26.660000000000,26.760000000000,26.400000000000,26.660000000000
2018-05-21,27.100000000000,27.340000000000,26.900000000000,27.020000000000
2018-05-22,27.120001000000,27.200001000000,26.840000000000,26.920000000000
2018-05-23,26.480000000000,27.180000000000,26.280001000000,27.100000000000
2018-05-24,27.059999000000,27.260000000000,26.440001000000,27.180000000000
2018-05-25,27.000000000000,27.299999000000,26.879999000000,27.000000000000
2018-05-29,26.360001000000,26.660000000000,24.920000000000,25.400000000000
2018-05-30,25.719999000000,26.160000000000,25.680000000000,25.980000000000
2018-05-31,25.980000000000,26.059999000000,25.500000000000,25.860001000000
2018-06-01,26.400000000000,26.600000000000,26.340000000000,26.360001000000
2018-06-04,26.660000000000,26.980000000000,26.620001000000,26.980000000000
2018-06-05,26.940001000000,27.139999000000,26.760000000000,27.100000000000
2018-06-06,27.219999000000,27.620001000000,27.139999000000,27.540001000000
2018-06-07,27.680000000000,27.719999000000,26.920000000000,27.360001000000
2018-06-08,27.120001000000,27.580000000000,27.080000000000,27.440001000000
2018-06-11,27.440001000000,27.780001000000,27.400000000000,27.719999000000
2018-06-12,27.799999000000,27.879999000000,27.559999000000,27.719999000000
2018-06-13,27.920000000000,27.980000000000,27.540001000000,27.540001000000
2018-06-14,27.940001000000,28.180000000000,27.799999000000,28.020000000000
2018-06-15,27.740000000000,27.940001000000,27.480000000000,27.840000000000
2018-06-18,27.459999000000,28.080000000000,27.240000000000,28.080000000000
2018-06-19,27.120001000000,27.500000000000,26.840000000000,27.400000000000
2018-06-20,27.620001000000,27.840000000000,27.600000000000,27.660000000000
2018-06-21,27.600000000000,27.600000000000,26.459999000000,26.780001000000
2018-06-22,27.180000000000,27.320000000000,26.980000000000,27.059999000000
2018-06-25,26.700001000000,26.700001000000,24.440001000000,25.160000000000
2018-06-26,25.719999000000,25.980000000000,25.240000000000,25.660000000000
2018-06-27,25.860001000000,26.180000000000,24.660000000000,25.000000000000
2018-06-28,24.879999000000,25.340000000000,24.360001000000,25.180000000000
2018-06-29,25.620001000000,25.920000000000,25.440001000000,25.440001000000
2018-07-02,24.879999000000,25.480000000000,24.719999000000,25.440001000000
2018-07-03,25.760000000000,25.840000000000,25.219999000000,25.400000000000
2018-07-05,25.680000000000,25.820000000000,25.340000000000,25.760000000000
2018-07-06,25.799999000000,26.500000000000,25.780001000000,26.480000000000
2018-07-09,26.840000000000,27.240000000000,26.799999000000,27.139999000000
2018-07-10,27.299999000000,27.459999000000,27.000000000000,27.420000000000
2018-07-11,26.820000000000,27.160000000000,26.700001000000,26.940001000000
2018-07-12,27.219999000000,27.440001000000,27.059999000000,27.420000000000
2018-07-13,27.280001000000,27.600000000000,27.160000000000,27.540001000000
2018-07-16,27.639999000000,27.740000000000,27.379999000000,27.620001000000
2018-07-17,27.420000000000,27.959999000000,27.360001000000,27.760000000000
2018-07-18,27.980000000000,28.080000000000,27.580000000000,27.940001000000
2018-07-19,27.660000000000,27.879999000000,27.480000000000,27.620001000000
2018-07-20,27.459999000000,27.760000000000,27.400000000000,27.580000000000
2018-07-23,27.559999000000,27.780001000000,27.360001000000,27.620001000000
2018-07-24,28.020000000000,28.080000000000,27.379999000000,27.920000000000
2018-07-25,27.719999000000,28.100000000000,27.700001000000,27.940001000000
2018-07-26,27.920000000000,28.080000000000,27.740000000000,27.940001000000
2018-07-27,28.059999000000,28.059999000000,27.100000000000,27.500000000000
2018-07-30,27.639999000000,27.660000000000,26.959999000000,27.100000000000
2018-07-31,27.440001000000,27.580000000000,27.320000000000,27.480000000000
2018-08-01,27.740000000000,27.860001000000,27.420000000000,27.639999000000
2018-08-02,27.100000000000,27.860001000000,27.020000000000,27.799999000000
2018-08-03,27.820000000000,28.139999000000,27.760000000000,27.959999000000
2018-08-06,28.080000000000,28.540001000000,28.020000000000,28.480000000000
2018-08-07,28.700001000000,28.879999000000,28.639999000000,28.820000000000
2018-08-08,28.820000000000,29.139999000000,28.719999000000,29.020000000000
2018-08-09,29.059999000000,29.200001000000,28.799999000000,28.820000000000
2018-08-10,28.180000000000,28.400000000000,27.780001000000,28.100000000000
2018-08-13,27.940001000000,28.420000000000,27.240000000000,27.260000000000
2018-08-14,27.520000000000,27.980000000000,27.320000000000,27.959999000000
2018-08-15,27.240000000000,27.280001000000,26.120001000000,27.059999000000
2018-08-16,27.600000000000,28.059999000000,27.580000000000,27.820000000000
2018-08-17,27.700001000000,28.280001000000,27.540001000000,28.219999000000
2018-08-20,28.520000000000,28.600000000000,28.379999000000,28.480000000000
2018-08-21,28.580000000000,28.680000000000,28.160000000000,28.180000000000
2018-08-22,28.200001000000,28.480000000000,28.180000000000,28.360001000000
2018-08-23,28.520000000000,28.639999000000,28.180000000000,28.420000000000
2018-08-24,28.600000000000,28.740000000000,28.459999000000,28.500000000000
2018-08-27,28.740000000000,28.740000000000,28.459999000000,28.480000000000
2018-08-28,28.620001000000,28.620001000000,28.320000000000,28.440001000000
2018-08-29,28.459999000000,28.639999000000,28.340000000000,28.459999000000
2018-08-30,28.459999000000,28.600000000000,27.920000000000,28.160000000000
2018-08-31,28.020000000000,28.440001000000,27.959999000000,28.340000000000
2018-09-04,28.260000000000,28.320000000000,27.840000000000,28.320000000000
2018-09-05,28.120001000000,28.240000000000,27.760000000000,28.120001000000
2018-09-06,28.139999000000,28.200001000000,27.420000000000,27.740000000000
2018-09-07,27.420000000000,27.760000000000,27.260000000000,27.459999000000
2018-09-10,27.780001000000,27.980000000000,27.700001000000,27.860001000000
2018-09-11,27.719999000000,28.340000000000,27.600000000000,28.320000000000
2018-09-12,28.340000000000,28.580000000000,28.260000000000,28.459999000000
2018-09-13,28.780001000000,28.920000000000,28.760000000000,28.900000000000
2018-09-14,28.940001000000,29.200001000000,28.820000000000,29.180000000000
2018-09-17,29.200001000000,29.240000000000,28.700001000000,28.740000000000
2018-09-18,28.830000000000,29.075001000000,28.674999000000,28.674999000000
2018-09-19,29.190001000000,29.410000000000,29.184999000000,29.290001000000
2018-09-20,29.495001000000,29.645000000000,29.430000000000,29.625000000000
2018-09-21,29.540001000000,29.730000000000,29.445000000000,29.475000000000
2018-09-24,29.420000000000,29.540001000000,29.125000000000,29.510000000000
2018-09-25,29.674999000000,29.735001000000,29.295000000000,29.344999000000
2018-09-26,29.525000000000,29.684999000000,29.080000000000,29.195000000000
2018-09-27,29.379999000000,29.565001000000,29.334999000000,29.405001000000
2018-09-28,29.299999000000,29.545000000000,29.215000000000,29.545000000000
2018-10-01,29.900000000000,29.945000000000,29.450001000000,29.650000000000
2018-10-02,29.625000000000,29.805000000000,29.480000000000,29.620001000000
2018-10-03,29.844999000000,29.855000000000,29.549999000000,29.750000000000
2018-10-04,29.485001000000,29.490000000000,28.230000000000,28.850000000000
2018-10-05,28.990000000000,29.260000000000,27.709999000000,28.510000000000
2018-10-08,28.174999000000,28.500000000000,27.450001000000,28.379999000000
2018-10-09,28.045000000000,28.559999000000,27.830000000000,28.160000000000
2018-10-10,27.930000000000,27.930000000000,25.775000000000,25.820000000000
2018-10-11,25.920000000000,26.245001000000,24.059999000000,24.629999000000
2018-10-12,25.959999000000,25.995001000000,24.525000000000,25.750000000000
2018-10-15,25.459999000000,25.885000000000,25.105000000000,25.545000000000
2018-10-16,25.975000000000,26.490000000000,25.809999000000,26.465000000000
2018-10-17,26.510000000000,26.510000000000,25.545000000000,26.320000000000
2018-10-18,26.145000000000,26.145000000000,24.910000000000,25.389999000000
2018-10-19,25.500000000000,25.844999000000,25.100000000000,25.520000000000
2018-10-22,25.605000000000,25.645000000000,24.865000000000,25.420000000000
2018-10-23,24.315001000000,25.184999000000,23.959999000000,24.945000000000
2018-10-24,25.065001000000,25.100000000000,23.670000000000,23.775000000000
2018-10-25,24.084999000000,24.469999000000,23.725000000000,24.235001000000
2018-10-26,23.475000000000,23.965000000000,23.049999000000,23.535000000000
2018-10-29,24.000000000000,24.184999000000,22.900000000000,23.495001000000
2018-10-30,23.405001000000,23.965000000000,23.290001000000,23.910000000000
2018-10-31,24.165001000000,24.490000000000,23.990000000000,24.295000000000
2018-11-01,24.270000000000,24.705000000000,24.075001000000,24.690001000000
2018-11-02,24.900000000000,25.075001000000,24.100000000000,24.590000000000
2018-11-05,24.559999000000,24.840000000000,24.469999000000,24.700001000000
2018-11-06,24.719999000000,25.120001000000,24.680000000000,25.120001000000
2018-11-07,25.600000000000,26.055000000000,25.590000000000,26.049999000000
2018-11-08,26.030001000000,26.434999000000,25.920000000000,26.215000000000
2018-11-09,25.905001000000,25.985001000000,25.360001000000,25.715000000000
2018-11-12,25.700001000000,25.750000000000,24.594999000000,24.695000000000
2018-11-13,24.660000000000,24.920000000000,24.245001000000,24.565001000000
2018-11-14,24.820000000000,24.860001000000,23.905001000000,24.264999000000
2018-11-15,24.045000000000,24.475000000000,23.735001000000,24.400000000000
2018-11-16,24.165001000000,25.004999000000,24.059999000000,24.965000000000
2018-11-19,24.975000000000,25.049999000000,24.129999000000,24.350000000000
2018-11-20,23.455000000000,23.730000000000,23.200001000000,23.525000000000
2018-11-21,23.799999000000,23.975000000000,23.645000000000,23.805000000000
2018-11-23,23.600000000000,23.844999000000,23.495001000000,23.719999000000
2018-11-26,23.980000000000,24.395000000000,23.975000000000,24.375000000000
2018-11-27,24.264999000000,24.655001000000,24.129999000000,24.620001000000
2018-11-28,24.785000000000,25.070000000000,24.485001000000,24.965000000000
2018-11-29,24.754999000000,24.920000000000,24.275000000000,24.730000000000
2018-11-30,24.645000000000,25.155001000000,24.584999000000,25.055000000000
2018-12-03,26.000000000000,26.055000000000,25.620001000000,25.780001000000
2018-12-04,25.650000000000,25.900000000000,23.834999000000,24.155001000000
2018-12-06,23.070000000000,23.865000000000,22.485001000000,23.809999000000
2018-12-07,23.795000000000,24.040001000000,22.740000000000,22.955000000000
2018-12-10,22.950001000000,23.174999000000,22.370001000000,23.030001000000
2018-12-11,23.450001000000,23.469999000000,22.684999000000,23.065001000000
2018-12-12,23.415001000000,23.549999000000,23.160000000000,23.165001000000
2018-12-13,23.355000000000,23.485001000000,23.084999000000,23.340000000000
2018-12-14,23.084999000000,23.230000000000,22.795000000000,22.975000000000
2018-12-17,22.790001000000,22.950001000000,22.075001000000,22.299999000000
2018-12-18,22.525000000000,22.549999000000,21.955000000000,22.250000000000
2018-12-19,22.285000000000,22.834999000000,21.969999000000,22.315001000000
2018-12-20,22.020000000000,22.215000000000,21.400000000000,21.770000000000
2018-12-21,21.735001000000,21.910000000000,21.040001000000,21.209999000000
2018-12-24,21.075001000000,21.115000000000,20.650000000000,20.650000000000
2018-12-26,20.730000000000,21.215000000000,20.459999000000,21.174999000000
2018-12-27,20.584999000000,20.850000000000,20.059999000000,20.775000000000
2018-12-28,20.764999000000,21.049999000000,20.440001000000,20.770000000000
2018-12-31,21.055000000000,21.184999000000,20.924999000000,21.150000000000
2019-01-02,20.825001000000,21.530001000000,20.750000000000,21.495001000000
2019-01-03,21.260000000000,21.299999000000,20.745001000000,20.959999000000
2019-01-04,21.410000000000,21.850000000000,21.350000000000,21.830000000000
2019-01-07,21.915001000000,22.200001000000,21.750000000000,22.055000000000
2019-01-08,22.260000000000,22.325001000000,21.879999000000,22.290001000000
2019-01-09,22.389999000000,22.684999000000,22.295000000000,22.535000000000
2019-01-10,22.379999000000,22.670000000000,22.209999000000,22.660000000000
2019-01-11,22.514999000000,23.049999000000,22.469999000000,23.035000000000
2019-01-14,22.745001000000,23.174999000000,22.700001000000,22.995001000000
2019-01-15,23.049999000000,23.520000000000,23.049999000000,23.514999000000
2019-01-16,23.625000000000,23.680000000000,23.290001000000,23.295000000000
2019-01-17,23.219999000000,23.594999000000,23.205000000000,23.405001000000
2019-01-18,23.754999000000,23.920000000000,23.565001000000,23.785000000000
2019-01-22,23.580000000000,23.594999000000,22.485001000000,22.764999000000
2019-01-23,22.809999000000,22.844999000000,22.045000000000,22.725000000000
2019-01-24,22.700001000000,23.120001000000,22.555000000000,23.100000000000
2019-01-25,23.389999000000,23.580000000000,23.299999000000,23.535000000000
2019-01-28,23.129999000000,23.129999000000,22.670000000000,23.045000000000
2019-01-29,23.205000000000,23.285000000000,22.905001000000,23.075001000000
2019-01-30,23.264999000000,23.629999000000,23.070000000000,23.605000000000
2019-01-31,23.620001000000,24.115000000000,23.620001000000,24.094999000000
2019-02-01,24.135000000000,24.295000000000,24.040001000000,24.215000000000
2019-02-04,24.275000000000,24.660000000000,24.200001000000,24.615000000000
2019-02-05,24.719999000000,24.980000000000,24.605000000000,24.690001000000
2019-02-06,24.815001000000,24.920000000000,24.629999000000,24.775000000000
2019-02-07,24.420000000000,24.590000000000,23.860001000000,24.375000000000
2019-02-08,24.080000000000,24.525000000000,23.965000000000,24.504999000000
2019-02-11,24.680000000000,24.760000000000,24.455000000000,24.645000000000
2019-02-12,24.924999000000,25.004999000000,24.785000000000,24.850000000000
2019-02-13,24.959999000000,25.014999000000,24.750000000000,24.895000000000
2019-02-14,24.605000000000,24.900000000000,24.379999000000,24.665001000000
2019-02-15,24.905001000000,25.110001000000,24.809999000000,25.084999000000
2019-02-19,24.860001000000,25.219999000000,24.820000000000,25.055000000000
2019-02-20,25.150000000000,25.570000000000,25.139999000000,25.549999000000
2019-02-21,25.514999000000,25.725000000000,25.180000000000,25.395000000000
2019-02-22,25.605000000000,25.895000000000,25.570000000000,25.865000000000
2019-02-25,26.200001000000,26.299999000000,25.615000000000,25.629999000000
2019-02-26,25.445000000000,25.730000000000,25.360001000000,25.514999000000
2019-02-27,25.389999000000,25.610001000000,25.045000000000,25.495001000000
2019-02-28,25.490000000000,25.760000000000,25.459999000000,25.520000000000
2019-03-01,25.850000000000,26.110001000000,25.610001000000,26.090000000000
2019-03-04,26.260000000000,26.410000000000,25.084999000000,25.770000000000
2019-03-05,25.825001000000,25.875000000000,25.495001000000,25.700001000000
2019-03-06,25.700001000000,25.709999000000,25.245001000000,25.320000000000
2019-03-07,25.180000000000,25.205000000000,24.594999000000,24.860001000000
2019-03-08,24.459999000000,24.790001000000,24.260000000000,24.785000000000
2019-03-11,25.020000000000,25.740000000000,25.020000000000,25.700001000000
2019-03-12,25.825001000000,26.075001000000,25.764999000000,26.065001000000
2019-03-13,26.145000000000,26.315001000000,26.075001000000,26.190001000000
2019-03-14,26.195000000000,26.455000000000,26.165001000000,26.405001000000
2019-03-15,26.480000000000,26.825001000000,26.430000000000,26.660000000000
2019-03-18,26.559999000000,26.730000000000,26.334999000000,26.620001000000
2019-03-19,26.830000000000,26.865000000000,26.309999000000,26.500000000000
2019-03-20,26.514999000000,26.799999000000,26.215000000000,26.385000000000
2019-03-21,26.190001000000,26.705000000000,26.180000000000,26.555000000000
2019-03-22,26.260000000000,26.400000000000,24.915001000000,25.014999000000
2019-03-25,25.045000000000,25.285000000000,24.665001000000,25.010000000000
2019-03-26,25.500000000000,25.770000000000,25.370001000000,25.695000000000
2019-03-27,25.745001000000,25.809999000000,24.969999000000,25.510000000000
2019-03-28,25.590000000000,25.815001000000,25.405001000000,25.770000000000
2019-03-29,26.010000000000,26.209999000000,25.930000000000,26.180000000000
2019-04-01,26.320000000000,26.445000000000,26.209999000000,26.405001000000
2019-04-02,26.365000000000,26.500000000000,26.290001000000,26.445000000000
2019-04-03,26.670000000000,26.684999000000,26.155001000000,26.350000000000
2019-04-04,26.430000000000,26.570000000000,26.250000000000,26.465000000000
2019-04-05,26.655001000000,26.760000000000,26.559999000000,26.750000000000
2019-04-08,26.719999000000,26.850000000000,26.615000000000,26.820000000000
2019-04-09,26.625000000000,26.709999000000,26.254999000000,26.340000000000
2019-04-10,26.450001000000,26.719999000000,26.365000000000,26.695000000000
2019-04-11,26.885000000000,27.004999000000,26.795000000000,26.969999000000
2019-04-12,27.254999000000,27.620001000000,27.230000000000,27.575001000000
2019-04-15,27.790001000000,27.805000000000,27.195000000000,27.750000000000
2019-04-16,27.834999000000,28.004999000000,27.750000000000,27.825001000000
2019-04-17,28.075001000000,28.100000000000,27.504999000000,27.760000000000
2019-04-18,27.795000000000,27.995001000000,27.520000000000,27.980000000000
2019-04-22,27.820000000000,28.115000000000,27.709999000000,28.100000000000
2019-04-23,28.184999000000,28.320000000000,28.115000000000,28.200001000000
2019-04-24,28.200001000000,28.225000000000,27.855000000000,27.870001000000
2019-04-25,27.700001000000,27.875000000000,27.174999000000,27.584999000000
2019-04-26,27.725000000000,28.065001000000,27.510000000000,28.059999000000
2019-04-29,27.965000000000,28.084999000000,27.830000000000,27.840000000000
2019-04-30,27.885000000000,27.930000000000,27.450001000000,27.830000000000
2019-05-01,27.985001000000,28.075001000000,27.295000000000,27.295000000000
2019-05-02,27.434999000000,27.495001000000,26.750000000000,27.260000000000
2019-05-03,27.650000000000,28.000000000000,27.615000000000,27.930000000000
2019-05-06,26.530001000000,27.250000000000,26.389999000000,27.135000000000
2019-05-07,26.355000000000,26.490000000000,24.545000000000,24.905001000000
2019-05-08,25.160000000000,25.715000000000,24.905001000000,25.260000000000
2019-05-09,24.570000000000,25.355000000000,24.184999000000,25.315001000000
2019-05-10,25.195000000000,26.309999000000,24.870001000000,26.309999000000
2019-05-13,24.650000000000,25.084999000000,24.250000000000,24.360001000000
2019-05-14,24.795000000000,25.155001000000,24.709999000000,24.980000000000
2019-05-15,24.650000000000,25.559999000000,24.570000000000,25.510000000000
2019-05-16,25.625000000000,26.165001000000,25.625000000000,26.070000000000
2019-05-17,25.559999000000,26.240000000000,25.555000000000,25.879999000000
2019-05-20,25.559999000000,25.934999000000,25.309999000000,25.709999000000
2019-05-21,26.135000000000,26.389999000000,26.100000000000,26.325001000000
2019-05-22,26.280001000000,26.600000000000,26.245001000000,26.490000000000
2019-05-23,25.969999000000,25.985001000000,25.360001000000,25.570000000000
2019-05-24,25.969999000000,26.090000000000,25.680000000000,25.860001000000
2019-05-28,25.965000000000,26.150000000000,25.459999000000,25.459999000000
2019-05-29,25.174999000000,25.424999000000,24.965000000000,25.200001000000
2019-05-30,25.495001000000,25.625000000000,25.195000000000,25.455000000000
2019-05-31,24.855000000000,25.170000000000,24.745001000000,24.910000000000
2019-06-03,24.955000000000,25.190001000000,24.540001000000,24.825001000000
2019-06-04,25.200001000000,25.530001000000,25.025000000000,25.510000000000
2019-06-05,25.639999000000,25.844999000000,25.395000000000,25.795000000000
2019-06-06,25.889999000000,26.090000000000,25.745001000000,26.049999000000
2019-06-07,26.094999000000,26.174999000000,25.920000000000,25.940001000000
2019-06-10,26.125000000000,26.165001000000,25.895000000000,26.084999000000
2019-06-11,26.320000000000,26.334999000000,25.840000000000,26.020000000000
2019-06-12,25.955000000000,26.139999000000,25.844999000000,26.090000000000
2019-06-13,26.240000000000,26.299999000000,26.035000000000,26.170000000000
2019-06-14,26.094999000000,26.315001000000,25.965000000000,26.280001000000
2019-06-17,26.325001000000,26.504999000000,26.275000000000,26.450001000000
2019-06-18,26.670000000000,26.775000000000,26.475000000000,26.520000000000
2019-06-19,26.670000000000,27.020000000000,26.490000000000,26.969999000000
2019-06-20,27.215000000000,27.334999000000,26.520000000000,26.920000000000
2019-06-21,26.840000000000,27.004999000000,26.549999000000,26.605000000000
2019-06-24,26.725000000000,26.855000000000,26.665001000000,26.775000000000
2019-06-25,26.770000000000,26.770000000000,26.330000000000,26.375000000000
2019-06-26,26.650000000000,26.719999000000,26.400000000000,26.485001000000
2019-06-27,26.600000000000,26.820000000000,26.530001000000,26.709999000000
2019-06-28,26.855000000000,27.004999000000,26.775000000000,26.934999000000
2019-07-01,27.730000000000,27.745001000000,27.410000000000,27.680000000000
2019-07-02,27.674999000000,28.219999000000,27.660000000000,28.165001000000
2019-07-03,28.174999000000,28.325001000000,28.059999000000,28.285000000000
2019-07-05,27.995001000000,28.285000000000,27.559999000000,28.200001000000
2019-07-08,27.889999000000,28.045000000000,27.715000000000,27.809999000000
2019-07-09,27.469999000000,27.850000000000,27.420000000000,27.785000000000
2019-07-10,28.010000000000,28.264999000000,27.985001000000,28.174999000000
2019-07-11,28.420000000000,28.549999000000,28.209999000000,28.440001000000
2019-07-12,28.565001000000,28.725000000000,28.450001000000,28.690001000000
2019-07-15,28.775000000000,28.820000000000,28.620001000000,28.709999000000
2019-07-16,28.815001000000,29.014999000000,28.625000000000,28.655001000000
2019-07-17,28.855000000000,28.915001000000,28.334999000000,28.334999000000
2019-07-18,28.344999000000,28.709999000000,28.125000000000,28.445000000000
2019-07-19,28.745001000000,28.799999000000,28.280001000000,28.290001000000
2019-07-22,28.315001000000,28.665001000000,28.235001000000,28.535000000000
2019-07-23,28.820000000000,29.100000000000,28.594999000000,29.084999000000
2019-07-24,28.945000000000,29.535000000000,28.915001000000,29.455000000000
2019-07-25,29.350000000000,29.350000000000,28.740000000000,28.985001000000
2019-07-26,29.285000000000,29.500000000000,29.260000000000,29.379999000000
2019-07-29,29.395000000000,29.415001000000,29.139999000000,29.245001000000
2019-07-30,28.955000000000,29.165001000000,28.820000000000,28.879999000000
2019-07-31,28.910000000000,29.150000000000,27.615000000000,28.094999000000
2019-08-01,28.070000000000,28.690001000000,26.590000000000,26.980000000000
2019-08-02,26.995001000000,27.084999000000,26.340000000000,26.879999000000
2019-08-05,25.865000000000,26.014999000000,24.790001000000,24.975000000000
2019-08-06,25.305000000000,25.605000000000,24.715000000000,25.580000000000
2019-08-07,24.750000000000,25.629999000000,24.465000000000,25.575001000000
2019-08-08,25.834999000000,26.389999000000,25.665001000000,26.305000000000
2019-08-09,26.094999000000,26.225000000000,25.570000000000,25.844999000000
2019-08-12,25.660000000000,25.695000000000,24.855000000000,24.910000000000
2019-08-13,24.680000000000,25.805000000000,24.670000000000,25.780001000000
2019-08-14,24.895000000000,25.139999000000,23.945000000000,23.945000000000
2019-08-15,24.370001000000,24.465000000000,23.809999000000,24.340000000000
2019-08-16,24.580000000000,25.049999000000,24.545000000000,24.980000000000
2019-08-19,25.565001000000,25.975000000000,25.490000000000,25.950001000000
2019-08-20,25.860001000000,25.930000000000,25.545000000000,25.590000000000
2019-08-21,26.139999000000,26.295000000000,26.045000000000,26.280001000000
2019-08-22,26.350000000000,26.385000000000,25.655001000000,26.000000000000
2019-08-23,25.605000000000,26.155001000000,24.150000000000,24.420000000000
2019-08-26,25.075001000000,25.080000000000,24.445000000000,24.775000000000
2019-08-27,25.040001000000,25.065001000000,24.245001000000,24.559999000000
2019-08-28,24.285000000000,24.840000000000,24.094999000000,24.820000000000
2019-08-29,25.205000000000,25.475000000000,25.090000000000,25.344999000000
2019-08-30,25.594999000000,25.605000000000,24.980000000000,25.305000000000
2019-09-03,24.820000000000,25.030001000000,24.605000000000,24.719999000000
2019-09-04,25.215000000000,25.514999000000,25.004999000000,25.469999000000
2019-09-05,25.825001000000,26.135000000000,25.795000000000,26.010000000000
2019-09-06,26.174999000000,26.440001000000,26.070000000000,26.379999000000
2019-09-09,26.610001000000,26.629999000000,26.145000000000,26.455000000000
2019-09-10,26.299999000000,26.555000000000,26.110001000000,26.504999000000
2019-09-11,26.530001000000,26.825001000000,26.504999000000,26.705000000000
2019-09-12,27.000000000000,27.225000000000,26.820000000000,27.040001000000
2019-09-13,27.245001000000,27.430000000000,27.135000000000,27.225000000000
2019-09-16,27.010000000000,27.305000000000,26.930000000000,27.045000000000
2019-09-17,27.004999000000,27.145000000000,26.879999000000,27.135000000000
2019-09-18,27.260000000000,27.594999000000,26.900000000000,27.570000000000
2019-09-19,27.775000000000,28.025000000000,27.700001000000,27.785000000000
2019-09-20,27.940001000000,28.004999000000,26.965000000000,27.065001000000
2019-09-23,27.049999000000,27.405001000000,26.985001000000,27.155001000000
2019-09-24,27.565001000000,27.565001000000,26.420000000000,26.530001000000
2019-09-25,26.500000000000,26.945000000000,26.084999000000,26.805000000000
2019-09-26,26.840000000000,26.870001000000,26.450001000000,26.715000000000
2019-09-27,26.895000000000,26.955000000000,25.975000000000,26.360001000000
2019-09-30,26.490000000000,26.879999000000,26.485001000000,26.705000000000
2019-10-01,27.075001000000,27.120001000000,26.090000000000,26.129999000000
2019-10-02,25.770000000000,25.770000000000,25.065001000000,25.200001000000
2019-10-03,25.264999000000,25.705000000000,24.915001000000,25.684999000000
2019-10-04,25.805000000000,26.410000000000,25.799999000000,26.410000000000
2019-10-07,26.180000000000,26.575001000000,26.080000000000,26.254999000000
2019-10-08,25.780001000000,25.934999000000,25.205000000000,25.225000000000
2019-10-09,25.590000000000,25.934999000000,25.430000000000,25.495001000000
2019-10-10,25.665001000000,26.160000000000,25.620001000000,26.094999000000
2019-10-11,26.545000000000,27.094999000000,26.450001000000,26.910000000000
2019-10-14,26.834999000000,27.350000000000,26.834999000000,27.340000000000
2019-10-15,27.575001000000,27.879999000000,27.575001000000,27.625000000000
2019-10-16,27.709999000000,27.875000000000,27.555000000000,27.865000000000
2019-10-17,28.000000000000,28.139999000000,27.844999000000,27.924999000000
2019-10-18,27.865000000000,28.080000000000,27.629999000000,27.945000000000
2019-10-21,28.070000000000,28.330000000000,28.070000000000,28.330000000000
2019-10-22,28.410000000000,28.495001000000,28.070000000000,28.094999000000
2019-10-23,28.000000000000,28.275000000000,27.975000000000,28.275000000000
2019-10-24,28.400000000000,28.480000000000,28.129999000000,28.459999000000
2019-10-25,28.375000000000,28.924999000000,28.375000000000,28.915001000000
2019-10-28,28.990000000000,29.020000000000,28.735001000000,28.785000000000
2019-10-29,28.625000000000,28.895000000000,28.580000000000,28.790001000000
2019-10-30,28.799999000000,29.174999000000,28.440001000000,29.150000000000
2019-10-31,28.990000000000,29.084999000000,28.594999000000,28.879999000000
2019-11-01,29.379999000000,29.620001000000,29.305000000000,29.590000000000
2019-11-04,29.815001000000,29.844999000000,29.440001000000,29.545000000000
2019-11-05,29.475000000000,29.514999000000,29.230000000000,29.235001000000
2019-11-06,29.290001000000,29.350000000000,29.014999000000,29.305000000000
2019-11-07,29.594999000000,29.629999000000,29.334999000000,29.455000000000
2019-11-08,29.375000000000,29.775000000000,29.260000000000,29.719999000000
2019-11-11,29.440001000000,29.950001000000,29.415001000000,29.780001000000
2019-11-12,29.924999000000,30.110001000000,29.844999000000,29.959999000000
2019-11-13,29.825001000000,30.040001000000,29.754999000000,29.889999000000
2019-11-14,29.870001000000,30.115000000000,29.715000000000,30.090000000000
2019-11-15,30.375000000000,30.785000000000,30.299999000000,30.780001000000
2019-11-18,30.780001000000,30.905001000000,30.639999000000,30.780001000000
2019-11-19,30.905001000000,30.930000000000,30.549999000000,30.620001000000
2019-11-20,30.575001000000,30.790001000000,29.920000000000,30.485001000000
2019-11-21,30.584999000000,30.610001000000,30.139999000000,30.440001000000
2019-11-22,30.674999000000,30.905001000000,30.514999000000,30.900000000000
2019-11-25,31.365000000000,31.615000000000,31.235001000000,31.549999000000
2019-11-26,31.665001000000,31.870001000000,31.580000000000,31.805000000000
2019-11-27,31.910000000000,31.965000000000,31.844999000000,31.850000000000
2019-11-29,31.715000000000,31.780001000000,31.510000000000,31.525000000000
2019-12-02,31.575001000000,31.590000000000,30.475000000000,30.775000000000
2019-12-03,29.530001000000,29.870001000000,29.240000000000,29.575001000000
2019-12-04,30.264999000000,30.665001000000,30.145000000000,30.490000000000
2019-12-05,30.725000000000,30.745001000000,30.215000000000,30.690001000000
2019-12-06,31.285000000000,31.360001000000,31.020000000000,31.260000000000
2019-12-09,31.170000000000,31.230000000000,30.405001000000,30.424999000000
2019-12-10,30.430000000000,30.680000000000,30.090000000000,30.379999000000
2019-12-11,30.540001000000,30.830000000000,30.440001000000,30.700001000000
2019-12-12,30.780001000000,31.660000000000,30.670000000000,31.594999000000
2019-12-13,31.490000000000,32.320000000000,31.330000000000,32.299999000000
2019-12-16,32.810001000000,32.980000000000,32.634998000000,32.665001000000
2019-12-17,32.814999000000,32.880001000000,32.555000000000,32.759998000000
2019-12-18,32.959999000000,32.985001000000,32.580002000000,32.580002000000
2019-12-19,32.654999000000,33.009998000000,32.590000000000,33.009998000000
2019-12-20,33.055000000000,33.095001000000,32.744999000000,32.744999000000
2019-12-23,32.830002000000,32.869999000000,32.700001000000,32.715000000000
2019-12-24,32.810001000000,32.955002000000,32.730000000000,32.915001000000
2019-12-26,33.064999000000,33.080002000000,32.900002000000,32.915001000000
2019-12-27,33.000000000000,33.000000000000,32.404999000000,32.540001000000
2019-12-30,32.435001000000,32.445000000000,31.790001000000,31.965000000000
2019-12-31,31.785000000000,32.705002000000,31.719999000000,32.615002000000
2020-01-02,33.084999000000,33.330002000000,32.735001000000,33.325001000000
2020-01-03,31.955000000000,32.805000000000,31.905001000000,32.470001000000
2020-01-06,31.930000000000,32.630001000000,31.889999000000,32.625000000000
2020-01-07,32.555000000000,32.895000000000,32.355000000000,32.720001000000
2020-01-08,32.869999000000,33.465000000000,32.750000000000,33.040001000000
2020-01-09,33.410000000000,33.650002000000,33.270000000000,33.639999000000
2020-01-10,33.674999000000,33.904999000000,33.529999000000,33.715000000000
2020-01-13,33.884998000000,34.169998000000,33.744999000000,34.084999000000
2020-01-14,34.115002000000,34.445000000000,33.965000000000,34.235001000000
2020-01-15,34.279999000000,34.455002000000,34.209999000000,34.310001000000
2020-01-16,34.544998000000,34.750000000000,34.529999000000,34.735001000000
2020-01-17,34.724998000000,34.759998000000,34.345001000000,34.645000000000
2020-01-21,34.439999000000,34.895000000000,34.424999000000,34.535000000000
2020-01-22,34.825001000000,34.845001000000,34.189999000000,34.189999000000
2020-01-23,34.150002000000,34.505001000000,33.840000000000,34.455002000000
2020-01-24,34.730000000000,34.785000000000,33.099998000000,33.485001000000
2020-01-27,32.040001000000,32.439999000000,31.705000000000,31.705000000000
2020-01-28,32.119999000000,32.705002000000,32.005001000000,32.639999000000
2020-01-29,32.939999000000,33.080002000000,32.360001000000,32.595001000000
2020-01-30,31.980000000000,32.880001000000,31.635000000000,32.880001000000
2020-01-31,32.445000000000,32.514999000000,30.450001000000,30.969999000000
2020-02-03,31.459999000000,32.000000000000,31.250000000000,31.615000000000
2020-02-04,32.334999000000,32.650002000000,32.244999000000,32.439999000000
2020-02-05,33.020000000000,33.115002000000,32.540001000000,33.115002000000
2020-02-06,33.255001000000,33.340000000000,32.919998000000,33.264999000000
2020-02-07,32.785000000000,33.180000000000,32.575001000000,32.990002000000
2020-02-10,32.799999000000,33.299999000000,32.775002000000,33.189999000000
2020-02-11,33.505001000000,33.590000000000,33.154999000000,33.205002000000
2020-02-12,33.535000000000,34.080002000000,33.435001000000,34.035000000000
2020-02-13,33.465000000000,33.900002000000,33.360001000000,33.689999000000
2020-02-14,33.860001000000,33.970001000000,33.549999000000,33.919998000000
2020-02-18,33.630001000000,33.845001000000,33.270000000000,33.549999000000
2020-02-19,33.895000000000,34.000000000000,33.720001000000,33.830002000000
2020-02-20,33.750000000000,33.900002000000,32.650002000000,33.224998000000
2020-02-21,32.715000000000,32.855000000000,31.740000000000,32.189999000000
2020-02-24,29.730000000000,30.615000000000,29.094999000000,29.135000000000
2020-02-25,29.790001000000,29.879999000000,27.420000000000,27.815001000000
2020-02-26,28.320000000000,28.805000000000,27.650000000000,28.195000000000
2020-02-27,26.950001000000,27.315001000000,25.955000000000,25.969999000000
2020-02-28,24.455000000000,25.490000000000,24.155001000000,25.370001000000
2020-03-02,25.719999000000,25.934999000000,24.965000000000,25.885000000000
2020-03-03,25.900000000000,26.415001000000,24.115000000000,24.430000000000
2020-03-04,24.975000000000,25.305000000000,24.540001000000,25.105000000000
2020-03-05,24.040001000000,24.320000000000,22.690001000000,23.155001000000
2020-03-06,21.059999000000,22.125000000000,20.629999000000,21.934999000000
2020-03-09,17.910000000000,19.885000000000,17.780001000000,19.209999000000
2020-03-10,20.434999000000,20.480000000000,19.275000000000,20.155001000000
2020-03-11,19.344999000000,19.450001000000,18.545000000000,18.889999000000
2020-03-12,17.215000000000,18.150000000000,16.299999000000,16.650000000000
2020-03-13,17.785000000000,17.809999000000,16.365000000000,17.540001000000
2020-03-16,15.210000000000,15.850000000000,13.755000000000,14.115000000000
2020-03-17,14.600000000000,14.965000000000,13.940000000000,14.445000000000
2020-03-18,13.550000000000,14.020000000000,12.010000000000,13.135000000000
2020-03-19,12.805000000000,14.410000000000,12.455000000000,13.845000000000
2020-03-20,14.145000000000,14.865000000000,13.770000000000,14.055000000000
2020-03-23,14.520000000000,15.335000000000,14.100000000000,15.125000000000
2020-03-24,16.450001000000,16.820000000000,15.525000000000,15.660000000000
2020-03-25,15.480000000000,15.530000000000,14.700000000000,15.065000000000
2020-03-26,15.225000000000,15.795000000000,15.175000000000,15.675000000000
2020-03-27,14.860000000000,15.275000000000,14.860000000000,14.925000000000
2020-03-30,14.900000000000,15.175000000000,14.665000000000,15.125000000000
2020-03-31,15.085000000000,15.630000000000,15.040000000000,15.505000000000
2020-04-01,14.970000000000,15.360000000000,14.720000000000,14.850000000000
2020-04-02,14.940000000000,15.270000000000,14.805000000000,15.230000000000
2020-04-03,15.305000000000,15.625000000000,15.145000000000,15.555000000000
2020-04-06,16.105000000000,16.225000000000,15.955000000000,16.115000000000
2020-04-07,16.350000000000,16.379999000000,15.825000000000,15.865000000000
2020-04-08,15.915000000000,16.120001000000,15.795000000000,16.030001000000
2020-04-09,16.049999000000,16.219999000000,15.940000000000,16.174999000000
2020-04-13,16.209999000000,16.370001000000,16.014999000000,16.350000000000
2020-04-14,16.840000000000,17.100000000000,16.764999000000,17.035000000000
2020-04-15,16.415001000000,16.559999000000,16.075001000000,16.275000000000
2020-04-16,16.215000000000,16.290001000000,15.980000000000,16.235001000000
2020-04-17,16.535000000000,16.600000000000,16.290001000000,16.580000000000
2020-04-20,16.090000000000,16.315001000000,15.695000000000,15.705000000000
2020-04-21,15.130000000000,15.185000000000,14.750000000000,15.070000000000
2020-04-22,15.305000000000,15.495000000000,15.200000000000,15.430000000000
2020-04-23,15.525000000000,15.675000000000,15.300000000000,15.445000000000
2020-04-24,15.595000000000,15.895000000000,15.490000000000,15.865000000000
2020-04-27,16.115000000000,16.580000000000,16.090000000000,16.485001000000
2020-04-28,16.730000000000,16.790001000000,16.230000000000,16.320000000000
2020-04-29,16.795000000000,17.014999000000,16.770000000000,16.844999000000
2020-04-30,16.645000000000,16.645000000000,16.235001000000,16.559999000000
2020-05-01,15.860000000000,16.014999000000,15.635000000000,15.805000000000
2020-05-04,15.550000000000,15.995000000000,15.465000000000,15.965000000000
2020-05-05,16.264999000000,16.514999000000,16.240000000000,16.299999000000
2020-05-06,16.430000000000,16.495001000000,16.160000000000,16.160000000000
2020-05-07,16.455000000000,16.600000000000,16.410000000000,16.525000000000
2020-05-08,16.760000000000,17.105000000000,16.700001000000,17.105000000000
2020-05-11,16.860001000000,17.695000000000,16.830000000000,17.674999000000
2020-05-12,17.934999000000,17.985001000000,16.750000000000,16.750000000000
2020-05-13,16.584999000000,16.745001000000,15.530000000000,15.855000000000
2020-05-14,15.485000000000,16.270000000000,15.220000000000,16.270000000000
2020-05-15,15.875000000000,16.480000000000,15.750000000000,16.480000000000
2020-05-18,17.014999000000,17.100000000000,16.855000000000,16.995001000000
2020-05-19,16.930000000000,17.135000000000,16.530001000000,16.530001000000
2020-05-20,16.930000000000,17.070000000000,16.754999000000,17.035000000000
2020-05-21,17.075001000000,17.150000000000,16.639999000000,16.850000000000
2020-05-22,16.760000000000,16.924999000000,16.625000000000,16.900000000000
2020-05-26,17.295000000000,17.309999000000,16.945000000000,16.990000000000
2020-05-27,17.230000000000,17.240000000000,16.629999000000,17.190001000000
2020-05-28,17.125000000000,17.180000000000,16.745001000000,16.834999000000
2020-05-29,16.785000000000,17.160000000000,16.639999000000,17.160000000000
2020-06-01,16.930000000000,17.145000000000,16.885000000000,17.075001000000
2020-06-02,17.125000000000,17.330000000000,17.030001000000,17.309999000000
2020-06-03,17.500000000000,17.740000000000,17.445000000000,17.705000000000
2020-06-04,17.650000000000,18.025000000000,17.559999000000,17.770000000000
2020-06-05,18.315001000000,18.344999000000,18.129999000000,18.240000000000
2020-06-08,18.260000000000,18.305000000000,17.940001000000,18.035000000000
2020-06-09,17.770000000000,17.834999000000,17.514999000000,17.584999000000
2020-06-10,17.510000000000,17.955000000000,17.344999000000,17.629999000000
2020-06-11,16.639999000000,17.045000000000,14.475000000000,14.645000000000
2020-06-12,14.970000000000,15.135000000000,13.895000000000,14.900000000000
2020-06-15,14.200000000000,15.165000000000,13.930000000000,15.100000000000
2020-06-16,15.590000000000,15.645000000000,14.820000000000,15.270000000000
2020-06-17,15.330000000000,15.350000000000,15.015000000000,15.255000000000
2020-06-18,15.115000000000,15.380000000000,15.035000000000,15.380000000000
2020-06-19,15.565000000000,15.620000000000,14.995000000000,15.255000000000
2020-06-22,15.185000000000,15.600000000000,15.085000000000,15.595000000000
2020-06-23,15.930000000000,15.940000000000,15.645000000000,15.700000000000
2020-06-24,15.425000000000,15.640000000000,14.820000000000,15.165000000000
2020-06-25,15.060000000000,15.490000000000,14.900000000000,15.480000000000
2020-06-26,15.460000000000,15.480000000000,14.910000000000,15.015000000000
2020-06-29,15.120000000000,15.360000000000,14.875000000000,15.355000000000
2020-06-30,15.280000000000,15.800000000000,15.260000000000,15.750000000000
2020-07-01,15.870000000000,16.025000000000,15.735000000000,15.980000000000
2020-07-02,16.305000000000,16.424999000000,16.045000000000,16.120001000000
2020-07-06,16.379999000000,16.379999000000,16.014999000000,16.100000000000
2020-07-07,16.040001000000,16.260000000000,15.805000000000,15.825000000000
2020-07-08,15.965000000000,16.045000000000,15.695000000000,16.030001000000
2020-07-09,16.030001000000,16.075001000000,15.540000000000,15.895000000000
2020-07-10,15.840000000000,16.110001000000,15.680000000000,16.105000000000
2020-07-13,16.209999000000,16.209999000000,15.305000000000,15.340000000000
2020-07-14,15.345000000000,15.800000000000,15.180000000000,15.790000000000
2020-07-15,16.025000000000,16.040001000000,15.680000000000,16.010000000000
2020-07-16,15.825000000000,16.174999000000,15.815000000000,16.145000000000
2020-07-17,16.215000000000,16.434999000000,16.139999000000,16.424999000000
2020-07-20,16.525000000000,16.934999000000,16.485001000000,16.815001000000
2020-07-21,17.000000000000,17.094999000000,16.610001000000,16.709999000000
2020-07-22,16.674999000000,16.820000000000,16.540001000000,16.820000000000
2020-07-23,16.889999000000,16.945000000000,16.360001000000,16.530001000000
2020-07-24,16.264999000000,16.504999000000,16.150000000000,16.495001000000
2020-07-27,16.600000000000,16.745001000000,16.500000000000,16.740000000000
2020-07-28,16.730000000000,17.035000000000,16.660000000000,16.775000000000
2020-07-29,16.895000000000,16.975000000000,16.790001000000,16.930000000000
2020-07-30,16.555000000000,16.805000000000,16.129999000000,16.740000000000
2020-07-31,16.969999000000,16.985001000000,16.530001000000,16.969999000000
2020-08-03,17.020000000000,17.070000000000,16.885000000000,16.955000000000
2020-08-04,16.990000000000,17.240000000000,16.990000000000,17.215000000000
2020-08-05,17.350000000000,17.420000000000,17.240000000000,17.400000000000
2020-08-06,17.365000000000,17.514999000000,17.305000000000,17.495001000000
2020-08-07,17.375000000000,17.639999000000,17.355000000000,17.545000000000
2020-08-10,17.680000000000,17.834999000000,17.555000000000,17.785000000000
2020-08-11,18.014999000000,18.055000000000,17.334999000000,17.389999000000
2020-08-12,17.745001000000,17.924999000000,17.695000000000,17.870001000000
2020-08-13,17.805000000000,18.075001000000,17.745001000000,17.875000000000
2020-08-14,17.795000000000,17.924999000000,17.705000000000,17.879999000000
2020-08-17,18.070000000000,18.235001000000,18.004999000000,18.174999000000
2020-08-18,18.254999000000,18.350000000000,18.045000000000,18.270000000000
2020-08-19,18.340000000000,18.405001000000,18.035000000000,18.084999000000
2020-08-20,17.750000000000,18.225000000000,17.705000000000,18.195000000000
2020-08-21,18.040001000000,18.195000000000,17.990000000000,18.150000000000
2020-08-24,18.405001000000,18.415001000000,18.090000000000,18.180000000000
2020-08-25,18.139999000000,18.290001000000,17.885000000000,18.240000000000
2020-08-26,18.305000000000,18.510000000000,17.969999000000,18.025000000000
2020-08-27,18.125000000000,18.205000000000,17.014999000000,17.730000000000
2020-08-28,17.645000000000,17.924999000000,17.260000000000,17.780001000000
2020-08-31,17.559999000000,17.745001000000,17.264999000000,17.344999000000
2020-09-01,17.350000000000,17.410000000000,17.150000000000,17.209999000000
2020-09-02,17.230000000000,17.254999000000,16.910000000000,16.995001000000
2020-09-03,16.879999000000,17.174999000000,15.555000000000,15.845000000000
2020-09-04,16.035000000000,16.635000000000,15.260000000000,16.514999000000
2020-09-08,15.865000000000,16.750000000000,15.810000000000,16.725000000000
2020-09-09,16.945000000000,17.295000000000,16.855000000000,17.150000000000
2020-09-10,17.235001000000,17.299999000000,16.860001000000,17.040001000000
2020-09-11,17.305000000000,17.590000000000,17.049999000000,17.575001000000
2020-09-14,17.680000000000,17.850000000000,17.600000000000,17.740000000000
2020-09-15,17.805000000000,17.865000000000,17.594999000000,17.740000000000
2020-09-16,17.805000000000,18.010000000000,17.764999000000,17.775000000000
2020-09-17,17.475000000000,18.004999000000,17.459999000000,17.969999000000
2020-09-18,18.040001000000,18.235001000000,17.754999000000,17.980000000000
2020-09-21,17.600000000000,17.725000000000,17.129999000000,17.665001000000
2020-09-22,17.674999000000,17.700001000000,17.370001000000,17.600000000000
2020-09-23,17.655001000000,17.680000000000,17.135000000000,17.145000000000
2020-09-24,17.160000000000,17.459999000000,17.049999000000,17.309999000000
2020-09-25,17.299999000000,17.575001000000,17.245001000000,17.530001000000
2020-09-28,17.610001000000,17.620001000000,17.490000000000,17.559999000000
2020-09-29,17.545000000000,17.865000000000,17.545000000000,17.750000000000
2020-09-30,17.865000000000,17.965000000000,17.645000000000,17.750000000000
2020-10-01,17.834999000000,17.834999000000,17.559999000000,17.680000000000
2020-10-02,17.250000000000,17.590000000000,17.215000000000,17.434999000000
2020-10-05,17.490000000000,17.760000000000,17.415001000000,17.690001000000
2020-10-06,17.770000000000,17.930000000000,17.490000000000,17.575001000000
2020-10-07,17.754999000000,17.920000000000,17.705000000000,17.860001000000
2020-10-08,17.955000000000,18.235001000000,17.910000000000,18.215000000000
2020-10-09,18.500000000000,18.695000000000,18.480000000000,18.690001000000
2020-10-12,18.860001000000,18.895000000000,18.690001000000,18.855000000000
2020-10-13,18.740000000000,18.820000000000,18.549999000000,18.760000000000
2020-10-14,18.820000000000,18.980000000000,18.684999000000,18.820000000000
2020-10-15,18.400000000000,18.775000000000,18.325001000000,18.740000000000
2020-10-16,18.770000000000,18.900000000000,18.684999000000,18.690001000000
2020-10-19,18.709999000000,18.740000000000,18.209999000000,18.275000000000
2020-10-20,18.334999000000,18.410000000000,18.219999000000,18.270000000000
2020-10-21,18.320000000000,18.545000000000,18.205000000000,18.500000000000
2020-10-22,18.495001000000,18.785000000000,18.420000000000,18.709999000000
2020-10-23,18.725000000000,18.754999000000,18.485001000000,18.700001000000
2020-10-26,18.455000000000,18.559999000000,17.684999000000,17.740000000000
2020-10-27,17.855000000000,18.004999000000,17.660000000000,17.815001000000
2020-10-28,17.125000000000,17.254999000000,16.520000000000,16.535000000000
2020-10-29,16.705000000000,17.379999000000,16.549999000000,17.165001000000
2020-10-30,16.995001000000,17.120001000000,16.700001000000,16.865000000000
2020-11-02,17.250000000000,17.275000000000,16.940001000000,17.065001000000
2020-11-03,17.315001000000,17.629999000000,17.260000000000,17.520000000000
2020-11-04,17.885000000000,18.344999000000,17.865000000000,18.270000000000
2020-11-05,18.575001000000,18.665001000000,18.330000000000,18.430000000000
2020-11-06,18.545000000000,19.065001000000,18.510000000000,19.065001000000
2020-11-09,19.705000000000,20.125000000000,19.260000000000,19.260000000000
2020-11-10,19.514999000000,19.580000000000,19.155001000000,19.565001000000
2020-11-11,19.715000000000,19.975000000000,19.590000000000,19.785000000000
2020-11-12,19.635000000000,19.750000000000,18.865000000000,19.075001000000
2020-11-13,19.405001000000,19.834999000000,19.405001000000,19.695000000000
2020-11-16,19.924999000000,19.945000000000,19.565001000000,19.900000000000
2020-11-17,19.719999000000,20.100000000000,19.655001000000,20.090000000000
2020-11-18,20.180000000000,20.290001000000,19.695000000000,19.709999000000
2020-11-19,19.805000000000,20.045000000000,19.660000000000,19.889999000000
2020-11-20,19.900000000000,20.094999000000,19.865000000000,19.905001000000
2020-11-23,20.025000000000,20.190001000000,19.840000000000,20.020000000000
2020-11-24,20.230000000000,20.260000000000,20.030001000000,20.200001000000
2020-11-25,20.184999000000,20.594999000000,20.055000000000,20.575001000000
2020-11-27,20.660000000000,20.735001000000,20.420000000000,20.495001000000
2020-11-30,20.434999000000,20.700001000000,20.100000000000,20.674999000000
2020-12-01,20.770000000000,20.855000000000,20.540001000000,20.580000000000
2020-12-02,20.565001000000,20.855000000000,20.555000000000,20.665001000000
2020-12-03,20.745001000000,20.775000000000,20.455000000000,20.545000000000
2020-12-04,20.660000000000,20.809999000000,20.655001000000,20.709999000000
2020-12-07,20.590000000000,20.705000000000,20.540001000000,20.674999000000
2020-12-08,20.565001000000,21.025000000000,20.565001000000,21.025000000000
2020-12-09,21.150000000000,21.215000000000,20.530001000000,20.620001000000
2020-12-10,20.545000000000,20.815001000000,20.459999000000,20.530001000000
2020-12-11,20.285000000000,20.430000000000,19.865000000000,20.155001000000
2020-12-14,20.480000000000,20.559999000000,19.900000000000,19.924999000000
2020-12-15,20.135000000000,20.389999000000,20.025000000000,20.325001000000
2020-12-16,20.410000000000,20.719999000000,20.299999000000,20.700001000000
2020-12-17,20.680000000000,20.930000000000,20.635000000000,20.855000000000
2020-12-18,20.775000000000,20.780001000000,20.344999000000,20.615000000000
2020-12-21,19.655001000000,20.035000000000,19.190001000000,19.795000000000
2020-12-22,19.934999000000,20.040001000000,19.790001000000,20.000000000000
2020-12-23,20.200001000000,20.570000000000,20.174999000000,20.430000000000
2020-12-24,20.549999000000,20.750000000000,20.535000000000,20.750000000000
2020-12-28,20.850000000000,20.879999000000,20.715000000000,20.825001000000
2020-12-29,20.875000000000,20.885000000000,20.145000000000,20.340000000000
2020-12-30,20.405001000000,20.754999000000,20.350000000000,20.715000000000
2020-12-31,20.725000000000,20.920000000000,20.549999000000,20.719999000000
2021-01-04,20.725000000000,20.735001000000,19.469999000000,19.825001000000
2021-01-05,19.580000000000,20.225000000000,19.565001000000,20.139999000000
2021-01-06,20.235001000000,20.770000000000,19.940001000000,20.195000000000
2021-01-07,20.680000000000,20.799999000000,20.580000000000,20.785000000000
2021-01-08,20.860001000000,20.959999000000,20.525000000000,20.910000000000
2021-01-11,20.520000000000,20.670000000000,20.219999000000,20.424999000000
2021-01-12,20.490000000000,20.639999000000,20.195000000000,20.615000000000
2021-01-13,20.605000000000,20.850000000000,20.540001000000,20.790001000000
2021-01-14,20.844999000000,20.975000000000,20.580000000000,20.665001000000
2021-01-15,20.495001000000,20.629999000000,20.125000000000,20.365000000000
2021-01-19,20.660000000000,20.705000000000,20.469999000000,20.610001000000
2021-01-20,20.795000000000,20.900000000000,20.635000000000,20.840000000000
2021-01-21,20.840000000000,20.940001000000,20.674999000000,20.915001000000
2021-01-22,20.665001000000,20.910000000000,20.610001000000,20.795000000000
2021-01-25,20.674999000000,20.750000000000,19.905001000000,20.360001000000
2021-01-26,20.559999000000,20.715000000000,20.400000000000,20.400000000000
2021-01-27,19.990000000000,19.995001000000,18.205000000000,18.250000000000
2021-01-28,18.785000000000,19.020000000000,18.370001000000,18.430000000000
2021-01-29,18.355000000000,18.860001000000,17.660000000000,18.004999000000
2021-02-01,18.424999000000,18.615000000000,17.895000000000,18.495001000000
2021-02-02,18.959999000000,19.385000000000,18.924999000000,19.285000000000
2021-02-03,19.504999000000,19.799999000000,19.355000000000,19.785000000000
2021-02-04,20.004999000000,20.219999000000,19.975000000000,20.219999000000
2021-02-05,20.250000000000,20.260000000000,20.020000000000,20.245001000000
2021-02-08,20.290001000000,20.325001000000,20.125000000000,20.325001000000
2021-02-09,20.174999000000,20.389999000000,20.100000000000,20.275000000000
2021-02-10,20.325001000000,20.350000000000,19.795000000000,20.030001000000
2021-02-11,20.230000000000,20.334999000000,19.870001000000,20.325001000000
2021-02-12,20.280001000000,20.690001000000,20.240000000000,20.680000000000
2021-02-16,20.615000000000,20.760000000000,20.440001000000,20.549999000000
2021-02-17,20.389999000000,20.795000000000,20.215000000000,20.754999000000
2021-02-18,20.455000000000,20.809999000000,20.334999000000,20.705000000000
2021-02-19,20.799999000000,21.209999000000,20.770000000000,21.209999000000
2021-02-22,20.730000000000,21.040001000000,20.625000000000,20.639999000000
2021-02-23,20.570000000000,21.080000000000,20.059999000000,21.065001000000
2021-02-24,20.785000000000,21.500000000000,20.665001000000,21.459999000000
2021-02-25,21.240000000000,21.420000000000,19.445000000000,19.700001000000
2021-02-26,20.155001000000,20.415001000000,19.450001000000,20.195000000000
2021-03-01,20.815001000000,21.065001000000,20.795000000000,20.945000000000
2021-03-02,20.924999000000,21.075001000000,20.799999000000,20.865000000000
2021-03-03,20.930000000000,21.014999000000,20.385000000000,20.385000000000
2021-03-04,20.514999000000,20.745001000000,19.514999000000,19.985001000000
2021-03-05,20.350000000000,20.705000000000,19.680000000000,20.650000000000
2021-03-08,20.665001000000,20.870001000000,20.400000000000,20.660000000000
2021-03-09,20.775000000000,21.030001000000,20.730000000000,20.920000000000
2021-03-10,21.184999000000,21.184999000000,20.959999000000,21.040001000000
2021-03-11,21.200001000000,21.370001000000,21.184999000000,21.305000000000
2021-03-12,21.094999000000,21.490000000000,21.059999000000,21.320000000000
2021-03-15,21.520000000000,22.145000000000,21.440001000000,22.120001000000
2021-03-16,22.115000000000,22.424999000000,22.075001000000,22.250000000000
2021-03-17,21.975000000000,22.590000000000,21.910000000000,22.559999000000
2021-03-18,22.334999000000,22.559999000000,21.830000000000,21.830000000000
2021-03-19,22.020000000000,22.424999000000,21.719999000000,22.195000000000
2021-03-22,22.514999000000,23.180000000000,22.434999000000,23.105000000000
2021-03-23,23.004999000000,23.055000000000,22.330000000000,22.549999000000
2021-03-24,22.790001000000,23.014999000000,22.434999000000,22.434999000000
2021-03-25,22.379999000000,22.850000000000,21.825001000000,22.780001000000
2021-03-26,23.000000000000,23.400000000000,22.555000000000,23.400000000000
2021-03-29,22.975000000000,23.090000000000,22.615000000000,22.955000000000
2021-03-30,22.965000000000,23.469999000000,22.830000000000,23.440001000000
2021-03-31,23.584999000000,23.764999000000,23.305000000000,23.549999000000
2021-04-01,23.705000000000,24.059999000000,23.635000000000,24.059999000000
2021-04-05,24.280001000000,24.325001000000,24.080000000000,24.215000000000
2021-04-06,24.225000000000,24.434999000000,24.139999000000,24.180000000000
2021-04-07,24.215000000000,24.580000000000,24.180000000000,24.530001000000
2021-04-08,24.719999000000,24.840000000000,24.594999000000,24.715000000000
2021-04-09,24.600000000000,24.934999000000,24.530001000000,24.745001000000
2021-04-12,24.615000000000,24.990000000000,24.400000000000,24.990000000000
2021-04-13,24.910000000000,25.105000000000,24.844999000000,24.955000000000
2021-04-14,24.950001000000,25.059999000000,24.690001000000,24.825001000000
2021-04-15,25.025000000000,25.200001000000,24.965000000000,25.139999000000
2021-04-16,25.139999000000,25.420000000000,25.040001000000,25.334999000000
2021-04-19,25.215000000000,25.264999000000,24.500000000000,24.885000000000
2021-04-20,24.695000000000,24.799999000000,24.155001000000,24.575001000000
2021-04-21,24.525000000000,25.305000000000,24.370001000000,25.260000000000
2021-04-22,25.254999000000,25.325001000000,24.215000000000,24.485001000000
2021-04-23,24.605000000000,25.195000000000,24.520000000000,24.959999000000
2021-04-26,25.070000000000,25.110001000000,24.855000000000,25.045000000000
2021-04-27,25.094999000000,25.355000000000,24.915001000000,25.299999000000
2021-04-28,25.350000000000,25.465000000000,25.170000000000,25.225000000000
2021-04-29,25.565001000000,25.620001000000,24.915001000000,25.434999000000
2021-04-30,25.160000000000,25.309999000000,24.785000000000,24.905001000000
2021-05-03,25.225000000000,25.389999000000,25.075001000000,25.389999000000
2021-05-04,25.014999000000,25.110001000000,24.150000000000,24.844999000000
2021-05-05,25.090000000000,25.395000000000,24.795000000000,25.180000000000
2021-05-06,25.125000000000,25.295000000000,24.629999000000,25.260000000000
2021-05-07,25.250000000000,26.035000000000,25.225000000000,25.985001000000
2021-05-10,26.000000000000,26.215000000000,25.370001000000,25.420000000000
2021-05-11,24.660000000000,25.070000000000,24.120001000000,24.424999000000
2021-05-12,23.959999000000,23.990000000000,21.844999000000,22.309999000000
2021-05-13,22.934999000000,23.610001000000,22.924999000000,23.325001000000
2021-05-14,23.975000000000,24.870001000000,23.975000000000,24.745001000000
2021-05-17,24.500000000000,24.730000000000,23.830000000000,24.370001000000
2021-05-18,24.480000000000,24.770000000000,24.094999000000,24.219999000000
2021-05-19,23.370001000000,23.715000000000,22.400000000000,23.580000000000
2021-05-20,23.905001000000,24.355000000000,23.750000000000,24.250000000000
2021-05-21,24.445000000000,24.590000000000,24.235001000000,24.500000000000
2021-05-24,24.629999000000,25.070000000000,24.625000000000,24.980000000000
2021-05-25,25.020000000000,25.049999000000,24.725000000000,24.940001000000
2021-05-26,25.125000000000,25.590000000000,25.084999000000,25.559999000000
2021-05-27,25.690001000000,26.240000000000,25.670000000000,26.184999000000
2021-05-28,26.280001000000,26.334999000000,25.910000000000,25.924999000000
2021-06-01,26.254999000000,26.309999000000,25.605000000000,25.605000000000
2021-06-02,25.785000000000,26.139999000000,25.650000000000,25.950001000000
2021-06-03,25.555000000000,25.905001000000,25.365000000000,25.684999000000
2021-06-04,26.100000000000,26.440001000000,26.100000000000,26.395000000000
2021-06-07,26.385000000000,26.645000000000,26.264999000000,26.625000000000
2021-06-08,26.705000000000,26.730000000000,26.180000000000,26.440001000000
2021-06-09,26.615000000000,26.625000000000,26.160000000000,26.290001000000
2021-06-10,26.615000000000,27.049999000000,26.530001000000,27.045000000000
2021-06-11,27.280001000000,27.500000000000,27.254999000000,27.415001000000
2021-06-14,27.415001000000,27.469999000000,26.995001000000,27.285000000000
2021-06-15,27.215000000000,27.254999000000,26.809999000000,26.809999000000
2021-06-16,27.129999000000,27.370001000000,26.485001000000,26.775000000000
2021-06-17,26.809999000000,27.389999000000,26.629999000000,26.934999000000
2021-06-18,26.295000000000,26.655001000000,25.639999000000,25.709999000000
2021-06-21,26.174999000000,26.709999000000,25.790001000000,26.650000000000
2021-06-22,26.455000000000,27.209999000000,26.375000000000,27.209999000000
2021-06-23,27.379999000000,27.605000000000,27.320000000000,27.469999000000
2021-06-24,27.795000000000,27.855000000000,27.645000000000,27.790001000000
2021-06-25,27.799999000000,27.980000000000,27.629999000000,27.980000000000
2021-06-28,28.049999000000,28.120001000000,27.745001000000,27.895000000000
2021-06-29,28.055000000000,28.094999000000,27.615000000000,27.670000000000
2021-06-30,27.559999000000,27.920000000000,27.465000000000,27.775000000000
2021-07-01,27.940001000000,28.055000000000,27.815001000000,28.025000000000
2021-07-02,28.365000000000,28.465000000000,27.955000000000,28.045000000000
2021-07-06,28.195000000000,28.195000000000,27.305000000000,27.719999000000
2021-07-07,27.879999000000,27.900000000000,27.240000000000,27.700001000000
2021-07-08,26.510000000000,27.040001000000,26.365000000000,26.645000000000
2021-07-09,27.195000000000,27.764999000000,27.115000000000,27.709999000000
2021-07-12,27.680000000000,27.889999000000,27.600000000000,27.875000000000
2021-07-13,27.790001000000,28.084999000000,27.565001000000,27.629999000000
2021-07-14,27.950001000000,28.049999000000,27.445000000000,27.910000000000
2021-07-15,27.580000000000,27.815001000000,27.395000000000,27.735001000000
2021-07-16,28.025000000000,28.120001000000,27.115000000000,27.129999000000
2021-07-19,26.365000000000,26.480000000000,24.270000000000,25.200001000000
2021-07-20,25.290001000000,26.385000000000,25.065001000000,26.225000000000
2021-07-21,26.520000000000,27.094999000000,26.475000000000,27.075001000000
2021-07-22,26.965000000000,27.160000000000,26.600000000000,26.834999000000
2021-07-23,27.115000000000,27.125000000000,26.825001000000,26.844999000000
2021-07-26,26.705000000000,27.084999000000,26.545000000000,27.084999000000
2021-07-27,26.825001000000,26.825001000000,25.920000000000,26.639999000000
2021-07-28,26.799999000000,27.195000000000,26.385000000000,26.985001000000
2021-07-29,27.125000000000,27.315001000000,27.070000000000,27.230000000000
2021-07-30,26.740000000000,27.205000000000,26.709999000000,26.889999000000
2021-08-02,27.049999000000,27.084999000000,26.285000000000,26.385000000000
2021-08-03,26.555000000000,27.035000000000,26.215000000000,27.025000000000
2021-08-04,26.780001000000,27.174999000000,26.719999000000,27.045000000000
2021-08-05,27.170000000000,27.379999000000,27.145000000000,27.375000000000
2021-08-06,27.504999000000,27.740000000000,27.415001000000,27.725000000000
2021-08-09,27.740000000000,27.975000000000,27.600000000000,27.875000000000
2021-08-10,28.000000000000,28.245001000000,27.889999000000,28.004999000000
2021-08-11,28.195000000000,28.520000000000,28.084999000000,28.440001000000
2021-08-12,28.365000000000,28.900000000000,28.315001000000,28.740000000000
2021-08-13,28.934999000000,29.014999000000,28.660000000000,28.719999000000
2021-08-16,28.350000000000,28.690001000000,28.055000000000,28.684999000000
2021-08-17,28.230000000000,28.450001000000,27.480000000000,28.209999000000
2021-08-18,28.065001000000,28.235001000000,27.110001000000,27.250000000000
2021-08-19,26.605000000000,27.290001000000,26.379999000000,26.770000000000
2021-08-20,26.995001000000,27.900000000000,26.915001000000,27.815001000000
2021-08-23,28.195000000000,28.495001000000,28.180000000000,28.280001000000
2021-08-24,28.340000000000,28.415001000000,28.209999000000,28.320000000000
2021-08-25,28.350000000000,28.674999000000,28.299999000000,28.660000000000
2021-08-26,28.395000000000,28.545000000000,27.825001000000,28.020000000000
2021-08-27,28.219999000000,28.834999000000,28.215000000000,28.750000000000
2021-08-30,28.870001000000,28.965000000000,28.705000000000,28.870001000000
2021-08-31,28.770000000000,28.959999000000,28.645000000000,28.959999000000
2021-09-01,29.025000000000,29.400000000000,28.889999000000,29.309999000000
2021-09-02,29.450001000000,29.485001000000,29.035000000000,29.299999000000
2021-09-03,29.110001000000,29.355000000000,28.940001000000,29.215000000000
2021-09-07,29.100000000000,29.139999000000,28.719999000000,28.809999000000
2021-09-08,28.655001000000,28.920000000000,28.355000000000,28.885000000000
2021-09-09,28.795000000000,29.195000000000,28.504999000000,28.545000000000
2021-09-10,29.075001000000,29.184999000000,27.920000000000,28.000000000000
2021-09-13,28.635000000000,28.674999000000,27.879999000000,28.500000000000
2021-09-14,28.754999000000,28.830000000000,28.059999000000,28.315001000000
2021-09-15,28.584999000000,28.975000000000,28.270000000000,28.870001000000
2021-09-16,28.785000000000,29.165001000000,28.445000000000,29.030001000000
2021-09-17,28.945000000000,29.030001000000,28.010000000000,28.065001000000
2021-09-20,26.955000000000,27.295000000000,25.125000000000,26.450001000000
2021-09-21,26.879999000000,27.209999000000,26.240000000000,26.995001000000
2021-09-22,27.389999000000,28.025000000000,27.174999000000,27.775000000000
2021-09-23,28.215000000000,28.680000000000,28.170000000000,28.645000000000
2021-09-24,28.280001000000,29.105000000000,28.250000000000,29.075001000000
2021-09-27,28.995001000000,29.200001000000,28.790001000000,28.860001000000
2021-09-28,28.295000000000,28.440001000000,27.070000000000,27.379999000000
2021-09-29,27.485001000000,27.645000000000,27.080000000000,27.200001000000
2021-09-30,27.559999000000,27.860001000000,26.940001000000,27.195000000000
2021-10-01,27.490000000000,27.995001000000,27.010000000000,27.674999000000
2021-10-04,27.665001000000,27.780001000000,26.805000000000,27.299999000000
2021-10-05,27.415001000000,28.045000000000,27.295000000000,27.795000000000
2021-10-06,27.465000000000,28.000000000000,26.900000000000,27.950001000000
2021-10-07,28.225000000000,28.530001000000,28.205000000000,28.490000000000
2021-10-08,28.655001000000,28.860001000000,28.520000000000,28.750000000000
2021-10-11,28.635000000000,29.110001000000,28.535000000000,28.559999000000
2021-10-12,28.760000000000,28.990000000000,28.510000000000,28.834999000000
2021-10-13,28.910000000000,29.129999000000,28.615000000000,29.129999000000
2021-10-14,29.570000000000,29.920000000000,29.495001000000,29.895000000000
2021-10-15,30.025000000000,30.320000000000,29.815001000000,29.915001000000
2021-10-18,29.670000000000,30.275000000000,29.629999000000,30.184999000000
2021-10-19,30.290001000000,30.420000000000,30.155001000000,30.299999000000
2021-10-20,30.305000000000,30.540001000000,30.250000000000,30.485001000000
2021-10-21,30.360001000000,30.985001000000,30.285000000000,30.965000000000
2021-10-22,30.920000000000,31.084999000000,30.245001000000,30.615000000000
2021-10-25,30.764999000000,31.105000000000,30.459999000000,31.084999000000
2021-10-26,31.240000000000,31.264999000000,30.420000000000,30.799999000000
2021-10-27,30.825001000000,31.160000000000,30.350000000000,30.434999000000
2021-10-28,30.684999000000,30.940001000000,30.615000000000,30.885000000000
2021-10-29,30.465000000000,30.889999000000,30.455000000000,30.795000000000
2021-11-01,30.910000000000,31.035000000000,30.434999000000,31.020000000000
2021-11-02,31.040001000000,31.424999000000,31.030001000000,31.415001000000
2021-11-03,31.360001000000,32.075001000000,31.254999000000,31.955000000000
2021-11-04,32.115002000000,32.224998000000,31.495001000000,31.725000000000
2021-11-05,31.930000000000,31.940001000000,31.070000000000,31.129999000000
2021-11-08,31.379999000000,31.424999000000,30.825001000000,31.135000000000
2021-11-09,31.020000000000,31.035000000000,30.465000000000,30.850000000000
2021-11-10,30.540001000000,31.120001000000,30.184999000000,30.615000000000
2021-11-11,30.915001000000,31.219999000000,30.735001000000,30.865000000000
2021-11-12,31.145000000000,31.510000000000,31.020000000000,31.465000000000
2021-11-15,31.650000000000,31.684999000000,31.120001000000,31.684999000000
2021-11-16,31.530001000000,31.844999000000,31.504999000000,31.610001000000
2021-11-17,31.620001000000,31.719999000000,31.275000000000,31.315001000000
2021-11-18,31.495001000000,31.555000000000,30.975000000000,31.180000000000
2021-11-19,31.115000000000,31.325001000000,30.805000000000,31.010000000000
2021-11-22,31.305000000000,31.434999000000,30.645000000000,30.665001000000
2021-11-23,30.715000000000,31.139999000000,30.400000000000,31.059999000000
2021-11-24,30.660000000000,31.370001000000,30.379999000000,31.280001000000
2021-11-26,29.424999000000,29.695000000000,26.785000000000,27.280001000000
2021-11-29,28.600000000000,29.340000000000,28.445000000000,29.225000000000
2021-11-30,28.209999000000,28.510000000000,26.879999000000,26.879999000000
2021-12-01,27.920000000000,28.365000000000,25.900000000000,25.900000000000
2021-12-02,26.365000000000,26.965000000000,26.120001000000,26.680000000000
2021-12-03,26.830000000000,26.920000000000,24.420000000000,25.535000000000
2021-12-06,25.985001000000,26.584999000000,25.549999000000,26.555000000000
2021-12-07,27.330000000000,28.165001000000,27.290001000000,27.990000000000
2021-12-08,28.110001000000,28.850000000000,27.940001000000,28.815001000000
2021-12-09,28.799999000000,29.035000000000,28.100000000000,28.415001000000
2021-12-10,29.075001000000,29.334999000000,28.620001000000,29.264999000000
2021-12-13,29.174999000000,29.195000000000,28.545000000000,28.719999000000
2021-12-14,28.225000000000,28.625000000000,27.780001000000,28.490000000000
2021-12-15,28.410000000000,29.514999000000,27.799999000000,29.485001000000
2021-12-16,29.735001000000,29.834999000000,28.344999000000,28.830000000000
2021-12-17,28.285000000000,28.945000000000,27.920000000000,28.340000000000
2021-12-20,27.065001000000,27.965000000000,26.495001000000,27.870001000000
2021-12-21,28.315001000000,28.680000000000,27.980000000000,28.475000000000
2021-12-22,28.559999000000,29.370001000000,28.559999000000,29.360001000000
2021-12-23,29.510000000000,29.690001000000,29.445000000000,29.510000000000
2021-12-27,29.635000000000,29.945000000000,29.430000000000,29.860001000000
2021-12-28,29.940001000000,30.260000000000,29.805000000000,30.260000000000
2021-12-29,30.270000000000,30.750000000000,30.084999000000,30.605000000000
2021-12-30,30.695000000000,30.975000000000,30.485001000000,30.645000000000
2021-12-31,30.655001000000,30.895000000000,30.495001000000,30.775000000000
2022-01-03,30.980000000000,31.299999000000,30.665001000000,31.285000000000
2022-01-04,31.400000000000,31.440001000000,30.830000000000,31.295000000000
2022-01-05,31.184999000000,31.545000000000,30.040001000000,30.090000000000
2022-01-06,30.004999000000,30.434999000000,29.735001000000,30.004999000000
2022-01-07,30.000000000000,30.485001000000,29.620001000000,30.430000000000
2022-01-10,29.840000000000,30.745001000000,28.969999000000,30.660000000000
2022-01-11,30.500000000000,31.275000000000,30.150000000000,31.230000000000
2022-01-12,31.455000000000,31.700001000000,31.080000000000,31.389999000000
2022-01-13,31.450001000000,31.594999000000,30.285000000000,30.455000000000
2022-01-14,29.895000000000,30.754999000000,29.815001000000,30.625000000000
2022-01-18,29.975000000000,30.000000000000,29.299999000000,29.504999000000
2022-01-19,29.750000000000,29.809999000000,28.955000000000,29.090000000000
2022-01-20,29.445000000000,29.980000000000,28.350000000000,28.485001000000
2022-01-21,28.205000000000,28.504999000000,27.125000000000,27.155001000000
2022-01-24,26.075001000000,27.100000000000,24.420000000000,26.745001000000
2022-01-25,25.885000000000,27.150000000000,25.405001000000,26.725000000000
2022-01-26,27.330000000000,27.924999000000,26.184999000000,26.450001000000
2022-01-27,27.165001000000,27.415001000000,26.049999000000,26.375000000000
2022-01-28,26.650000000000,27.285000000000,26.100000000000,27.205000000000
2022-01-31,27.080000000000,28.139999000000,26.955000000000,28.110001000000
2022-02-01,28.405001000000,29.200001000000,28.010000000000,29.150000000000
2022-02-02,29.275000000000,29.555000000000,28.875000000000,29.485001000000
2022-02-03,28.500000000000,28.950001000000,27.530001000000,27.684999000000
2022-02-04,27.805000000000,28.580000000000,27.410000000000,28.094999000000
2022-02-07,28.485001000000,28.834999000000,28.305000000000,28.525000000000
2022-02-08,28.660000000000,29.230000000000,28.415001000000,29.200001000000
2022-02-09,29.575001000000,29.750000000000,29.424999000000,29.730000000000
2022-02-10,28.969999000000,29.695000000000,27.955000000000,28.280001000000
2022-02-11,28.350000000000,28.465000000000,25.995001000000,26.420000000000
2022-02-14,26.400000000000,26.559999000000,25.555000000000,26.415001000000
2022-02-15,27.330000000000,27.520000000000,27.014999000000,27.500000000000
2022-02-16,27.299999000000,28.080000000000,27.010000000000,28.035000000000
2022-02-17,27.230000000000,27.285000000000,26.275000000000,26.379999000000
2022-02-18,26.240000000000,26.455000000000,25.730000000000,26.059999000000
2022-02-22,25.959999000000,26.395000000000,25.434999000000,26.120001000000
2022-02-23,26.500000000000,26.514999000000,25.330000000000,25.389999000000
2022-02-24,23.980000000000,25.855000000000,23.965000000000,25.764999000000
2022-02-25,25.879999000000,26.480000000000,25.625000000000,26.290001000000
2022-02-28,25.290001000000,25.945000000000,25.129999000000,25.695000000000
2022-03-01,25.340000000000,25.514999000000,24.105000000000,24.270000000000
2022-03-02,24.615000000000,25.174999000000,24.350000000000,25.040001000000
2022-03-03,25.184999000000,25.350000000000,24.635000000000,24.969999000000
2022-03-04,24.275000000000,24.504999000000,23.860001000000,24.400000000000
2022-03-07,24.370001000000,24.389999000000,23.320000000000,23.530001000000
2022-03-08,23.445000000000,24.084999000000,22.990000000000,23.504999000000
2022-03-09,24.090000000000,24.275000000000,23.875000000000,23.959999000000
2022-03-10,23.795000000000,24.495001000000,23.730000000000,24.495001000000
2022-03-11,24.855000000000,24.879999000000,24.190001000000,24.240000000000
2022-03-14,24.290001000000,24.639999000000,23.475000000000,23.840000000000
2022-03-15,24.080000000000,24.490000000000,23.840000000000,24.250000000000
2022-03-16,24.684999000000,25.490000000000,24.520000000000,25.459999000000
2022-03-17,25.450001000000,25.840000000000,25.309999000000,25.670000000000
2022-03-18,25.434999000000,26.385000000000,25.325001000000,26.385000000000
2022-03-21,26.299999000000,26.754999000000,25.934999000000,26.410000000000
2022-03-22,26.650000000000,26.775000000000,26.510000000000,26.610001000000
2022-03-23,26.275000000000,26.719999000000,26.250000000000,26.655001000000
2022-03-24,26.690001000000,27.075001000000,26.514999000000,26.985001000000
2022-03-25,27.065001000000,27.379999000000,26.715000000000,27.365000000000
2022-03-28,27.230000000000,27.575001000000,26.650000000000,27.565001000000
2022-03-29,27.950001000000,28.285000000000,27.870001000000,28.215000000000
2022-03-30,28.084999000000,28.320000000000,27.575001000000,28.010000000000
2022-03-31,27.950001000000,27.985001000000,27.245001000000,27.280001000000
2022-04-01,27.570000000000,27.850000000000,27.254999000000,27.825001000000
2022-04-04,27.924999000000,28.549999000000,27.809999000000,28.535000000000
2022-04-05,28.350000000000,28.459999000000,27.280001000000,27.325001000000
2022-04-06,26.875000000000,27.120001000000,26.245001000000,27.025000000000
2022-04-07,26.930000000000,27.510000000000,26.655001000000,27.385000000000
2022-04-08,27.235001000000,27.770000000000,27.070000000000,27.415001000000
2022-04-11,27.084999000000,27.264999000000,26.615000000000,26.645000000000
2022-04-12,26.934999000000,27.254999000000,26.450001000000,26.480000000000
2022-04-13,26.459999000000,27.465000000000,26.420000000000,27.410000000000
2022-04-14,27.605000000000,27.840000000000,27.030001000000,27.045000000000
2022-04-18,26.959999000000,27.395000000000,26.930000000000,27.219999000000
2022-04-19,27.280001000000,28.070000000000,27.209999000000,27.910000000000
2022-04-20,28.170000000000,28.360001000000,27.900000000000,28.235001000000
2022-04-21,28.520000000000,28.549999000000,26.920000000000,27.184999000000
2022-04-22,27.160000000000,27.250000000000,25.389999000000,25.559999000000
2022-04-25,25.340000000000,25.860001000000,24.745001000000,25.780001000000
2022-04-26,25.575001000000,25.584999000000,24.360001000000,24.395000000000
2022-04-27,24.415001000000,24.915001000000,24.150000000000,24.190001000000
2022-04-28,24.805000000000,25.320000000000,24.475000000000,24.809999000000
2022-04-29,24.635000000000,25.004999000000,23.775000000000,23.830000000000
2022-05-02,23.799999000000,24.094999000000,23.200001000000,24.010000000000
2022-05-03,24.209999000000,24.775000000000,24.080000000000,24.719999000000
2022-05-04,24.895000000000,25.955000000000,24.715000000000,25.840000000000
2022-05-05,25.535000000000,25.625000000000,23.225000000000,23.575001000000
2022-05-06,23.389999000000,23.745001000000,22.715000000000,23.725000000000
2022-05-09,23.180000000000,23.305000000000,22.620001000000,22.754999000000
2022-05-10,23.305000000000,23.344999000000,22.695000000000,23.129999000000
2022-05-11,23.094999000000,23.705000000000,22.955000000000,23.184999000000
2022-05-12,23.020000000000,23.485001000000,22.760000000000,23.415001000000
2022-05-13,23.840000000000,24.170000000000,23.725000000000,24.155001000000
2022-05-16,24.245001000000,24.680000000000,24.150000000000,24.650000000000
2022-05-17,25.035000000000,25.135000000000,24.725000000000,24.959999000000
2022-05-18,24.690001000000,24.770000000000,23.070000000000,23.165001000000
2022-05-19,22.950001000000,23.934999000000,22.875000000000,23.870001000000
2022-05-20,24.260000000000,24.309999000000,22.955000000000,23.840000000000
2022-05-23,24.065001000000,24.205000000000,23.655001000000,24.010000000000
2022-05-24,23.809999000000,24.030001000000,23.405001000000,23.965000000000
2022-05-25,23.740000000000,24.340000000000,23.740000000000,24.215000000000
2022-05-26,24.325001000000,24.500000000000,24.280001000000,24.299999000000
2022-05-27,24.625000000000,24.825001000000,24.530001000000,24.790001000000
2022-05-31,24.555000000000,25.080000000000,24.260000000000,25.014999000000
2022-06-01,25.150000000000,25.290001000000,24.440001000000,25.100000000000
2022-06-02,25.059999000000,25.559999000000,24.975000000000,25.355000000000
2022-06-03,25.129999000000,25.305000000000,24.934999000000,25.225000000000
2022-06-06,25.455000000000,25.530001000000,25.184999000000,25.389999000000
2022-06-07,25.059999000000,25.745001000000,25.035000000000,25.705000000000
2022-06-08,25.555000000000,25.799999000000,25.430000000000,25.754999000000
2022-06-09,25.520000000000,25.725000000000,25.055000000000,25.105000000000
2022-06-10,24.615000000000,24.725000000000,24.059999000000,24.330000000000
2022-06-13,23.375000000000,23.510000000000,22.530001000000,22.629999000000
2022-06-14,22.805000000000,23.155001000000,22.625000000000,23.045000000000
2022-06-15,23.315001000000,24.080000000000,23.275000000000,23.680000000000
2022-06-16,23.090000000000,23.209999000000,22.620001000000,22.940001000000
2022-06-17,23.004999000000,23.424999000000,22.815001000000,23.290001000000
2022-06-21,23.735001000000,23.934999000000,23.500000000000,23.510000000000
2022-06-22,23.320000000000,24.014999000000,23.275000000000,23.985001000000
2022-06-23,24.055000000000,24.100000000000,23.674999000000,23.980000000000
2022-06-24,24.205000000000,24.389999000000,24.180000000000,24.205000000000
2022-06-27,24.315001000000,24.625000000000,24.170000000000,24.580000000000
2022-06-28,24.730000000000,24.834999000000,24.120001000000,24.230000000000
2022-06-29,24.170000000000,24.340000000000,23.920000000000,24.195000000000
2022-06-30,23.945000000000,24.180000000000,23.600000000000,24.105000000000
2022-07-01,23.975000000000,24.445000000000,23.750000000000,24.385000000000
2022-07-05,23.950001000000,24.434999000000,23.690001000000,24.379999000000
2022-07-06,24.355000000000,24.670000000000,24.190001000000,24.590000000000
2022-07-07,24.680000000000,24.910000000000,24.660000000000,24.725000000000
2022-07-08,24.715000000000,25.094999000000,24.700001000000,25.010000000000
2022-07-11,24.780001000000,24.875000000000,24.545000000000,24.629999000000
2022-07-12,24.620001000000,24.889999000000,24.385000000000,24.510000000000
2022-07-13,24.209999000000,24.820000000000,24.160000000000,24.719999000000
2022-07-14,24.320000000000,24.719999000000,24.115000000000,24.684999000000
2022-07-15,24.934999000000,25.340000000000,24.860001000000,25.305000000000
2022-07-18,25.370001000000,25.480000000000,24.830000000000,24.924999000000
2022-07-19,25.205000000000,25.365000000000,25.100000000000,25.105000000000
2022-07-20,25.200001000000,25.480000000000,25.135000000000,25.424999000000
2022-07-21,25.440001000000,25.730000000000,25.235001000000,25.705000000000
2022-07-22,25.725000000000,25.860001000000,25.405001000000,25.815001000000
2022-07-25,25.799999000000,26.049999000000,25.725000000000,25.934999000000
2022-07-26,25.790001000000,25.844999000000,25.420000000000,25.594999000000
2022-07-27,25.955000000000,26.295000000000,25.900000000000,26.049999000000
2022-07-28,26.190001000000,26.719999000000,26.035000000000,26.674999000000
2022-07-29,26.750000000000,26.920000000000,26.625000000000,26.865000000000
2022-08-01,26.620001000000,26.805000000000,26.325001000000,26.370001000000
2022-08-02,26.200001000000,26.670000000000,25.955000000000,26.215000000000
2022-08-03,26.475000000000,26.975000000000,26.450001000000,26.900000000000
2022-08-04,26.775000000000,26.875000000000,26.540001000000,26.870001000000
2022-08-05,26.580000000000,27.209999000000,26.565001000000,27.165001000000
2022-08-08,27.165001000000,27.510000000000,26.875000000000,27.125000000000
2022-08-09,26.940001000000,27.139999000000,26.809999000000,27.049999000000
2022-08-10,27.480000000000,27.850000000000,27.420000000000,27.780001000000
2022-08-11,27.830000000000,27.924999000000,27.405001000000,27.690001000000
2022-08-12,27.805000000000,28.155001000000,27.709999000000,27.840000000000
2022-08-15,27.645000000000,28.150000000000,27.645000000000,28.070000000000
2022-08-16,28.025000000000,28.129999000000,27.805000000000,27.969999000000
2022-08-17,27.825001000000,28.184999000000,27.650000000000,28.010000000000
2022-08-18,28.000000000000,28.260000000000,27.885000000000,28.230000000000
2022-08-19,27.910000000000,27.985001000000,27.264999000000,27.545000000000
2022-08-22,26.930000000000,27.084999000000,26.545000000000,26.625000000000
2022-08-23,26.680000000000,27.070000000000,26.615000000000,26.825001000000
2022-08-24,26.934999000000,27.379999000000,26.885000000000,27.299999000000
2022-08-25,27.440001000000,27.780001000000,27.295000000000,27.730000000000
2022-08-26,27.655001000000,27.785000000000,26.295000000000,26.385000000000
2022-08-29,26.200001000000,26.600000000000,26.115000000000,26.459999000000
2022-08-30,26.540001000000,26.605000000000,26.014999000000,26.250000000000
2022-08-31,26.530001000000,26.705000000000,26.309999000000,26.485001000000
2022-09-01,26.280001000000,26.650000000000,25.920000000000,26.629999000000
2022-09-02,27.080000000000,27.240000000000,26.275000000000,26.510000000000
2022-09-06,26.785000000000,26.809999000000,26.135000000000,26.215000000000
2022-09-07,26.160000000000,26.969999000000,26.145000000000,26.915001000000
2022-09-08,26.695000000000,27.180000000000,26.575001000000,27.135000000000
2022-09-09,27.350000000000,27.504999000000,27.275000000000,27.285000000000
2022-09-12,27.520000000000,27.645000000000,27.165001000000,27.315001000000
2022-09-13,26.745001000000,26.930000000000,25.900000000000,26.135000000000
2022-09-14,26.160000000000,26.305000000000,25.915001000000,26.155001000000
2022-09-15,26.105000000000,26.500000000000,26.065001000000,26.184999000000
2022-09-16,25.865000000000,26.275000000000,25.530001000000,26.209999000000
2022-09-19,25.975000000000,26.690001000000,25.945000000000,26.584999000000
2022-09-20,26.320000000000,26.424999000000,25.980000000000,26.165001000000
2022-09-21,26.360001000000,26.610001000000,25.735001000000,25.735001000000
2022-09-22,25.840000000000,26.040001000000,25.545000000000,25.780001000000
2022-09-23,25.500000000000,25.530001000000,24.415001000000,25.014999000000
2022-09-26,24.760000000000,25.245001000000,24.469999000000,24.584999000000
2022-09-27,24.895000000000,24.965000000000,24.090000000000,24.405001000000
2022-09-28,24.485001000000,25.045000000000,24.285000000000,24.889999000000
2022-09-29,24.565001000000,24.580000000000,24.000000000000,24.545000000000
2022-09-30,24.465000000000,24.905001000000,24.245001000000,24.295000000000
2022-10-03,24.635000000000,25.040001000000,24.525000000000,24.809999000000
2022-10-04,25.299999000000,25.400000000000,25.100000000000,25.254999000000
2022-10-05,25.070000000000,25.285000000000,24.785000000000,25.205000000000
2022-10-06,25.260000000000,25.355000000000,24.760000000000,24.809999000000
2022-10-07,24.655001000000,24.705000000000,24.215000000000,24.315001000000
2022-10-10,24.254999000000,24.260000000000,23.719999000000,24.020000000000
2022-10-11,23.959999000000,24.225000000000,23.670000000000,23.815001000000
2022-10-12,23.900000000000,24.080000000000,23.809999000000,23.940001000000
2022-10-13,23.770000000000,24.400000000000,23.735001000000,24.295000000000
2022-10-14,24.535000000000,24.610001000000,23.785000000000,24.014999000000
2022-10-17,24.385000000000,24.584999000000,24.305000000000,24.325001000000
2022-10-18,24.584999000000,24.635000000000,24.260000000000,24.570000000000
2022-10-19,24.495001000000,24.650000000000,24.280001000000,24.480000000000
2022-10-20,24.575001000000,24.885000000000,24.459999000000,24.620001000000
2022-10-21,24.719999000000,24.950001000000,24.635000000000,24.660000000000
2022-10-24,24.805000000000,24.924999000000,24.514999000000,24.879999000000
2022-10-25,24.870001000000,25.405001000000,24.840000000000,25.379999000000
2022-10-26,25.275000000000,25.725000000000,25.260000000000,25.665001000000
2022-10-27,25.750000000000,25.990000000000,25.670000000000,25.924999000000
2022-10-28,25.934999000000,26.344999000000,25.910000000000,26.230000000000
2022-10-31,26.145000000000,26.465000000000,26.129999000000,26.440001000000
2022-11-01,26.719999000000,26.719999000000,26.370001000000,26.584999000000
2022-11-02,26.455000000000,26.709999000000,26.155001000000,26.240000000000
2022-11-03,26.030001000000,26.605000000000,25.889999000000,26.520000000000
2022-11-04,26.754999000000,27.045000000000,26.375000000000,26.700001000000
2022-11-07,26.790001000000,26.945000000000,26.620001000000,26.830000000000
2022-11-08,26.940001000000,26.945000000000,26.295000000000,26.434999000000
2022-11-09,26.420000000000,26.420000000000,25.920000000000,26.030001000000
2022-11-10,26.775000000000,27.020000000000,26.645000000000,26.745001000000
2022-11-11,26.615000000000,26.924999000000,26.530001000000,26.895000000000
2022-11-14,26.889999000000,27.264999000000,26.855000000000,26.889999000000
2022-11-15,27.235001000000,27.245001000000,26.344999000000,26.760000000000
2022-11-16,26.915001000000,27.110001000000,26.830000000000,27.080000000000
2022-11-17,26.735001000000,27.254999000000,26.735001000000,27.219999000000
2022-11-18,27.360001000000,27.389999000000,27.075001000000,27.379999000000
2022-11-21,27.305000000000,27.770000000000,27.305000000000,27.730000000000
2022-11-22,27.834999000000,28.254999000000,27.834999000000,28.225000000000
2022-11-23,28.190001000000,28.555000000000,28.139999000000,28.525000000000
2022-11-25,28.360001000000,28.540001000000,28.350000000000,28.465000000000
2022-11-28,28.155001000000,28.340000000000,27.815001000000,27.934999000000
2022-11-29,28.004999000000,28.200001000000,27.855000000000,28.150000000000
2022-11-30,28.129999000000,28.785000000000,27.895000000000,28.680000000000
2022-12-01,28.719999000000,28.950001000000,28.410000000000,28.930000000000
2022-12-02,28.600000000000,29.235001000000,28.600000000000,29.215000000000
2022-12-05,29.004999000000,29.235001000000,28.645000000000,28.924999000000
2022-12-06,29.049999000000,29.155001000000,28.385000000000,28.545000000000
2022-12-07,28.440001000000,28.545000000000,28.190001000000,28.330000000000
2022-12-08,28.309999000000,28.684999000000,28.174999000000,28.594999000000
2022-12-09,28.520000000000,28.629999000000,28.230000000000,28.264999000000
2022-12-12,28.290001000000,28.504999000000,28.209999000000,28.334999000000
2022-12-13,29.170000000000,29.205000000000,28.440001000000,28.959999000000
2022-12-14,29.010000000000,29.535000000000,28.815001000000,29.469999000000
2022-12-15,29.150000000000,29.285000000000,28.184999000000,28.510000000000
2022-12-16,28.260000000000,28.660000000000,28.045000000000,28.455000000000
2022-12-19,28.565001000000,29.065001000000,28.549999000000,28.825001000000
2022-12-20,28.775000000000,29.115000000000,28.555000000000,28.955000000000
2022-12-21,29.280001000000,29.580000000000,29.230000000000,29.469999000000
2022-12-22,29.375000000000,29.455000000000,27.985001000000,28.674999000000
2022-12-23,28.735001000000,29.190001000000,28.584999000000,29.105000000000
2022-12-27,29.040001000000,29.205000000000,28.815001000000,29.100000000000
2022-12-28,29.230000000000,29.500000000000,29.059999000000,29.135000000000
2022-12-29,29.334999000000,29.510000000000,29.290001000000,29.320000000000
2022-12-30,29.129999000000,29.355000000000,29.004999000000,29.340000000000
2023-01-03,29.485001000000,29.580000000000,28.955000000000,29.434999000000
2023-01-04,29.584999000000,29.910000000000,29.469999000000,29.895000000000
2023-01-05,29.709999000000,29.855000000000,29.525000000000,29.775000000000
2023-01-06,30.059999000000,30.350000000000,29.885000000000,30.135000000000
2023-01-09,30.230000000000,30.365000000000,29.900000000000,30.004999000000
2023-01-10,29.995001000000,30.730000000000,29.995001000000,30.700001000000
2023-01-11,30.780001000000,30.790001000000,30.530001000000,30.605000000000
2023-01-12,30.934999000000,31.405001000000,30.700001000000,31.360001000000
2023-01-13,31.275000000000,31.920000000000,31.275000000000,31.764999000000
2023-01-17,31.530001000000,31.795000000000,31.385000000000,31.620001000000
2023-01-18,31.855000000000,31.910000000000,30.969999000000,31.100000000000
2023-01-19,30.690001000000,31.225000000000,30.490000000000,31.000000000000
2023-01-20,31.100000000000,31.629999000000,30.950001000000,31.514999000000
2023-01-23,31.594999000000,31.785000000000,31.480000000000,31.719999000000
2023-01-24,31.590000000000,32.375000000000,31.580000000000,32.299999000000
2023-01-25,31.825001000000,32.355000000000,31.290001000000,32.290001000000
2023-01-26,32.500000000000,32.610001000000,32.160000000000,32.500000000000
2023-01-27,32.505001000000,33.095001000000,32.474998000000,32.805000000000
2023-01-30,32.384998000000,32.505001000000,32.049999000000,32.360001000000
2023-01-31,32.320000000000,32.845001000000,32.244999000000,32.715000000000
2023-02-01,32.740002000000,33.415001000000,32.349998000000,33.259998000000
2023-02-02,33.584999000000,33.735001000000,32.389999000000,32.880001000000
2023-02-03,32.400002000000,32.900002000000,32.145000000000,32.700001000000
2023-02-06,32.490002000000,32.654999000000,32.235001000000,32.349998000000
2023-02-07,32.205002000000,32.980000000000,32.180000000000,32.834999000000
2023-02-08,32.630001000000,32.884998000000,31.895000000000,32.185001000000
2023-02-09,32.439999000000,32.645000000000,31.639999000000,31.719999000000
2023-02-10,31.400000000000,31.645000000000,31.100000000000,31.430000000000
2023-02-13,31.780001000000,32.154999000000,31.715000000000,32.025002000000
2023-02-14,32.320000000000,32.895000000000,32.119999000000,32.695000000000
2023-02-15,32.610001000000,33.055000000000,32.599998000000,33.025002000000
2023-02-16,32.549999000000,32.915001000000,32.115002000000,32.139999000000
2023-02-17,31.805000000000,32.150002000000,31.490000000000,32.095001000000
2023-02-21,31.365000000000,31.565001000000,30.770000000000,30.900000000000
2023-02-22,30.860001000000,31.430000000000,30.670000000000,31.355000000000
2023-02-23,31.684999000000,31.975000000000,31.180000000000,31.860001000000
2023-02-24,31.320000000000,31.400000000000,30.860001000000,31.305000000000
2023-02-27,31.680000000000,32.020000000000,31.680000000000,31.865000000000
2023-02-28,31.945000000000,32.384998000000,31.885000000000,32.244999000000
2023-03-01,32.134998000000,32.375000000000,31.695000000000,32.044998000000
2023-03-02,31.785000000000,32.665001000000,31.750000000000,32.639999000000
2023-03-03,32.830002000000,33.209999000000,32.750000000000,33.160000000000
2023-03-06,33.259998000000,33.494999000000,33.224998000000,33.415001000000
2023-03-07,33.330002000000,33.680000000000,32.939999000000,33.044998000000
2023-03-08,33.000000000000,33.424999000000,32.919998000000,33.320000000000
2023-03-09,33.525002000000,33.615002000000,31.495001000000,31.580000000000
2023-03-10,31.215000000000,31.485001000000,28.260000000000,29.825001000000
2023-03-13,28.320000000000,29.735001000000,27.955000000000,29.355000000000
2023-03-14,30.420000000000,31.010000000000,29.745001000000,30.245001000000
2023-03-15,28.920000000000,29.405001000000,27.580000000000,29.094999000000
2023-03-16,28.620001000000,30.379999000000,28.510000000000,30.344999000000
2023-03-17,29.870001000000,30.129999000000,28.445000000000,28.690001000000
2023-03-20,28.695000000000,29.434999000000,28.465000000000,29.385000000000
2023-03-21,30.080000000000,30.719999000000,30.075001000000,30.670000000000
2023-03-22,30.770000000000,31.235001000000,30.059999000000,30.059999000000
2023-03-23,30.565001000000,31.090000000000,29.430000000000,29.709999000000
2023-03-24,29.250000000000,30.295000000000,28.635000000000,30.290001000000
2023-03-27,30.610001000000,30.950001000000,30.370001000000,30.855000000000
2023-03-28,30.844999000000,31.285000000000,30.735001000000,31.240000000000
2023-03-29,31.670000000000,31.870001000000,31.500000000000,31.795000000000
2023-03-30,31.840000000000,31.915001000000,31.235001000000,31.799999000000
2023-03-31,31.844999000000,32.084999000000,31.775000000000,31.875000000000
2023-04-03,31.875000000000,32.285000000000,31.565001000000,32.250000000000
2023-04-04,32.119999000000,32.189999000000,31.485001000000,31.975000000000
2023-04-05,31.879999000000,32.134998000000,31.555000000000,32.105000000000
2023-04-06,31.980000000000,32.520000000000,31.825001000000,32.384998000000
2023-04-10,32.165001000000,32.639999000000,32.130001000000,32.570000000000
2023-04-11,32.709999000000,32.945000000000,32.610001000000,32.764999000000
2023-04-12,33.000000000000,33.095001000000,32.490002000000,32.625000000000
2023-04-13,32.910000000000,33.290001000000,32.904999000000,33.209999000000
2023-04-14,33.160000000000,33.520000000000,33.009998000000,33.520000000000
2023-04-17,33.560001000000,34.055000000000,33.560001000000,33.985001000000
2023-04-18,34.044998000000,34.250000000000,33.825001000000,34.134998000000
2023-04-19,33.970001000000,34.334999000000,33.919998000000,34.130001000000
2023-04-20,33.764999000000,34.209999000000,33.630001000000,33.790001000000
2023-04-21,33.924999000000,34.145000000000,33.599998000000,34.105000000000
2023-04-24,34.110001000000,34.220001000000,33.865002000000,34.189999000000
2023-04-25,33.900002000000,34.084999000000,32.660000000000,32.764999000000
2023-04-26,33.060001000000,33.645000000000,32.880001000000,33.205002000000
2023-04-27,33.755001000000,34.130001000000,33.730000000000,33.895000000000
2023-04-28,34.014999000000,34.650002000000,34.014999000000,34.650002000000
2023-05-01,34.750000000000,35.299999000000,34.720001000000,34.884998000000
2023-05-02,34.580002000000,34.580002000000,32.900002000000,34.115002000000
2023-05-03,33.994999000000,34.474998000000,33.555000000000,33.580002000000
2023-05-04,33.279999000000,33.395000000000,32.290001000000,32.805000000000
2023-05-05,33.445000000000,34.154999000000,33.404999000000,34.075001000000
2023-05-08,34.189999000000,34.400002000000,33.945000000000,34.375000000000
2023-05-09,34.115002000000,34.220001000000,33.900002000000,34.035000000000
2023-05-10,34.549999000000,34.724998000000,33.750000000000,34.465000000000
2023-05-11,34.285000000000,34.715000000000,33.884998000000,34.700001000000
2023-05-12,34.849998000000,34.959999000000,34.224998000000,34.680000000000
2023-05-15,34.805000000000,35.130001000000,34.595001000000,35.125000000000
2023-05-16,34.904999000000,35.125000000000,34.575001000000,34.605000000000
2023-05-17,35.014999000000,35.259998000000,34.810001000000,35.174999000000
2023-05-18,35.220001000000,35.910000000000,35.174999000000,35.910000000000
2023-05-19,36.014999000000,36.125000000000,35.025002000000,35.404999000000
2023-05-22,35.384998000000,35.709999000000,35.014999000000,35.410000000000
2023-05-23,35.195000000000,35.619999000000,34.820000000000,35.060001000000
2023-05-24,34.650002000000,34.669998000000,34.200001000000,34.404999000000
2023-05-25,34.855000000000,34.965000000000,34.490002000000,34.755001000000
2023-05-26,35.200001000000,35.910000000000,35.165001000000,35.480000000000
2023-05-30,36.110001000000,36.235001000000,35.380001000000,35.959999000000
2023-05-31,35.785000000000,36.240002000000,35.544998000000,36.084999000000
2023-06-01,36.360001000000,37.154999000000,36.279999000000,37.134998000000
2023-06-02,37.610001000000,38.044998000000,37.439999000000,37.814999000000
2023-06-05,37.865002000000,38.299999000000,37.785000000000,38.270000000000
2023-06-06,38.395000000000,39.439999000000,38.299999000000,39.389999000000
2023-06-07,39.285000000000,39.424999000000,38.974998000000,39.325001000000
2023-06-08,39.299999000000,39.994999000000,39.160000000000,39.820000000000
2023-06-09,39.820000000000,39.959999000000,39.415001000000,39.660000000000
2023-06-12,39.529999000000,39.730000000000,39.325001000000,39.595001000000
2023-06-13,39.869999000000,39.985001000000,39.544998000000,39.654999000000
2023-06-14,39.735001000000,40.279999000000,39.695000000000,40.279999000000
2023-06-15,40.404999000000,40.459999000000,39.715000000000,39.724998000000
2023-06-16,39.695000000000,40.450001000000,39.610001000000,40.419998000000
2023-06-20,40.275002000000,40.415001000000,39.919998000000,40.415001000000
2023-06-21,40.615002000000,40.915001000000,40.485001000000,40.840000000000
2023-06-22,40.630001000000,41.480000000000,40.590000000000,41.330002000000
2023-06-23,40.830002000000,41.369999000000,40.590000000000,41.029999000000
2023-06-26,41.055000000000,41.549999000000,41.025002000000,41.084999000000
2023-06-27,41.270000000000,42.044998000000,41.270000000000,41.674999000000
2023-06-28,41.735001000000,42.400002000000,41.735001000000,42.395000000000
2023-06-29,42.330002000000,42.330002000000,41.845001000000,41.935001000000
2023-06-30,42.250000000000,42.525002000000,42.099998000000,42.340000000000
2023-07-03,42.365002000000,42.514999000000,42.189999000000,42.380001000000
2023-07-05,42.115002000000,42.410000000000,42.049999000000,42.130001000000
2023-07-06,41.139999000000,41.185001000000,39.009998000000,41.040001000000
2023-07-07,40.810001000000,41.785000000000,40.759998000000,41.424999000000
2023-07-10,41.435001000000,41.724998000000,41.189999000000,41.665001000000
2023-07-11,42.035000000000,42.195000000000,41.520000000000,41.860001000000
2023-07-12,42.535000000000,43.055000000000,42.520000000000,43.029999000000
2023-07-13,43.419998000000,43.580002000000,42.849998000000,42.884998000000
2023-07-14,42.900002000000,43.285000000000,42.599998000000,43.139999000000
2023-07-17,43.060001000000,43.590000000000,43.060001000000,43.205002000000
2023-07-18,43.224998000000,43.645000000000,43.195000000000,43.419998000000
2023-07-19,43.759998000000,43.790001000000,42.935001000000,43.095001000000
2023-07-20,42.955002000000,43.369999000000,42.715000000000,43.115002000000
2023-07-21,43.395000000000,43.759998000000,43.224998000000,43.345001000000
2023-07-24,43.445000000000,43.935001000000,43.389999000000,43.724998000000
2023-07-25,43.750000000000,44.195000000000,43.654999000000,43.770000000000
2023-07-26,43.459999000000,44.395000000000,43.459999000000,44.345001000000
2023-07-27,44.755001000000,44.799999000000,42.730000000000,43.240002000000
2023-07-28,44.055000000000,44.314999000000,43.525002000000,44.110001000000
2023-07-31,44.185001000000,44.439999000000,43.895000000000,44.439999000000
2023-08-01,43.799999000000,44.075001000000,43.575001000000,44.070000000000
2023-08-02,42.625000000000,42.724998000000,41.445000000000,42.055000000000
2023-08-03,41.314999000000,42.415001000000,40.974998000000,42.105000000000
2023-08-04,42.869999000000,43.255001000000,41.250000000000,41.424999000000
2023-08-07,41.904999000000,42.529999000000,41.689999000000,42.509998000000
2023-08-08,41.615002000000,42.145000000000,40.130001000000,42.064999000000
2023-08-09,42.310001000000,42.759998000000,41.415001000000,42.264999000000
2023-08-10,42.974998000000,43.455002000000,41.590000000000,42.185001000000
2023-08-11,41.805000000000,43.110001000000,41.700001000000,43.009998000000
2023-08-14,42.759998000000,43.480000000000,42.384998000000,43.395000000000
2023-08-15,43.095001000000,43.095001000000,41.955002000000,42.145000000000
2023-08-16,42.230000000000,42.805000000000,41.799999000000,41.814999000000
2023-08-17,42.145000000000,42.250000000000,40.830002000000,40.830002000000
2023-08-18,40.215000000000,41.540001000000,40.110001000000,41.340000000000
2023-08-21,41.595001000000,42.009998000000,41.224998000000,41.889999000000
2023-08-22,42.355000000000,42.365002000000,41.459999000000,41.810001000000
2023-08-23,42.090000000000,42.595001000000,42.044998000000,42.509998000000
2023-08-24,42.820000000000,42.955002000000,41.599998000000,41.695000000000
2023-08-25,41.974998000000,42.779999000000,41.435001000000,42.595001000000
2023-08-28,43.000000000000,43.465000000000,42.935001000000,43.419998000000
2023-08-29,43.500000000000,44.200001000000,43.470001000000,43.990002000000
2023-08-30,44.224998000000,44.794998000000,44.055000000000,44.705002000000
2023-08-31,44.744999000000,45.279999000000,44.700001000000,45.174999000000
2023-09-01,45.514999000000,45.715000000000,45.279999000000,45.474998000000
2023-09-05,45.389999000000,45.685001000000,45.035000000000,45.294998000000
2023-09-06,45.209999000000,45.349998000000,44.435001000000,44.915001000000
2023-09-07,44.244999000000,45.115002000000,43.974998000000,44.950001000000
2023-09-08,44.985001000000,45.779999000000,44.985001000000,45.410000000000
2023-09-11,45.849998000000,46.090000000000,45.529999000000,45.970001000000
2023-09-12,45.735001000000,46.255001000000,45.645000000000,45.834999000000
2023-09-13,46.020000000000,46.439999000000,45.974998000000,46.240002000000
2023-09-14,46.610001000000,47.029999000000,46.544998000000,46.980000000000
2023-09-15,46.830002000000,47.084999000000,45.994999000000,46.110001000000
2023-09-18,45.814999000000,46.625000000000,45.634998000000,46.255001000000
2023-09-19,46.264999000000,46.529999000000,45.709999000000,46.415001000000
2023-09-20,46.785000000000,46.939999000000,45.465000000000,45.514999000000
2023-09-21,44.480000000000,44.985001000000,43.724998000000,43.730000000000
2023-09-22,43.880001000000,44.505001000000,43.619999000000,43.715000000000
2023-09-25,43.134998000000,43.845001000000,42.880001000000,43.695000000000
2023-09-26,43.220001000000,43.465000000000,41.549999000000,41.720001000000
2023-09-27,42.290001000000,42.580002000000,41.349998000000,42.564999000000
2023-09-28,42.560001000000,43.720001000000,42.314999000000,43.549999000000
2023-09-29,44.389999000000,44.525002000000,43.084999000000,43.169998000000
2023-10-02,43.070000000000,43.665001000000,42.615002000000,43.080002000000
2023-10-03,42.480000000000,42.849998000000,40.700001000000,41.055000000000
2023-10-04,41.450001000000,42.185001000000,41.145000000000,42.134998000000
2023-10-05,42.099998000000,42.410000000000,41.160000000000,42.384998000000
2023-10-06,41.720001000000,43.125000000000,41.235001000000,42.705002000000
2023-10-09,41.904999000000,43.005001000000,41.674999000000,43.000000000000
2023-10-10,43.250000000000,43.994999000000,43.209999000000,43.695000000000
2023-10-11,43.970001000000,44.244999000000,42.980000000000,44.075001000000
2023-10-12,44.365002000000,44.825001000000,42.730000000000,43.650002000000
2023-10-13,43.735001000000,43.830002000000,40.465000000000,41.040001000000
2023-10-16,41.814999000000,42.994999000000,41.730000000000,42.990002000000
2023-10-17,42.125000000000,43.285000000000,41.915001000000,42.410000000000
2023-10-18,41.889999000000,42.035000000000,40.735001000000,41.035000000000
2023-10-19,41.334999000000,41.639999000000,39.924999000000,40.009998000000
2023-10-20,40.000000000000,40.465000000000,39.525002000000,39.915001000000
2023-10-23,39.529999000000,41.224998000000,39.220001000000,40.595001000000
2023-10-24,41.125000000000,41.584999000000,40.584999000000,41.490002000000
2023-10-25,41.400002000000,41.415001000000,39.674999000000,40.180000000000
2023-10-26,40.169998000000,40.500000000000,39.410000000000,40.035000000000
2023-10-27,40.400002000000,40.660000000000,39.244999000000,39.355000000000
2023-10-30,40.084999000000,40.855000000000,40.084999000000,40.794998000000
2023-10-31,40.965000000000,42.174999000000,40.755001000000,42.110001000000
2023-11-01,42.294998000000,43.165001000000,42.294998000000,43.060001000000
2023-11-02,43.535000000000,43.814999000000,43.195000000000,43.799999000000
2023-11-03,44.174999000000,44.485001000000,44.055000000000,44.290001000000
2023-11-06,44.595001000000,45.105000000000,44.455002000000,45.064999000000
2023-11-07,45.115002000000,45.355000000000,44.904999000000,45.205002000000
2023-11-08,45.485001000000,45.740002000000,44.950001000000,45.639999000000
2023-11-09,45.849998000000,45.939999000000,44.549999000000,44.755001000000
2023-11-10,45.154999000000,45.860001000000,45.099998000000,45.660000000000
2023-11-13,45.474998000000,46.150002000000,45.389999000000,45.935001000000
2023-11-14,46.689999000000,46.810001000000,46.060001000000,46.064999000000
2023-11-15,46.505001000000,46.689999000000,46.314999000000,46.580002000000
2023-11-16,46.634998000000,47.000000000000,46.490002000000,46.910000000000
2023-11-17,47.049999000000,47.395000000000,46.860001000000,47.320000000000
2023-11-20,47.474998000000,47.759998000000,47.430000000000,47.494999000000
2023-11-21,47.455002000000,48.090000000000,47.424999000000,47.980000000000
2023-11-22,48.345001000000,48.369999000000,47.575001000000,47.805000000000
2023-11-24,47.950001000000,48.939999000000,47.900002000000,48.790001000000
2023-11-27,48.685001000000,48.849998000000,48.634998000000,48.705002000000
2023-11-28,48.810001000000,49.160000000000,48.599998000000,49.025002000000
2023-11-29,49.224998000000,49.279999000000,48.560001000000,48.680000000000
2023-11-30,48.764999000000,49.095001000000,48.500000000000,49.009998000000
2023-12-01,49.180000000000,49.439999000000,49.035000000000,49.115002000000
2023-12-04,48.790001000000,49.095001000000,48.279999000000,49.055000000000
2023-12-05,48.950001000000,49.275002000000,48.915001000000,49.230000000000
2023-12-06,49.520000000000,49.660000000000,48.990002000000,49.145000000000
2023-12-07,49.240002000000,49.310001000000,49.000000000000,49.139999000000
2023-12-08,49.365002000000,49.895000000000,49.345001000000,49.785000000000
2023-12-11,49.910000000000,50.470001000000,49.875000000000,50.445000000000
2023-12-12,50.735001000000,51.325001000000,50.639999000000,51.154999000000
2023-12-13,51.340000000000,51.619999000000,50.930000000000,51.544998000000
2023-12-14,51.755001000000,51.799999000000,50.840000000000,51.544998000000
2023-12-15,51.424999000000,51.634998000000,50.680000000000,50.810001000000
2023-12-18,50.860001000000,50.900002000000,50.625000000000,50.779999000000
2023-12-19,50.595001000000,50.715000000000,50.290001000000,50.395000000000
2023-12-20,50.540001000000,50.625000000000,48.500000000000,48.825001000000
2023-12-21,49.145000000000,49.570000000000,48.619999000000,49.294998000000
2023-12-22,49.500000000000,49.990002000000,48.950001000000,49.990002000000
2023-12-26,50.095001000000,50.695000000000,49.924999000000,50.634998000000
2023-12-27,50.805000000000,51.709999000000,50.805000000000,51.685001000000
2023-12-28,51.825001000000,51.889999000000,51.435001000000,51.755001000000
2023-12-29,51.775002000000,51.955002000000,51.084999000000,51.700001000000
2024-01-02,51.075001000000,51.895000000000,50.590000000000,51.709999000000
2024-01-03,51.294998000000,51.660000000000,50.369999000000,50.814999000000
2024-01-04,50.779999000000,51.345001000000,50.715000000000,50.889999000000
2024-01-05,51.025002000000,51.915001000000,51.025002000000,51.689999000000
2024-01-08,51.744999000000,52.625000000000,51.610001000000,52.285000000000
2024-01-09,52.025002000000,52.990002000000,52.014999000000,52.895000000000
2024-01-10,53.145000000000,53.345001000000,53.000000000000,53.160000000000
2024-01-11,53.474998000000,53.650002000000,52.380001000000,53.299999000000
2024-01-12,53.474998000000,53.474998000000,52.810001000000,52.939999000000
2024-01-16,52.299999000000,52.634998000000,51.465000000000,52.064999000000
2024-01-17,51.279999000000,51.680000000000,50.445000000000,51.055000000000
2024-01-18,51.665001000000,52.040001000000,51.105000000000,51.930000000000
2024-01-19,52.410000000000,52.799999000000,52.299999000000,52.584999000000
2024-01-22,52.875000000000,53.595001000000,52.755001000000,53.494999000000
2024-01-23,53.830002000000,54.299999000000,53.779999000000,54.244999000000
2024-01-24,54.485001000000,54.549999000000,53.555000000000,53.584999000000
2024-01-25,53.705002000000,53.790001000000,53.189999000000,53.224998000000
2024-01-26,53.360001000000,53.775002000000,53.139999000000,53.455002000000
2024-01-29,53.430000000000,53.544998000000,52.965000000000,53.259998000000
2024-01-30,53.445000000000,53.750000000000,53.380001000000,53.669998000000
2024-01-31,53.580002000000,53.700001000000,52.095001000000,52.305000000000
2024-02-01,52.715000000000,53.064999000000,52.049999000000,52.509998000000
2024-02-02,52.584999000000,53.055000000000,52.365002000000,52.605000000000
2024-02-05,52.884998000000,53.695000000000,52.299999000000,53.650002000000
2024-02-06,53.875000000000,54.349998000000,53.605000000000,54.314999000000
2024-02-07,54.580002000000,54.615002000000,54.180000000000,54.404999000000
2024-02-08,54.439999000000,54.669998000000,54.105000000000,54.630001000000
2024-02-09,54.700001000000,54.945000000000,54.334999000000,54.430000000000
2024-02-12,54.590000000000,54.665001000000,53.529999000000,53.830002000000
2024-02-13,52.990002000000,53.189999000000,50.090000000000,51.775002000000
2024-02-14,52.915001000000,53.384998000000,52.400002000000,53.290001000000
2024-02-15,53.580002000000,53.695000000000,52.959999000000,53.430000000000
2024-02-16,53.305000000000,54.029999000000,53.090000000000,53.575001000000
2024-02-20,53.180000000000,53.275002000000,51.965000000000,52.665001000000
2024-02-21,52.500000000000,52.970001000000,52.299999000000,52.889999000000
2024-02-22,53.965000000000,54.264999000000,53.369999000000,53.465000000000
2024-02-23,53.849998000000,54.450001000000,53.700001000000,54.384998000000
2024-02-26,54.650002000000,54.840000000000,54.575001000000,54.689999000000
2024-02-27,54.985001000000,55.275002000000,54.900002000000,55.230000000000
2024-02-28,55.044998000000,55.115002000000,54.575001000000,54.790001000000
2024-02-29,55.250000000000,55.310001000000,54.564999000000,55.180000000000
2024-03-01,55.395000000000,55.610001000000,54.930000000000,55.145000000000
2024-03-04,55.154999000000,55.330002000000,55.005001000000,55.169998000000
2024-03-05,54.855000000000,54.915001000000,53.215000000000,54.029999000000
2024-03-06,54.735001000000,54.830002000000,53.735001000000,53.970001000000
2024-03-07,54.560001000000,54.584999000000,53.790001000000,54.110001000000
2024-03-08,54.450001000000,54.669998000000,52.500000000000,53.439999000000
2024-03-11,53.290001000000,53.939999000000,52.700001000000,53.689999000000
2024-03-12,54.355000000000,55.084999000000,53.990002000000,55.029999000000
2024-03-13,55.084999000000,55.320000000000,54.915001000000,55.215000000000
2024-03-14,55.355000000000,55.509998000000,53.355000000000,54.485001000000
2024-03-15,54.005001000000,54.349998000000,52.889999000000,53.974998000000
2024-03-18,54.349998000000,54.775002000000,54.314999000000,54.564999000000
2024-03-19,54.575001000000,55.355000000000,54.369999000000,55.325001000000
2024-03-20,55.325001000000,56.064999000000,55.209999000000,55.959999000000
2024-03-21,56.250000000000,56.435001000000,55.820000000000,56.165001000000
2024-03-22,55.980000000000,56.514999000000,55.915001000000,56.075001000000
2024-03-25,56.060001000000,56.500000000000,56.020000000000,56.224998000000
2024-03-26,56.525002000000,56.840000000000,56.365002000000,56.384998000000
2024-03-27,56.750000000000,56.915001000000,56.224998000000,56.869999000000
2024-03-28,56.910000000000,56.980000000000,56.320000000000,56.369999000000
2024-04-01,56.395000000000,56.575001000000,55.700001000000,56.180000000000
2024-04-02,55.235001000000,55.424999000000,54.349998000000,55.369999000000
2024-04-03,55.029999000000,55.900002000000,54.845001000000,55.544998000000
2024-04-04,56.064999000000,56.320000000000,53.470001000000,54.325001000000
2024-04-05,53.884998000000,54.750000000000,53.500000000000,53.779999000000
2024-04-08,54.365002000000,55.084999000000,54.125000000000,54.855000000000
2024-04-09,55.119999000000,55.224998000000,53.884998000000,55.064999000000
2024-04-10,54.340000000000,54.705002000000,53.529999000000,54.584999000000
2024-04-11,54.580002000000,55.230000000000,53.459999000000,55.080002000000
2024-04-12,53.869999000000,53.869999000000,51.310001000000,52.779999000000
2024-04-15,53.340000000000,53.820000000000,51.150002000000,51.270000000000
2024-04-16,51.430000000000,52.599998000000,51.200001000000,52.080002000000
2024-04-17,52.310001000000,52.820000000000,51.270000000000,52.410000000000
2024-04-18,52.709999000000,53.070000000000,51.830002000000,52.119999000000
2024-04-19,52.070000000000,52.590000000000,51.099998000000,51.480000000000
2024-04-22,52.529999000000,53.799999000000,52.470001000000,53.459999000000
2024-04-23,54.099998000000,54.700001000000,53.959999000000,54.509998000000
2024-04-24,54.730000000000,54.880001000000,54.090000000000,54.840000000000
2024-04-25,53.270000000000,54.389999000000,52.889999000000,54.209999000000
2024-04-26,55.060001000000,55.270000000000,54.770000000000,55.130001000000
2024-04-29,55.380001000000,55.799999000000,55.040001000000,55.590000000000
2024-04-30,55.509998000000,55.849998000000,54.730000000000,54.779999000000
2024-05-01,54.439999000000,55.840000000000,54.290001000000,54.610001000000
2024-05-02,55.240002000000,55.660000000000,54.480000000000,55.520000000000
2024-05-03,56.509998000000,56.639999000000,56.009998000000,56.529999000000
2024-05-06,56.959999000000,57.299999000000,56.930000000000,57.200001000000
2024-05-07,57.439999000000,57.450001000000,57.169998000000,57.410000000000
2024-05-08,57.380001000000,57.730000000000,57.349998000000,57.630001000000
2024-05-09,57.660000000000,57.860001000000,57.389999000000,57.830002000000
2024-05-10,57.910000000000,58.250000000000,57.750000000000,58.250000000000
2024-05-13,58.320000000000,58.340000000000,57.770000000000,57.930000000000
2024-05-14,57.880001000000,58.520000000000,57.740002000000,58.349998000000
2024-05-15,59.000000000000,59.560001000000,58.750000000000,59.549999000000
2024-05-16,59.509998000000,59.660000000000,59.279999000000,59.619999000000
2024-05-17,59.599998000000,60.020000000000,59.490002000000,59.910000000000
2024-05-20,59.959999000000,60.279999000000,59.730000000000,59.900002000000
2024-05-21,59.900002000000,60.570000000000,59.860001000000,60.450001000000
2024-05-22,60.389999000000,60.660000000000,59.490002000000,59.840000000000
2024-05-23,60.500000000000,60.590000000000,59.060001000000,59.410000000000
2024-05-24,59.590000000000,60.450001000000,59.540001000000,60.340000000000
2024-05-28,60.450001000000,60.470001000000,59.150002000000,59.700001000000
2024-05-29,58.380001000000,59.049999000000,58.250000000000,58.549999000000
2024-05-30,58.480000000000,59.160000000000,58.070000000000,58.630001000000
2024-05-31,59.099998000000,59.610001000000,57.860001000000,59.540001000000
2024-06-03,59.880001000000,59.980000000000,58.599998000000,59.759998000000
2024-06-04,59.200001000000,59.730000000000,58.750000000000,59.599998000000
2024-06-05,59.990002000000,60.270000000000,59.330002000000,60.189999000000
2024-06-06,60.419998000000,60.509998000000,60.040001000000,60.439999000000
2024-06-07,60.450001000000,60.950001000000,60.310001000000,60.730000000000
2024-06-10,60.310001000000,60.900002000000,60.119999000000,60.779999000000
2024-06-11,60.389999000000,60.889999000000,60.000000000000,60.750000000000
2024-06-12,61.459999000000,61.639999000000,61.150002000000,61.400002000000
2024-06-13,61.419998000000,61.599998000000,60.599998000000,61.400002000000
2024-06-14,60.680000000000,60.910000000000,59.860001000000,60.459999000000
2024-06-17,60.490002000000,61.020000000000,60.110001000000,60.669998000000
2024-06-18,61.000000000000,61.099998000000,60.500000000000,60.799999000000
2024-06-20,60.849998000000,60.900002000000,59.570000000000,59.990002000000
2024-06-21,59.619999000000,60.590000000000,59.250000000000,60.360001000000
2024-06-24,60.209999000000,60.889999000000,60.110001000000,60.470001000000
2024-06-25,60.619999000000,61.270000000000,60.389999000000,61.200001000000
2024-06-26,61.090000000000,61.529999000000,60.959999000000,61.459999000000
2024-06-27,61.540001000000,61.790001000000,61.439999000000,61.790001000000
2024-06-28,61.740002000000,61.950001000000,61.299999000000,61.389999000000
2024-07-01,61.709999000000,62.580002000000,61.560001000000,62.549999000000
2024-07-02,62.419998000000,63.049999000000,62.419998000000,62.959999000000
2024-07-03,63.000000000000,63.160000000000,62.740002000000,62.790001000000
2024-07-05,62.990002000000,63.000000000000,62.490002000000,62.740002000000
2024-07-08,63.180000000000,63.480000000000,63.130001000000,63.299999000000
2024-07-09,63.419998000000,63.500000000000,63.080002000000,63.259998000000
2024-07-10,63.330002000000,63.750000000000,63.189999000000,63.340000000000
2024-07-11,63.709999000000,63.770000000000,62.770000000000,63.220001000000
2024-07-12,63.730000000000,64.220001000000,63.680000000000,63.750000000000
2024-07-15,63.980000000000,64.129997000000,63.119999000000,63.220001000000
2024-07-16,63.410000000000,63.490002000000,62.970001000000,62.970001000000
2024-07-17,62.230000000000,62.619999000000,61.490002000000,61.889999000000
2024-07-18,62.660000000000,62.779999000000,60.560001000000,60.980000000000
2024-07-19,60.590000000000,60.950001000000,59.369999000000,59.709999000000
2024-07-22,60.279999000000,61.529999000000,60.209999000000,61.419998000000
2024-07-23,61.459999000000,62.060001000000,61.209999000000,61.590000000000
2024-07-24,60.709999000000,60.709999000000,57.110001000000,57.389999000000
2024-07-25,57.770000000000,58.939999000000,56.380001000000,57.160000000000
2024-07-26,58.110001000000,58.880001000000,57.869999000000,58.799999000000
2024-07-29,59.070000000000,59.540001000000,58.570000000000,59.279999000000
2024-07-30,59.480000000000,59.610001000000,57.369999000000,58.400002000000
2024-07-31,59.169998000000,60.200001000000,59.020000000000,59.209999000000
2024-08-01,59.299999000000,59.490002000000,55.459999000000,56.599998000000
2024-08-02,54.299999000000,54.660000000000,48.820000000000,49.919998000000
2024-08-05,39.200001000000,45.869999000000,38.599998000000,39.220001000000
2024-08-06,41.860001000000,45.220001000000,41.150002000000,43.040001000000
2024-08-07,46.139999000000,46.529999000000,43.130001000000,44.009998000000
2024-08-08,45.160000000000,45.990002000000,44.529999000000,45.730000000000
2024-08-09,46.009998000000,48.939999000000,45.529999000000,48.730000000000
2024-08-12,48.939999000000,50.480000000000,48.259998000000,48.900002000000
2024-08-13,49.320000000000,50.860001000000,49.320000000000,50.790001000000
2024-08-14,51.360001000000,52.529999000000,51.099998000000,52.520000000000
2024-08-15,53.220001000000,53.900002000000,52.840000000000,53.560001000000
2024-08-16,53.040001000000,53.730000000000,52.889999000000,53.470001000000
2024-08-19,53.560001000000,54.320000000000,53.439999000000,54.150002000000
2024-08-20,53.880001000000,54.029999000000,52.830002000000,52.959999000000
2024-08-21,53.080002000000,53.110001000000,51.959999000000,52.660000000000
2024-08-22,52.880001000000,52.980000000000,51.330002000000,51.540001000000
2024-08-23,52.200001000000,53.150002000000,51.889999000000,53.029999000000
2024-08-26,53.200001000000,53.270000000000,52.430000000000,53.049999000000
2024-08-27,52.720001000000,53.639999000000,52.509998000000,53.639999000000
2024-08-28,53.619999000000,53.689999000000,51.730000000000,52.119999000000
2024-08-29,52.900002000000,53.419998000000,52.639999000000,53.000000000000
2024-08-30,53.490002000000,53.919998000000,53.000000000000,53.779999000000
2024-09-03,53.209999000000,53.240002000000,47.389999000000,48.330002000000
2024-09-04,47.709999000000,49.330002000000,47.139999000000,47.759998000000
2024-09-05,48.180000000000,49.310001000000,47.880001000000,48.889999000000
2024-09-06,49.430000000000,49.720001000000,46.049999000000,47.180000000000
2024-09-09,47.700001000000,48.930000000000,47.439999000000,48.650002000000
2024-09-10,48.959999000000,49.220001000000,47.619999000000,49.180000000000
2024-09-11,49.500000000000,50.230000000000,47.189999000000,50.169998000000
2024-09-12,49.970001000000,50.459999000000,49.360001000000,50.400002000000
2024-09-13,50.250000000000,51.070000000000,50.220001000000,50.529999000000
2024-09-16,50.500000000000,50.500000000000,49.700001000000,50.279999000000
2024-09-17,50.310001000000,50.580002000000,49.400002000000,49.750000000000
2024-09-18,49.869999000000,51.139999000000,49.470001000000,49.950001000000
2024-09-19,50.900002000000,51.259998000000,50.580002000000,51.060001000000
2024-09-20,50.880001000000,51.520000000000,50.810001000000,51.160000000000
2024-09-23,51.419998000000,51.680000000000,50.869999000000,51.090000000000
2024-09-24,51.290001000000,51.430000000000,50.250000000000,51.070000000000
2024-09-25,50.930000000000,51.290001000000,50.689999000000,50.759998000000
2024-09-26,50.849998000000,50.990002000000,50.490002000000,50.759998000000
2024-09-27,50.790001000000,50.810001000000,49.529999000000,49.540001000000
2024-09-30,49.459999000000,50.169998000000,48.889999000000,50.110001000000
2024-10-01,50.200001000000,50.200001000000,47.869999000000,48.189999000000
2024-10-02,48.139999000000,48.680000000000,47.459999000000,48.549999000000
2024-10-03,47.939999000000,48.400002000000,47.310001000000,47.410000000000
2024-10-04,48.020000000000,48.470001000000,47.599998000000,48.360001000000
2024-10-07,47.900002000000,47.970001000000,46.009998000000,46.240002000000
2024-10-08,47.020000000000,47.410000000000,46.759998000000,47.099998000000
2024-10-09,47.259998000000,47.849998000000,47.180000000000,47.730000000000
2024-10-10,47.630001000000,47.660000000000,47.119999000000,47.459999000000
2024-10-11,47.349998000000,47.900002000000,47.349998000000,47.689999000000
2024-10-14,48.029999000000,48.820000000000,47.970001000000,48.549999000000
2024-10-15,48.990002000000,49.180000000000,47.680000000000,47.770000000000
2024-10-16,47.840000000000,48.169998000000,47.459999000000,48.029999000000
2024-10-17,48.209999000000,48.459999000000,47.950001000000,48.400002000000
2024-10-18,48.580002000000,49.029999000000,48.480000000000,48.970001000000
2024-10-21,48.840000000000,49.070000000000,48.320000000000,48.950001000000
2024-10-22,48.610001000000,49.209999000000,48.380001000000,49.040001000000
2024-10-23,48.730000000000,48.830002000000,47.169998000000,47.830002000000
2024-10-24,48.340000000000,48.380001000000,47.150002000000,48.250000000000
2024-10-25,48.500000000000,48.740002000000,47.060001000000,47.070000000000
2024-10-28,48.099998000000,48.529999000000,47.970001000000,48.189999000000
2024-10-29,48.130001000000,48.680000000000,47.980000000000,48.330002000000
2024-10-30,48.139999000000,48.500000000000,47.680000000000,47.750000000000
2024-10-31,47.130001000000,47.150002000000,45.869999000000,45.910000000000
2024-11-01,46.529999000000,47.080002000000,46.259998000000,46.299999000000
2024-11-04,46.570000000000,47.450001000000,46.419998000000,47.369999000000
2024-11-05,47.680000000000,48.639999000000,47.680000000000,48.599998000000
2024-11-06,51.250000000000,51.250000000000,50.060001000000,51.090000000000
2024-11-07,51.490002000000,51.970001000000,51.439999000000,51.889999000000
2024-11-08,51.860001000000,52.110001000000,51.500000000000,51.990002000000
2024-11-11,52.290001000000,52.470001000000,52.000000000000,52.060001000000
2024-11-12,51.950001000000,52.240002000000,51.430000000000,52.090000000000
2024-11-13,52.299999000000,52.820000000000,51.990002000000,52.700001000000
2024-11-14,52.860001000000,53.160000000000,52.540001000000,52.680000000000
2024-11-15,52.349998000000,52.450001000000,49.599998000000,50.820000000000
2024-11-18,51.049999000000,52.200001000000,50.869999000000,51.820000000000
2024-11-19,50.270000000000,51.580002000000,50.250000000000,50.900002000000
2024-11-20,50.889999000000,51.000000000000,49.070000000000,50.040001000000
2024-11-21,50.759998000000,50.900002000000,49.400002000000,50.270000000000
2024-11-22,50.389999000000,51.299999000000,50.340000000000,51.209999000000
2024-11-25,52.040001000000,52.290001000000,51.040001000000,52.230000000000
2024-11-26,52.220001000000,52.740002000000,52.220001000000,52.500000000000
2024-11-27,52.430000000000,52.720001000000,51.799999000000,52.580002000000
2024-11-29,52.939999000000,53.279999000000,52.900002000000,52.919998000000
2024-12-02,53.230000000000,53.470001000000,53.119999000000,53.459999000000
2024-12-03,53.130001000000,53.730000000000,52.820000000000,53.529999000000
2024-12-04,53.869999000000,54.040001000000,53.340000000000,53.389999000000
2024-12-05,53.209999000000,53.520000000000,53.139999000000,53.279999000000
2024-12-06,53.779999000000,53.939999000000,53.490002000000,53.750000000000
2024-12-09,53.740002000000,53.889999000000,52.930000000000,53.189999000000
2024-12-10,53.400002000000,53.610001000000,53.070000000000,53.259998000000
2024-12-11,53.869999000000,54.000000000000,53.410000000000,53.500000000000
2024-12-12,53.389999000000,53.720001000000,53.049999000000,53.330002000000
2024-12-13,53.700001000000,53.779999000000,52.970001000000,53.290001000000
2024-12-16,53.450001000000,53.459999000000,52.720001000000,52.830002000000
2024-12-17,52.580002000000,52.869999000000,52.090000000000,52.209999000000
2024-12-18,52.459999000000,52.759998000000,47.689999000000,47.689999000000
2024-12-19,48.990002000000,49.160000000000,45.480000000000,45.599998000000
2024-12-20,45.910000000000,49.169998000000,45.830002000000,49.119999000000
2024-12-23,49.529999000000,50.709999000000,48.619999000000,50.660000000000
2024-12-24,51.000000000000,52.130001000000,51.000000000000,52.029999000000
2024-12-26,51.680000000000,52.110001000000,51.020000000000,51.970001000000
2024-12-27,51.540001000000,51.610001000000,49.290001000000,50.730000000000
2024-12-30,49.400002000000,50.939999000000,48.480000000000,50.209999000000
2024-12-31,50.599998000000,50.799999000000,49.759998000000,50.060001000000
2025-01-02,50.500000000000,50.549999000000,48.290001000000,49.509998000000
2025-01-03,49.799999000000,50.919998000000,49.770000000000,50.869999000000
2025-01-06,51.110001000000,51.439999000000,50.520000000000,51.119999000000
2025-01-07,51.290001000000,51.369999000000,49.049999000000,49.650002000000
2025-01-08,49.259998000000,49.840000000000,48.459999000000,49.639999000000
2025-01-10,48.869999000000,48.980000000000,47.450001000000,48.020000000000
2025-01-13,47.200001000000,48.660000000000,47.049999000000,48.509998000000
2025-01-14,49.070000000000,49.509998000000,48.209999000000,49.009998000000
2025-01-15,50.240002000000,51.110001000000,50.220001000000,51.040001000000
2025-01-16,51.139999000000,51.290001000000,50.830002000000,51.000000000000
2025-01-17,51.480000000000,51.480000000000,50.840000000000,50.880001000000
2025-01-21,51.369999000000,52.000000000000,51.189999000000,51.959999000000
2025-01-22,51.910000000000,51.980000000000,51.450001000000,51.570000000000
2025-01-23,51.570000000000,52.150002000000,51.570000000000,52.000000000000
2025-01-24,52.160000000000,52.310001000000,51.889999000000,52.110001000000
2025-01-27,49.000000000000,50.740002000000,48.880001000000,50.320000000000
2025-01-28,50.730000000000,51.400002000000,50.029999000000,51.220001000000
2025-01-29,51.290001000000,51.439999000000,50.340000000000,51.369999000000
2025-01-30,51.669998000000,51.779999000000,51.130001000000,51.500000000000
2025-01-31,51.750000000000,51.939999000000,50.279999000000,50.599998000000
2025-02-03,48.830002000000,50.970001000000,48.259998000000,50.009998000000
2025-02-04,50.400002000000,50.990002000000,50.090000000000,50.779999000000
2025-02-05,50.709999000000,51.410000000000,50.509998000000,51.340000000000
2025-02-06,51.619999000000,51.650002000000,51.070000000000,51.570000000000
2025-02-07,51.730000000000,51.799999000000,50.610001000000,50.619999000000
2025-02-10,51.240002000000,51.369999000000,50.919998000000,51.320000000000
2025-02-11,51.110001000000,51.520000000000,51.060001000000,51.240002000000
2025-02-12,50.669998000000,51.480000000000,50.529999000000,51.369999000000
2025-02-13,51.419998000000,51.830002000000,51.110001000000,51.779999000000
2025-02-14,51.860001000000,52.000000000000,51.599998000000,51.900002000000
2025-02-18,52.049999000000,52.250000000000,51.810001000000,52.029999000000
2025-02-19,51.869999000000,52.340000000000,51.799999000000,52.320000000000
2025-02-20,52.299999000000,52.500000000000,51.709999000000,52.240002000000
2025-02-21,52.250000000000,52.250000000000,50.160000000000,50.380001000000
2025-02-24,50.790001000000,51.130001000000,49.639999000000,50.200001000000
2025-02-25,50.070000000000,50.580002000000,48.950001000000,50.080002000000
2025-02-26,50.299999000000,51.130001000000,49.810001000000,50.570000000000
2025-02-27,50.790001000000,51.049999000000,49.020000000000,49.029999000000
2025-02-28,48.939999000000,49.790001000000,48.320000000000,49.759998000000
2025-03-03,50.099998000000,50.119999000000,46.900002000000,47.529999000000
2025-03-04,46.549999000000,48.139999000000,45.209999000000,46.970001000000
2025-03-05,47.130001000000,48.130001000000,46.520000000000,48.009998000000
2025-03-06,46.459999000000,47.150002000000,45.340000000000,45.410000000000
2025-03-07,45.549999000000,46.570000000000,44.779999000000,46.430000000000
2025-03-10,45.139999000000,45.450001000000,43.480000000000,43.900002000000
2025-03-11,43.820000000000,44.279999000000,42.639999000000,43.950001000000
2025-03-12,44.820000000000,45.200001000000,43.720001000000,45.040001000000
2025-03-13,44.990002000000,45.360001000000,43.560001000000,44.029999000000
2025-03-14,44.799999000000,46.029999000000,44.700001000000,46.000000000000
2025-03-17,46.259998000000,46.980000000000,46.209999000000,46.869999000000
2025-03-18,47.000000000000,47.020000000000,45.849998000000,46.220001000000
2025-03-19,46.470001000000,47.529999000000,46.240002000000,46.970001000000
2025-03-20,46.549999000000,47.599998000000,46.470001000000,47.419998000000
2025-03-21,46.889999000000,47.500000000000,46.599998000000,47.430000000000
2025-03-24,48.240002000000,48.990002000000,48.180000000000,48.910000000000
2025-03-25,49.090000000000,49.150002000000,48.639999000000,48.759998000000
2025-03-26,49.020000000000,49.070000000000,47.480000000000,47.959999000000
2025-03-27,47.869999000000,48.220001000000,47.279999000000,47.849998000000
2025-03-28,47.560001000000,47.770000000000,45.639999000000,45.740002000000
2025-03-31,44.470001000000,46.029999000000,44.060001000000,45.759998000000
2025-04-01,45.439999000000,46.080002000000,44.630001000000,45.700001000000
2025-04-02,44.869999000000,46.799999000000,44.779999000000,46.450001000000
2025-04-03,42.880001000000,43.660000000000,40.660000000000,40.660000000000
2025-04-04,38.299999000000,39.279999000000,36.110001000000,36.650002000000
2025-04-07,34.950001000000,39.240002000000,34.200001000000,36.560001000000
2025-04-08,38.299999000000,38.450001000000,32.669998000000,34.139999000000
2025-04-09,33.529999000000,38.480000000000,33.310001000000,37.790001000000
2025-04-10,36.330002000000,36.980000000000,32.049999000000,34.180000000000
2025-04-11,33.650002000000,34.680000000000,32.820000000000,34.630001000000
2025-04-14,36.090000000000,36.669998000000,34.930000000000,36.560001000000
2025-04-15,36.590000000000,37.330002000000,36.340000000000,36.709999000000
2025-04-16,35.980000000000,36.590000000000,34.750000000000,35.169998000000
2025-04-17,35.599998000000,35.820000000000,35.340000000000,35.660000000000
2025-04-21,35.459999000000,35.549999000000,34.189999000000,34.580002000000
2025-04-22,35.230000000000,35.840000000000,35.180000000000,35.700001000000
2025-04-23,36.610001000000,36.950001000000,35.820000000000,36.349998000000
2025-04-24,36.529999000000,37.130001000000,36.500000000000,37.020000000000
2025-04-25,37.130001000000,37.820000000000,36.669998000000,37.810001000000
2025-04-28,38.000000000000,38.060001000000,36.970001000000,37.650002000000
2025-04-29,37.500000000000,37.950001000000,37.389999000000,37.880001000000
2025-04-30,37.209999000000,37.580002000000,36.279999000000,37.410000000000
2025-05-01,37.939999000000,38.020000000000,37.450001000000,37.709999000000
2025-05-02,38.099998000000,38.580002000000,37.990002000000,38.520000000000
2025-05-05,38.180000000000,38.509998000000,37.990002000000,38.169998000000
2025-05-06,37.610001000000,37.970001000000,37.360001000000,37.410000000000
2025-05-07,37.669998000000,38.020000000000,37.279999000000,37.919998000000
2025-05-08,38.220001000000,38.830002000000,38.110001000000,38.660000000000
2025-05-09,38.700001000000,39.040001000000,38.599998000000,38.770000000000
2025-05-12,40.320000000000,41.369999000000,40.250000000000,41.330002000000
2025-05-13,41.630001000000,42.080002000000,41.459999000000,41.480000000000
2025-05-14,41.490002000000,41.500000000000,40.939999000000,41.029999000000
2025-05-15,40.840000000000,41.400002000000,40.669998000000,41.400002000000
2025-05-16,41.570000000000,41.740002000000,41.310001000000,41.480000000000
2025-05-19,40.599998000000,41.400002000000,40.549999000000,41.240002000000
2025-05-20,41.349998000000,41.490002000000,40.910000000000,41.450001000000
2025-05-21,40.970001000000,41.360001000000,39.700001000000,39.980000000000
2025-05-22,39.900002000000,40.500000000000,39.720001000000,40.130001000000
2025-05-23,38.720001000000,39.509998000000,38.630001000000,38.830002000000
2025-05-27,40.009998000000,40.820000000000,39.849998000000,40.779999000000
2025-05-28,40.869999000000,40.900002000000,40.439999000000,40.610001000000
2025-05-29,41.130001000000,41.130001000000,40.270000000000,40.580002000000
2025-05-30,40.360001000000,40.689999000000,39.660000000000,40.430000000000
2025-06-02,40.250000000000,40.720001000000,40.130001000000,40.689999000000
2025-06-03,40.799999000000,41.209999000000,40.700001000000,41.139999000000
2025-06-04,41.209999000000,41.279999000000,41.020000000000,41.180000000000
2025-06-05,41.400002000000,41.770000000000,40.590000000000,40.810001000000
2025-06-06,41.290001000000,41.709999000000,41.290001000000,41.660000000000
2025-06-09,41.750000000000,42.060001000000,41.689999000000,41.849998000000
2025-06-10,41.959999000000,42.099998000000,41.779999000000,41.950001000000
2025-06-11,42.279999000000,42.570000000000,41.459999000000,41.759998000000
2025-06-12,41.500000000000,41.880001000000,41.380001000000,41.549999000000
2025-06-13,40.490002000000,41.090000000000,39.560001000000,39.880001000000
2025-06-16,40.709999000000,41.459999000000,40.669998000000,41.299999000000
2025-06-17,40.919998000000,41.029999000000,39.730000000000,40.130001000000
2025-06-18,40.119999000000,40.990002000000,39.889999000000,40.599998000000
2025-06-20,40.849998000000,40.939999000000,40.110001000000,40.380001000000
2025-06-23,40.450001000000,40.730000000000,39.619999000000,40.700001000000
2025-06-24,41.750000000000,42.220001000000,41.700001000000,42.220001000000
2025-06-25,42.290001000000,42.360001000000,41.980000000000,42.299999000000
2025-06-26,42.349998000000,42.580002000000,42.349998000000,42.410000000000
2025-06-27,42.580002000000,42.650002000000,42.020000000000,42.419998000000
2025-06-30,42.740002000000,42.759998000000,42.400002000000,42.599998000000
2025-07-01,42.430000000000,42.810001000000,42.410000000000,42.590000000000
2025-07-02,42.639999000000,42.849998000000,42.500000000000,42.689999000000
2025-07-03,43.009998000000,43.150002000000,42.790001000000,42.820000000000
2025-07-07,42.570000000000,42.720001000000,42.200001000000,42.610001000000
2025-07-08,43.040001000000,43.279999000000,42.959999000000,43.099998000000
2025-07-09,43.650002000000,43.910000000000,43.470001000000,43.849998000000
2025-07-10,43.959999000000,44.110001000000,43.830002000000,44.029999000000
2025-07-11,43.549999000000,44.160000000000,43.540001000000,43.939999000000
2025-07-14,43.750000000000,43.849998000000,43.570000000000,43.610001000000
2025-07-15,44.070000000000,44.119999000000,43.709999000000,43.750000000000
2025-07-16,43.849998000000,43.930000000000,42.560001000000,43.599998000000
2025-07-17,43.730000000000,43.820000000000,43.570000000000,43.680000000000
2025-07-18,43.900002000000,44.009998000000,43.750000000000,44.009998000000
2025-07-21,44.209999000000,44.590000000000,44.119999000000,44.160000000000
2025-07-22,44.279999000000,44.320000000000,43.689999000000,44.259998000000
2025-07-23,44.599998000000,45.189999000000,44.389999000000,45.169998000000
2025-07-24,45.320000000000,45.480000000000,45.150002000000,45.230000000000
2025-07-25,45.220001000000,45.470001000000,45.139999000000,45.430000000000
2025-07-28,45.900002000000,46.060001000000,45.750000000000,46.040001000000
2025-07-29,46.389999000000,46.450001000000,45.380001000000,45.500000000000
2025-07-30,45.660000000000,45.830002000000,45.049999000000,45.430000000000
2025-07-31,45.900002000000,46.070000000000,45.160000000000,45.330002000000
2025-08-01,44.270000000000,44.279999000000,42.930000000000,43.459999000000
2025-08-04,44.119999000000,44.970001000000,44.070000000000,44.959999000000
2025-08-05,45.070000000000,45.090000000000,44.090000000000,44.770000000000
2025-08-06,44.830002000000,45.490002000000,44.650002000000,45.490002000000
2025-08-07,45.750000000000,45.840000000000,44.930000000000,45.279999000000
2025-08-08,45.630001000000,46.080002000000,45.590000000000,46.080002000000
2025-08-11,46.139999000000,46.299999000000,45.830002000000,46.000000000000
2025-08-12,46.349998000000,46.980000000000,46.349998000000,46.950001000000
2025-08-13,47.240002000000,47.299999000000,46.930000000000,47.110001000000
2025-08-14,46.689999000000,47.139999000000,46.619999000000,47.009998000000
2025-08-15,47.139999000000,47.220001000000,46.880001000000,47.090000000000
2025-08-18,47.180000000000,47.779999000000,47.119999000000,47.689999000000
2025-08-19,47.910000000000,47.959999000000,47.080002000000,47.180000000000
2025-08-20,47.189999000000,47.389999000000,46.439999000000,47.299999000000
2025-08-21,47.020000000000,47.200001000000,46.619999000000,46.959999000000
2025-08-22,47.040001000000,48.930000000000,47.040001000000,48.930000000000
2025-08-25,48.650002000000,49.009998000000,48.500000000000,48.840000000000
2025-08-26,48.619999000000,49.020000000000,48.619999000000,49.000000000000
2025-08-27,48.939999000000,49.060001000000,48.599998000000,48.959999000000
2025-08-28,49.220001000000,49.349998000000,48.900002000000,49.209999000000
2025-08-29,49.360001000000,49.419998000000,48.509998000000,48.740002000000
2025-09-02,47.509998000000,48.000000000000,46.939999000000,47.990002000000
2025-09-03,48.060001000000,48.619999000000,48.060001000000,48.619999000000
2025-09-04,48.750000000000,49.349998000000,48.730000000000,49.299999000000
2025-09-05,49.869999000000,49.959999000000,48.570000000000,49.299999000000
2025-09-08,49.560001000000,49.810001000000,49.459999000000,49.750000000000
2025-09-09,49.669998000000,49.910000000000,49.330002000000,49.889999000000
2025-09-10,50.180000000000,50.279999000000,49.790001000000,49.959999000000
2025-09-11,50.389999000000,50.610001000000,50.270000000000,50.599998000000
2025-09-12,50.570000000000,50.900002000000,50.529999000000,50.619999000000
2025-09-15,50.930000000000,50.930000000000,50.330002000000,50.400002000000
2025-09-16,50.310001000000,50.369999000000,49.910000000000,49.970001000000
2025-09-17,50.090000000000,51.240002000000,50.090000000000,50.910000000000
2025-09-18,51.290001000000,51.369999000000,50.840000000000,50.840000000000
2025-09-19,51.119999000000,51.150002000000,50.560001000000,50.889999000000
2025-09-22,50.759998000000,50.950001000000,50.480000000000,50.490002000000
2025-09-23,50.560001000000,50.570000000000,49.790001000000,50.150002000000
2025-09-24,50.320000000000,50.509998000000,49.770000000000,50.480000000000
2025-09-25,49.910000000000,50.709999000000,49.700001000000,50.099998000000
2025-09-26,50.430000000000,51.209999000000,50.040001000000,51.209999000000
2025-09-29,51.310001000000,51.340000000000,50.680000000000,50.830002000000
2025-09-30,50.759998000000,51.060001000000,50.639999000000,50.939999000000
2025-10-01,50.689999000000,51.189999000000,50.689999000000,51.070000000000
2025-10-02,51.209999000000,51.279999000000,50.709999000000,50.709999000000
2025-10-03,50.970001000000,51.020000000000,50.560001000000,50.959999000000
2025-10-06,51.090000000000,51.110001000000,50.720001000000,51.040001000000
2025-10-07,51.180000000000,51.230000000000,50.320000000000,50.470001000000
2025-10-08,50.669998000000,51.029999000000,50.509998000000,50.959999000000
2025-10-09,51.049999000000,51.150002000000,50.500000000000,50.900002000000
2025-10-10,50.939999000000,51.119999000000,47.380001000000,47.669998000000
2025-10-13,48.939999000000,49.619999000000,48.810001000000,49.470001000000
2025-10-14,48.029999000000,49.220001000000,47.220001000000,48.340000000000
2025-10-15,49.090000000000,49.189999000000,47.520000000000,48.139999000000
2025-10-16,48.400002000000,48.459999000000,45.689999000000,45.770000000000
2025-10-17,46.250000000000,47.720001000000,45.400002000000,47.720001000000
2025-10-20,48.369999000000,49.599998000000,48.340000000000,49.580002000000
2025-10-21,49.330002000000,49.919998000000,48.889999000000,49.720001000000
2025-10-22,49.599998000000,49.709999000000,48.040001000000,49.330002000000
2025-10-23,49.130001000000,49.930000000000,49.130001000000,49.889999000000
2025-10-24,50.490002000000,50.599998000000,50.099998000000,50.270000000000
2025-10-27,51.070000000000,51.160000000000,50.750000000000,50.959999000000
2025-10-28,51.009998000000,51.090000000000,50.250000000000,50.250000000000
2025-10-29,50.540001000000,50.790001000000,49.820000000000,49.830002000000
2025-10-30,49.970001000000,50.419998000000,49.570000000000,49.660000000000
2025-10-31,50.220001000000,50.230000000000,49.020000000000,49.680000000000
2025-11-03,49.820000000000,49.939999000000,49.020000000000,49.889999000000
2025-11-04,48.799999000000,49.480000000000,48.570000000000,48.860001000000
2025-11-05,48.790001000000,50.049999000000,48.759998000000,49.779999000000
2025-11-06,49.549999000000,49.709999000000,48.349998000000,48.720001000000
2025-11-07,48.110001000000,48.930000000000,47.290001000000,48.910000000000
2025-11-10,49.840000000000,50.340000000000,49.750000000000,50.340000000000
2025-11-11,50.310001000000,50.490002000000,50.189999000000,50.400002000000
2025-11-12,50.500000000000,50.529999000000,49.919998000000,50.200001000000
2025-11-13,49.959999000000,50.160000000000,48.070000000000,48.619999000000
2025-11-14,47.820000000000,49.320000000000,47.410000000000,48.830002000000
2025-11-17,48.400002000000,49.130001000000,47.290001000000,47.549999000000
2025-11-18,46.970001000000,47.650002000000,46.189999000000,46.730000000000
2025-11-19,46.840000000000,47.930000000000,46.590000000000,47.380001000000
2025-11-20,48.950001000000,49.110001000000,45.500000000000,45.619999000000
2025-11-21,46.380001000000,47.090000000000,45.020000000000,46.849998000000
2025-11-24,47.279999000000,48.599998000000,47.200001000000,48.560001000000
2025-11-25,48.529999000000,49.310001000000,47.630001000000,49.259998000000
2025-11-26,49.540001000000,50.090000000000,49.439999000000,50.009998000000
2025-11-28,49.990002000000,50.480000000000,49.990002000000,50.340000000000
2025-12-01,49.980000000000,50.849998000000,49.910000000000,50.520000000000
2025-12-02,50.730000000000,50.930000000000,50.509998000000,50.880001000000
2025-12-03,50.549999000000,51.099998000000,50.520000000000,51.020000000000
2025-12-04,51.250000000000,51.330002000000,50.849998000000,51.279999000000
2025-12-05,51.380001000000,51.639999000000,51.220001000000,51.599998000000
2025-12-08,51.599998000000,51.669998000000,50.939999000000,51.250000000000
2025-12-09,51.169998000000,51.540001000000,51.130001000000,51.180000000000
2025-12-10,51.049999000000,52.320000000000,50.930000000000,52.220001000000
2025-12-11,51.930000000000,52.669998000000,51.459999000000,52.540001000000
2025-12-12,52.730000000000,53.009998000000,51.389999000000,52.619999000000
2025-12-15,52.930000000000,52.970001000000,52.000000000000,52.619999000000
2025-12-16,52.540001000000,52.849998000000,52.040001000000,52.669998000000
2025-12-17,52.779999000000,53.080002000000,52.139999000000,52.380001000000
2025-12-18,52.810001000000,53.259998000000,52.490002000000,53.099998000000
2025-12-19,53.380001000000,54.169998000000,53.369999000000,54.110001000000
2025-12-22,54.520000000000,55.049999000000,54.520000000000,54.990002000000
2025-12-23,54.869999000000,55.090000000000,54.849998000000,54.919998000000
2025-12-24,54.959999000000,55.110001000000,54.840000000000,54.930000000000
2025-12-26,55.130001000000,55.130001000000,54.680000000000,55.000000000000
2025-12-29,54.849998000000,55.560001000000,54.779999000000,55.369999000000
2025-12-30,55.389999000000,55.860001000000,55.389999000000,55.689999000000
2025-12-31,55.730000000000,55.950001000000,55.340000000000,55.380001000000
2026-01-02,55.970001000000,56.099998000000,55.480000000000,55.820000000000
2026-01-05,56.209999000000,56.290001000000,55.660000000000,55.689999000000
2026-01-06,55.740002000000,56.110001000000,55.680000000000,56.080002000000
2026-01-07,55.939999000000,55.939999000000,55.389999000000,55.540001000000
2026-01-08,55.439999000000,56.009998000000,55.380001000000,55.880001000000
2026-01-09,55.910000000000,56.459999000000,55.619999000000,56.369999000000
2026-01-12,55.830002000000,56.340000000000,55.770000000000,56.340000000000
2026-01-13,56.400002000000,56.410000000000,55.259998000000,55.540001000000
2026-01-14,54.900002000000,55.130001000000,54.119999000000,54.849998000000
2026-01-15,55.680000000000,55.970001000000,55.500000000000,55.650002000000
2026-01-16,55.869999000000,55.970001000000,55.330002000000,55.570000000000
2026-01-20,53.040001000000,54.240002000000,51.970001000000,52.299999000000
2026-01-21,53.549999000000,55.099998000000,53.189999000000,54.959999000000
2026-01-22,55.330002000000,55.570000000000,54.860001000000,55.570000000000
2026-01-23,55.180000000000,55.730000000000,54.950001000000,55.040001000000
2026-01-26,55.049999000000,55.419998000000,54.950001000000,55.060001000000
2026-01-27,55.150002000000,55.299999000000,54.590000000000,54.599998000000
2026-01-28,54.740002000000,54.980000000000,54.220001000000,54.470001000000
2026-01-29,54.160000000000,54.439999000000,52.740002000000,54.220001000000
2026-01-30,54.139999000000,54.759998000000,53.669998000000,54.099998000000
2026-02-02,54.230000000000,55.509998000000,54.230000000000,55.349998000000
2026-02-03,55.240002000000,55.349998000000,52.930000000000,54.169998000000
2026-02-04,54.389999000000,54.549999000000,52.650002000000,53.700001000000
2026-02-05,52.730000000000,53.400002000000,51.750000000000,52.070000000000
2026-02-06,52.869999000000,53.959999000000,52.869999000000,53.869999000000
2026-02-09,53.919998000000,54.799999000000,53.700001000000,54.740002000000
2026-02-10,54.720001000000,54.779999000000,54.099998000000,54.169998000000
2026-02-11,54.810001000000,54.810001000000,53.560001000000,54.160000000000
2026-02-12,54.500000000000,54.660000000000,52.419998000000,52.419998000000
2026-02-13,52.450001000000,53.419998000000,51.650002000000,52.080002000000
2026-02-17,51.869999000000,53.139999000000,51.240002000000,52.959999000000
2026-02-18,52.950001000000,53.590000000000,52.610001000000,52.950001000000
2026-02-19,52.360001000000,52.520000000000,51.779999000000,52.330002000000
2026-02-20,51.900002000000,53.189999000000,51.700001000000,52.950001000000
2026-02-23,52.750000000000,53.200001000000,51.700001000000,51.770000000000
2026-02-24,51.869999000000,52.840000000000,51.639999000000,52.759998000000
2026-02-25,53.340000000000,53.799999000000,53.130001000000,53.799999000000
2026-02-26,53.869999000000,53.910000000000,52.340000000000,53.369999000000
2026-02-27,52.119999000000,52.840000000000,51.730000000000,52.279999000000
2026-03-02,50.720001000000,52.480000000000,50.720001000000,51.889999000000
2026-03-03,49.990002000000,51.520000000000,48.029999000000,50.840000000000
2026-03-04,51.099998000000,52.150002000000,50.860001000000,51.790001000000
2026-03-05,50.970001000000,51.380001000000,48.869999000000,49.980000000000
2026-03-06,48.060001000000,48.849998000000,46.580002000000,46.580002000000
2026-03-09,46.369999000000,49.250000000000,45.520000000000,48.959999000000
2026-03-10,48.840000000000,50.029999000000,47.660000000000,47.720001000000
2026-03-11,48.099998000000,48.860001000000,47.720001000000,48.799999000000
2026-03-12,47.639999000000,48.009998000000,47.029999000000,47.099998000000
2026-03-13,47.709999000000,48.150002000000,46.660000000000,46.680000000000
2026-03-16,47.549999000000,48.540001000000,47.540001000000,48.529999000000
2026-03-17,48.880001000000,49.270000000000,48.619999000000,48.720001000000
2026-03-18,48.110001000000,48.180000000000,46.689999000000,46.779999000000
2026-03-19,45.700001000000,47.900002000000,45.389999000000,47.430000000000
2026-03-20,47.299999000000,47.330002000000,45.430000000000,45.790001000000
2026-03-23,47.330002000000,47.880001000000,46.369999000000,46.869999000000
2026-03-24,46.180000000000,47.290001000000,46.040001000000,46.290001000000
2026-03-25,46.980000000000,47.230000000000,46.310001000000,47.020000000000
2026-03-26,46.410000000000,46.720001000000,45.189999000000,45.189999000000
2026-03-27,44.820000000000,44.950001000000,43.349998000000,43.439999000000
2026-03-30,44.380001000000,44.419998000000,43.290001000000,43.660000000000
2026-03-31,44.700001000000,45.849998000000,44.320000000000,45.799999000000
2026-04-01,46.099998000000,46.560001000000,45.610001000000,46.270000000000
2026-04-02,44.790001000000,46.419998000000,44.599998000000,46.230000000000
2026-04-06,46.220001000000,46.980000000000,46.220001000000,46.880001000000
2026-04-07,46.290001000000,46.389999000000,45.180000000000,45.990002000000
2026-04-08,48.349998000000,48.669998000000,47.500000000000,48.279999000000
2026-04-09,48.119999000000,49.299999000000,48.040001000000,49.299999000000
2026-04-10,49.400002000000,49.470001000000,48.660000000000,48.869999000000
2026-04-13,48.590000000000,49.919998000000,48.529999000000,49.860001000000
2026-04-14,50.540001000000,50.610001000000,50.060001000000,50.259998000000
2026-04-15,50.380001000000,50.480000000000,49.880001000000,50.119999000000
2026-04-16,50.110001000000,50.360001000000,49.570000000000,50.110001000000
2026-04-17,50.730000000000,50.959999000000,50.450001000000,50.450001000000
2026-04-20,50.189999000000,50.250000000000,49.669998000000,50.139999000000
2026-04-21,50.209999000000,50.209999000000,49.230000000000,49.669998000000
2026-04-22,50.259998000000,50.299999000000,49.680000000000,49.990002000000
2026-04-23,49.799999000000,50.099998000000,48.770000000000,50.099998000000
2026-04-24,50.040001000000,50.320000000000,49.689999000000,49.740002000000
2026-04-27,49.889999000000,50.619999000000,49.889999000000,50.580002000000
2026-04-28,50.150002000000,51.009998000000,50.029999000000,50.919998000000
2026-04-29,50.939999000000,51.040001000000,50.150002000000,50.439999000000
2026-04-30,50.669998000000,51.230000000000,50.330002000000,51.230000000000
2026-05-01,51.320000000000,51.500000000000,50.939999000000,50.970001000000
2026-05-04,51.009998000000,51.570000000000,50.160000000000,50.599998000000
2026-05-05,51.090000000000,51.240002000000,50.599998000000,50.770000000000
2026-05-06,51.360001000000,51.450001000000,51.060001000000,51.220001000000
2026-05-07,51.459999000000,51.520000000000,51.029999000000,51.360001000000
2026-05-08,51.490002000000,51.700001000000,51.180000000000,51.209999000000
2026-05-11,51.240002000000,51.450001000000,50.820000000000,50.939999000000
2026-05-12,50.759998000000,51.619999000000,50.529999000000,51.400002000000
2026-05-13,51.430000000000,51.540001000000,50.889999000000,50.980000000000
2026-05-14,51.119999000000,51.759998000000,50.880001000000,51.540001000000
2026-05-15,50.820000000000,51.610001000000,50.750000000000,51.369999000000
2026-05-18,51.750000000000,51.959999000000,51.400002000000,51.869999000000
2026-05-19,51.750000000000,52.020000000000,51.529999000000,51.770000000000
2026-05-20,51.830002000000,52.270000000000,51.720001000000,52.220001000000
2026-05-21,51.980000000000,53.150002000000,51.930000000000,53.070000000000
2026-05-22,52.930000000000,53.139999000000,52.630001000000,52.770000000000
2026-05-26,53.439999000000,53.840000000000,53.439999000000,53.599998000000
2026-05-27,53.720001000000,54.259998000000,53.520000000000,54.220001000000
2026-05-28,54.040001000000,54.849998000000,54.040001000000,54.779999000000
2026-05-29,55.040001000000,55.529999000000,54.889999000000,55.189999000000
2026-06-01,54.840000000000,55.279999000000,54.480000000000,54.490002000000
2026-06-02,54.889999000000,55.040001000000,54.610001000000,54.980000000000
2026-06-03,54.730000000000,55.080002000000,54.599998000000,54.869999000000
2026-06-04,54.889999000000,56.000000000000,54.810001000000,55.849998000000
2026-06-05,55.580002000000,55.680000000000,53.360001000000,53.770000000000
2026-06-08,54.540001000000,54.840000000000,54.119999000000,54.349998000000
2026-06-09,54.689999000000,55.029999000000,52.189999000000,53.869999000000
2026-06-10,53.299999000000,53.580002000000,52.099998000000,52.389999000000
2026-06-11,52.529999000000,53.849998000000,51.880001000000,53.580002000000
2026-06-12,54.090000000000,54.900002000000,53.689999000000,54.900002000000
2026-06-15,56.150002000000,56.849998000000,56.099998000000,56.849998000000
2026-06-16,56.849998000000,57.020000000000,56.570000000000,56.759998000000
2026-06-17,57.000000000000,57.049999000000,55.160000000000,55.529999000000
2026-06-18,56.509998000000,56.619999000000,56.020000000000,56.439999000000
2026-06-22,57.090000000000,57.459999000000,56.459999000000,56.520000000000
2026-06-23,55.099998000000,55.680000000000,54.810001000000,55.000000000000
2026-06-24,55.290001000000,55.869999000000,54.709999000000,55.160000000000
2026-06-25,56.270000000000,56.270000000000,55.220001000000,55.610001000000
2026-06-26,54.820000000000,55.840000000000,54.509998000000,55.529999000000
2026-06-29,56.240002000000,56.680000000000,55.529999000000,56.590000000000
2026-06-30,56.529999000000,57.419998000000,56.509998000000,57.259998000000
2026-07-01,56.930000000000,57.349998000000,56.669998000000,57.090000000000
2026-07-02,57.230000000000,57.700001000000,56.630001000000,57.310001000000
2026-07-06,57.830002000000,58.169998000000,57.779999000000,58.070000000000
2026-07-07,58.130001000000,58.299999000000,57.439999000000,57.830002000000
2026-07-08,57.150002000000,57.730000000000,56.330002000000,57.290001000000
2026-07-09,57.580002000000,57.939999000000,57.259998000000,57.910000000000
2026-07-10,57.980000000000,58.619999000000,57.340000000000,58.540001000000
2026-07-13,58.209999000000,58.549999000000,57.419998000000,57.660000000000
2026-07-14,58.099998000000,58.400002000000,57.880001000000,58.000000000000
2026-07-15,58.380001000000,58.950001000000,58.080002000000,58.830002000000
2026-07-16,58.610001000000,58.790001000000,57.779999000000,58.119999000000
2026-07-17,56.340000000000,57.240002000000,56.209999000000,56.599998000000
2026-07-20,57.459999000000,57.980000000000,56.939999000000,57.130001000000
2026-07-21,57.799999000000,58.220001000000,57.380001000000,58.139999000000
2026-07-22,57.869999000000,58.040001000000,57.520000000000,57.790001000000
2026-07-23,56.310001000000,56.680000000000,55.680000000000,56.340000000000
2026-07-24,56.549999000000,57.430000000000,56.439999000000,56.820000000000
2026-07-27,57.450001000000,57.549999000000,56.410000000000,56.930000000000
2026-07-28,56.930000000000,57.480000000000,56.509998000000,57.099998000000
2026-07-29,56.730000000000,57.520000000000,55.290001000000,55.349998000000
2026-07-30,56.450001000000,57.220001000000,56.160000000000,57.220001000000
2026-07-31,57.590000000000,58.180000000000,56.410000000000,58.060001000000
2026-08-03,58.360001000000,58.570000000000,58.209999000000,58.259998000000
2026-08-04,58.759998000000,58.770000000000,58.110001000000,58.110001000000
2026-08-05,58.049999000000,59.259998000000,57.840000000000,59.070000000000
2026-08-06,58.830002000000,59.549999000000,58.799999000000,59.500000000000
2026-08-07,59.439999000000,59.590000000000,59.240002000000,59.360001000000
2026-08-10,59.549999000000,59.840000000000,59.419998000000,59.500000000000
2026-08-11,59.490002000000,59.779999000000,59.419998000000,59.750000000000
2026-08-12,60.070000000000,60.750000000000,59.990002000000,60.619999000000
2026-08-13,60.779999000000,60.849998000000,60.320000000000,60.470001000000
2026-08-14,60.779999000000,60.900002000000,60.450001000000,60.790001000000
2026-08-17,60.919998000000,60.980000000000,60.330002000000,60.549999000000
2026-08-18,60.380001000000,60.610001000000,60.270000000000,60.369999000000
2026-08-19,60.820000000000,61.430000000000,60.759998000000,61.349998000000
2026-08-20,60.959999000000,61.259998000000,60.810001000000,61.029999000000
2026-08-21,61.580002000000,61.619999000000,61.369999000000,61.570000000000
2026-08-24,61.740002000000,61.790001000000,61.299999000000,61.299999000000
2026-08-25,61.680000000000,62.070000000000,61.369999000000,62.070000000000
2026-08-26,61.930000000000,62.240002000000,61.840000000000,62.150002000000
2026-08-27,62.230000000000,63.009998000000,62.200001000000,62.950001000000
2026-08-28,62.689999000000,62.740002000000,62.320000000000,62.549999000000
2026-08-31,62.360001000000,63.119999000000,62.259998000000,63.020000000000
2026-09-01,62.619999000000,62.880001000000,61.830002000000,62.099998000000
2026-09-02,62.270000000000,63.119999000000,62.270000000000,63.029999000000
2026-09-03,63.160000000000,63.709999000000,63.080002000000,63.700001000000
2026-09-04,64.000000000000,64.110001000000,63.520000000000,63.529999000000
2026-09-08,63.520000000000,63.630001000000,62.919998000000,63.020000000000
2026-09-09,62.830002000000,62.990002000000,62.430000000000,62.599998000000
2026-09-10,61.900002000000,62.200001000000,61.450001000000,61.480000000000
2026-09-11,62.590000000000,63.090000000000,62.560001000000,62.880001000000
2026-09-14,61.930000000000,62.849998000000,61.869999000000,62.610001000000
2026-09-15,62.750000000000,62.849998000000,62.169998000000,62.580002000000
2026-09-16,62.950001000000,63.020000000000,61.520000000000,62.310001000000
