Date,F1,F2,Days_to_exp1,Days_to_exp2
2004-03-26,20.32,20.16,53,81
2004-03-29,19.8,19.77,50,78
2004-03-30,19.62,19.79,49,77
2004-03-31,19.75,19.85,48,76
2004-04-01,19.62,19.61,47,75
2004-04-02,18.89,19.16,46,74
2004-04-05,18.53,18.62,43,71
2004-04-06,18.79,18.79,42,70
2004-04-07,19.09,19.12,41,69
2004-04-08,19.05,19.0,40,68
2004-04-12,18.67,18.9,36,64
2004-04-13,19.3,19.29,35,63
2004-04-14,19.46,19.47,34,62
2004-04-15,19.35,19.47,33,61
2004-04-16,19.0,19.43,32,60
2004-04-19,18.87,19.68,29,57
2004-04-20,19.15,19.96,28,56
2004-04-21,18.68,19.7,27,55
2004-04-22,17.35,18.77,26,54
2004-04-23,17.34,19.09,25,53
2004-04-26,17.13,18.96,22,50
2004-04-27,16.8,18.77,21,49
2004-04-28,17.37,19.27,20,48
2004-04-29,17.77,19.64,19,47
2004-04-30,18.22,19.85,18,46
2004-05-03,17.69,19.27,15,43
2004-05-04,17.31,19.2,14,42
2004-05-05,16.62,18.79,13,41
2004-05-06,17.48,19.41,12,40
2004-05-07,18.31,19.87,11,39
2004-05-10,19.35,20.43,8,36
2004-05-11,18.38,19.97,7,35
2004-05-12,18.2,19.61,6,34
2004-05-13,18.38,19.58,5,33
2004-05-14,18.55,19.67,4,32
2004-05-17,19.37,20.21,1,29
2004-05-18,19.25,20.07,0,28
2004-05-19,19.17,20.7,27,90
2004-05-20,19.34,20.67,26,89
2004-05-21,19.17,20.86,25,88
2004-05-24,18.77,19.04,22,57
2004-05-25,17.5,18.0,21,56
2004-05-26,17.61,18.09,20,55
2004-05-27,17.35,17.9,19,54
2004-05-28,17.58,18.06,18,53
2004-06-01,17.6,18.16,14,49
2004-06-02,17.65,18.1,13,48
2004-06-03,17.6,18.33,12,47
2004-06-04,17.28,18.51,11,46
2004-06-07,16.58,18.07,8,43
2004-06-08,16.18,17.73,7,42
2004-06-09,16.2,17.86,6,41
2004-06-10,15.71,17.57,5,40
2004-06-14,15.71,17.57,1,36
2004-06-15,15.03,17.23,0,35
2004-06-16,17.1,19.22,34,62
2004-06-17,17.14,19.17,33,61
2004-06-18,17.0,19.18,32,60
2004-06-21,17.26,19.12,29,57
2004-06-22,16.77,18.68,28,56
2004-06-23,15.79,17.87,27,55
2004-06-24,16.02,18.25,26,54
2004-06-25,16.23,18.36,25,53
2004-06-28,16.37,18.46,22,50
2004-06-29,15.98,18.32,21,49
2004-06-30,15.38,18.14,20,48
2004-07-01,15.67,18.28,19,47
2004-07-02,15.56,18.27,18,46
2004-07-06,16.22,18.72,14,42
2004-07-07,15.67,18.44,13,41
2004-07-08,15.94,18.82,12,40
2004-07-09,15.74,19.03,11,39
2004-07-12,15.09,19.03,8,36
2004-07-13,14.31,18.79,7,35
2004-07-14,18.74,20.4,34,125
2004-07-15,18.83,20.18,33,124
2004-07-16,18.95,20.39,32,123
2004-07-19,18.98,19.91,29,57
2004-07-20,18.46,19.61,28,56
2004-07-21,19.14,20.58,27,55
2004-07-22,18.42,20.24,26,54
2004-07-23,18.39,20.59,25,53
2004-07-26,18.55,20.66,22,50
2004-07-27,17.88,20.25,21,49
2004-07-28,17.5,20.05,20,48
2004-07-29,16.86,20.06,19,47
2004-07-30,16.68,20.06,18,46
2004-08-02,16.41,19.78,15,43
2004-08-03,16.58,19.72,14,42
2004-08-04,16.73,19.48,13,41
2004-08-05,17.61,19.91,12,40
2004-08-06,18.37,20.34,11,39
2004-08-09,18.0,19.91,8,36
2004-08-10,17.43,19.17,7,35
2004-08-11,17.49,19.35,6,34
2004-08-12,18.12,19.32,5,33
2004-08-13,17.87,19.02,4,32
2004-08-16,17.2,18.5,1,29
2004-08-17,16.6,18.19,0,28
2004-08-18,17.81,20.19,27,90
2004-08-19,17.89,20.29,26,89
2004-08-20,17.65,20.09,25,88
2004-08-23,17.47,18.77,22,57
2004-08-24,17.1,18.42,21,56
2004-08-25,16.5,17.59,20,55
2004-08-26,16.41,17.59,19,54
2004-08-27,16.15,17.47,18,53
2004-08-30,16.44,17.58,15,50
2004-08-31,16.17,17.58,14,49
2004-09-01,16.02,17.33,13,48
2004-09-02,15.39,16.6,12,47
2004-09-03,15.26,16.5,11,46
2004-09-07,14.89,16.15,7,42
2004-09-08,14.59,16.17,6,41
2004-09-09,14.46,16.04,5,40
2004-09-10,14.29,15.85,4,39
2004-09-13,13.73,15.6,1,36
2004-09-14,13.5,15.2,0,35
2004-09-15,15.48,16.71,34,62
2004-09-16,15.51,16.76,33,61
2004-09-17,15.54,16.74,32,60
2004-09-20,15.66,16.9,29,57
2004-09-21,15.34,16.58,28,56
2004-09-22,15.6,16.88,27,55
2004-09-23,15.61,16.92,26,54
2004-09-24,15.35,16.77,25,53
2004-09-27,15.52,16.93,22,50
2004-09-28,14.95,16.56,21,49
2004-09-29,14.35,16.26,20,48
2004-09-30,14.23,16.05,19,47
2004-10-01,13.57,15.4,18,46
2004-10-04,13.82,15.5,15,43
2004-10-05,13.87,15.5,14,42
2004-10-06,13.55,15.2,13,41
2004-10-07,14.15,15.43,12,40
2004-10-08,14.73,15.65,11,39
2004-10-11,14.81,15.64,8,36
2004-10-12,15.02,15.97,7,35
2004-10-13,15.99,16.87,34,125
2004-10-14,16.3,17.2,33,124
2004-10-15,15.99,17.0,32,123
2004-10-18,15.47,16.8,29,120
2004-10-19,15.6,17.07,28,119
2004-10-20,16.05,17.34,27,118
2004-10-21,15.32,16.7,26,89
2004-10-22,15.65,16.94,25,88
2004-10-25,16.11,17.19,22,85
2004-10-26,15.76,16.85,21,84
2004-10-27,15.81,16.76,20,83
2004-10-28,15.56,16.65,19,82
2004-10-29,15.6,16.57,18,81
2004-11-01,15.72,16.63,15,78
2004-11-02,15.22,16.28,14,77
2004-11-03,14.29,15.79,13,76
2004-11-04,13.72,15.29,12,75
2004-11-05,13.68,15.14,11,74
2004-11-08,13.84,15.23,8,71
2004-11-09,13.64,15.18,7,70
2004-11-10,13.12,14.98,6,69
2004-11-11,12.74,14.8,5,68
2004-11-12,12.8,14.77,4,67
2004-11-15,12.71,14.88,1,64
2004-11-16,12.58,15.16,0,63
2004-11-17,15.12,15.77,62,90
2004-11-18,15.12,15.77,61,89
2004-11-19,15.45,16.37,60,88
2004-11-22,15.22,16.28,57,85
2004-11-23,15.15,16.13,56,84
2004-11-24,15.03,16.02,55,83
2004-11-26,15.01,16.27,53,81
2004-11-29,15.06,16.15,50,78
2004-11-30,15.08,16.07,49,77
2004-12-01,14.88,15.85,48,76
2004-12-02,14.82,15.75,47,75
2004-12-03,14.81,15.48,46,74
2004-12-06,14.24,15.28,43,71
2004-12-07,14.47,15.32,42,70
2004-12-08,14.3,15.35,41,69
2004-12-09,14.22,15.4,40,68
2004-12-10,14.16,15.36,39,67
2004-12-13,13.87,15.11,36,64
2004-12-14,13.89,15.05,35,63
2004-12-15,13.93,14.99,34,62
2004-12-16,13.77,14.76,33,61
2004-12-17,13.8,14.86,32,60
2004-12-20,13.77,14.82,29,57
2004-12-21,13.5,14.55,28,56
2004-12-22,13.53,14.59,27,55
2004-12-23,13.45,14.51,26,54
2004-12-27,13.47,14.5,22,50
2004-12-28,13.43,14.7,21,49
2004-12-29,13.42,14.73,20,48
2004-12-30,13.48,14.81,19,47
2004-12-31,13.52,14.81,18,46
2005-01-03,13.83,14.95,15,43
2005-01-04,13.92,15.23,14,42
2005-01-05,13.99,15.08,13,41
2005-01-06,13.74,14.76,12,40
2005-01-07,13.67,14.66,11,39
2005-01-10,13.59,14.47,8,36
2005-01-11,13.72,14.6,7,35
2005-01-12,13.24,14.16,6,34
2005-01-13,13.05,14.23,5,33
2005-01-14,12.93,14.06,4,32
2005-01-18,12.32,13.62,0,28
2005-01-19,13.78,15.06,27,118
2005-01-20,13.93,15.17,26,117
2005-01-21,14.22,15.38,25,116
2005-01-24,14.15,14.45,22,50
2005-01-25,14.01,14.49,21,49
2005-01-26,13.71,14.4,20,48
2005-01-27,13.55,14.18,19,47
2005-01-28,13.38,14.14,18,46
2005-01-31,13.26,13.91,15,43
2005-02-01,12.83,13.46,14,42
2005-02-02,12.19,12.91,13,41
2005-02-03,12.29,12.68,12,40
2005-02-04,11.48,12.22,11,39
2005-02-07,11.59,12.2,8,36
2005-02-08,11.54,12.31,7,35
2005-02-09,11.88,12.33,6,34
2005-02-10,11.65,12.13,5,33
2005-02-11,11.37,11.82,4,32
2005-02-14,11.37,11.95,1,29
2005-02-15,11.25,11.98,0,28
2005-02-16,11.93,12.53,27,90
2005-02-17,12.04,12.81,26,89
2005-02-18,12.05,12.78,25,88
2005-02-22,12.5,13.28,21,84
2005-02-23,12.43,13.3,20,83
2005-02-24,12.27,13.07,19,82
2005-02-25,12.04,12.95,18,81
2005-02-28,12.29,13.12,15,78
2005-03-01,12.2,13.16,14,77
2005-03-02,12.46,13.37,13,76
2005-03-03,12.82,13.54,12,75
2005-03-04,12.33,13.18,11,74
2005-03-07,12.28,13.13,8,71
2005-03-08,12.5,13.29,7,70
2005-03-09,12.72,13.52,6,69
2005-03-10,12.65,13.51,5,68
2005-03-11,12.72,13.62,4,67
2005-03-14,12.7,13.64,1,64
2005-03-15,13.08,13.89,0,63
2005-03-16,14.08,14.64,62,153
2005-03-17,14.13,14.78,61,152
2005-03-18,14.13,14.86,60,151
2005-03-21,14.25,14.61,57,85
2005-03-22,14.56,14.97,56,84
2005-03-23,14.64,15.04,55,83
2005-03-24,14.44,14.86,54,82
2005-03-28,14.55,14.95,50,78
2005-03-29,15.02,15.18,49,77
2005-03-30,14.56,15.03,48,76
2005-03-31,14.55,15.04,47,75
2005-04-01,14.78,15.2,46,74
2005-04-04,15.0,15.2,43,71
2005-04-05,14.88,15.2,42,70
2005-04-06,14.35,15.04,41,69
2005-04-07,14.05,14.65,40,68
2005-04-08,14.04,14.69,39,67
2005-04-11,13.95,14.62,36,64
2005-04-12,13.61,14.27,35,63
2005-04-13,14.12,14.51,34,62
2005-04-14,14.93,15.24,33,61
2005-04-15,15.6,15.95,32,60
2005-04-18,15.6,15.97,29,57
2005-04-19,15.01,15.6,28,56
2005-04-20,15.4,15.85,27,55
2005-04-21,14.57,14.91,26,54
2005-04-22,15.03,15.14,25,53
2005-04-25,14.42,14.96,22,50
2005-04-26,14.76,15.05,21,49
2005-04-27,14.78,14.99,20,48
2005-04-28,15.55,15.68,19,47
2005-04-29,15.4,15.58,18,46
2005-05-02,14.95,15.11,15,43
2005-05-03,14.84,14.94,14,42
2005-05-04,14.21,14.4,13,41
2005-05-05,14.09,14.17,12,40
2005-05-06,14.19,14.21,11,39
2005-05-09,13.96,14.02,8,36
2005-05-10,14.42,14.57,7,35
2005-05-11,14.52,14.65,6,34
2005-05-12,15.41,15.43,5,33
2005-05-13,15.93,15.76,4,32
2005-05-16,15.53,15.52,1,29
2005-05-17,14.65,14.97,0,28
2005-05-18,14.31,14.95,27,90
2005-05-19,14.05,14.79,26,89
2005-05-20,13.85,14.75,25,88
2005-05-23,13.55,14.57,22,85
2005-05-24,13.48,14.48,21,84
2005-05-25,13.61,14.53,20,83
2005-05-26,13.1,14.39,19,82
2005-05-27,13.17,14.37,18,81
2005-05-31,13.27,14.56,14,77
2005-06-01,13.01,14.34,13,76
2005-06-02,12.83,14.42,12,75
2005-06-03,12.82,14.43,11,74
2005-06-06,12.49,14.33,8,71
2005-06-07,12.14,14.34,7,70
2005-06-08,12.25,14.35,6,69
2005-06-09,12.23,14.18,5,68
2005-06-10,12.08,14.37,4,67
2005-06-13,11.45,14.11,1,64
2005-06-14,11.16,14.07,0,63
2005-06-15,13.95,15.17,62,153
2005-06-16,13.87,15.08,61,152
2005-06-17,13.97,15.1,60,151
2005-06-20,14.0,14.83,57,120
2005-06-21,13.88,14.91,56,119
2005-06-22,13.88,14.86,55,118
2005-06-23,13.96,15.12,54,117
2005-06-24,14.26,15.27,53,116
2005-06-27,14.12,15.23,50,113
2005-06-28,13.87,15.02,49,112
2005-06-29,14.05,15.13,48,111
2005-06-30,14.08,15.1,47,110
2005-07-01,14.06,15.07,46,109
2005-07-05,13.84,14.92,42,105
2005-07-06,13.96,15.0,41,104
2005-07-07,14.06,15.11,40,103
2005-07-08,13.69,14.87,39,102
2005-07-11,13.53,14.9,36,99
2005-07-12,13.39,14.93,35,98
2005-07-13,13.18,14.9,34,97
2005-07-14,13.01,14.8,33,96
2005-07-15,12.89,14.62,32,95
2005-07-18,12.85,14.53,29,92
2005-07-19,12.64,14.49,28,91
2005-07-20,12.53,14.4,27,90
2005-07-21,12.45,14.33,26,89
2005-07-22,12.26,14.21,25,88
2005-07-25,12.35,14.15,22,85
2005-07-26,12.44,14.12,21,84
2005-07-27,12.31,14.01,20,83
2005-07-28,12.12,13.92,19,82
2005-07-29,12.31,14.01,18,81
2005-08-01,12.45,14.18,15,78
2005-08-02,12.4,14.08,14,77
2005-08-03,12.42,14.11,13,76
2005-08-04,12.7,14.19,12,75
2005-08-05,12.78,14.29,11,74
2005-08-08,12.88,14.43,8,71
2005-08-09,12.4,14.05,7,70
2005-08-10,12.09,14.19,6,69
2005-08-11,11.98,14.03,5,68
2005-08-12,12.05,14.41,4,67
2005-08-15,11.82,14.31,1,64
2005-08-16,12.61,14.61,0,63
2005-08-17,14.49,14.89,62,90
2005-08-18,14.38,14.9,61,89
2005-08-19,14.27,14.79,60,88
2005-08-22,14.24,14.73,57,85
2005-08-23,14.25,14.8,56,84
2005-08-24,14.26,14.96,55,83
2005-08-25,14.28,15.0,54,82
2005-08-26,14.36,15.1,53,81
2005-08-29,14.2,15.07,50,78
2005-08-30,14.3,15.17,49,77
2005-08-31,14.11,15.08,48,76
2005-09-01,14.18,15.05,47,75
2005-09-02,14.23,15.3,46,74
2005-09-06,14.09,15.02,42,70
2005-09-07,13.92,14.89,41,69
2005-09-08,13.94,14.83,40,68
2005-09-09,13.71,14.75,39,67
2005-09-12,13.65,14.7,36,64
2005-09-13,13.78,14.71,35,63
2005-09-14,13.77,14.8,34,62
2005-09-15,13.71,14.77,33,61
2005-09-16,13.51,14.65,32,60
2005-09-19,13.59,14.71,29,57
2005-09-20,13.66,14.71,28,56
2005-09-21,13.98,15.04,27,55
2005-09-22,14.18,15.01,26,54
2005-09-23,13.95,14.91,25,53
2005-09-26,13.75,14.84,22,50
2005-09-27,13.63,14.74,21,49
2005-09-28,13.43,14.51,20,48
2005-09-29,13.15,14.23,19,47
2005-09-30,12.94,14.04,18,46
2005-10-03,12.86,14.02,15,43
2005-10-04,13.18,14.03,14,42
2005-10-05,13.8,14.33,13,41
2005-10-06,14.1,14.84,12,40
2005-10-07,14.05,14.83,11,39
2005-10-10,14.56,15.18,8,36
2005-10-11,14.63,15.09,7,35
2005-10-12,14.77,15.28,6,34
2005-10-13,15.36,15.28,5,33
2005-10-14,14.77,14.76,4,32
2005-10-17,14.3,14.78,1,29
2005-10-18,14.57,14.83,0,28
2005-10-19,14.66,15.89,27,118
2005-10-20,15.17,16.25,26,117
2005-10-21,15.11,16.17,25,116
2005-10-24,14.66,15.14,22,57
2005-10-25,14.54,14.92,21,56
2005-10-26,14.37,14.7,20,55
2005-10-27,14.95,14.94,19,54
2005-10-28,14.51,14.85,18,53
2005-10-31,14.47,14.53,15,50
2005-11-01,14.32,14.58,14,49
2005-11-02,13.89,14.18,13,48
2005-11-03,13.29,13.65,12,47
2005-11-04,13.21,13.56,11,46
2005-11-07,13.12,13.5,8,43
2005-11-08,13.18,13.56,7,42
2005-11-09,12.9,13.35,6,41
2005-11-10,12.39,13.1,5,40
2005-11-11,11.89,12.7,4,39
2005-11-14,11.94,12.87,1,36
2005-11-15,11.87,12.8,0,35
2005-11-16,12.76,14.56,34,90
2005-11-17,12.42,14.37,33,89
2005-11-18,12.05,14.3,32,88
2005-11-21,12.08,13.45,29,57
2005-11-22,12.01,13.19,28,56
2005-11-23,11.94,13.13,27,55
2005-11-25,11.96,13.11,25,53
2005-11-28,12.06,13.31,22,50
2005-11-29,12.11,13.21,21,49
2005-11-30,12.19,13.22,20,48
2005-12-01,12.03,13.11,19,47
2005-12-02,11.77,13.04,18,46
2005-12-05,11.83,13.02,15,43
2005-12-06,11.81,13.02,14,42
2005-12-07,12.15,12.94,13,41
2005-12-08,12.15,12.92,12,40
2005-12-09,12.01,12.86,11,39
2005-12-12,11.96,12.9,8,36
2005-12-13,11.68,12.92,7,35
2005-12-14,11.33,12.81,6,34
2005-12-15,11.16,12.78,5,33
2005-12-16,11.02,12.93,4,32
2005-12-19,11.11,12.88,1,29
2005-12-20,11.15,12.76,0,28
2005-12-21,12.59,14.33,27,55
2005-12-22,12.48,14.18,26,54
2005-12-23,12.21,14.11,25,53
2005-12-27,12.45,14.2,21,49
2005-12-28,12.32,14.11,20,48
2005-12-29,12.32,14.1,19,47
2005-12-30,12.45,14.09,18,46
2006-01-03,12.02,13.88,14,42
2006-01-04,11.84,13.84,13,41
2006-01-05,11.83,13.73,12,40
2006-01-06,11.56,13.53,11,39
2006-01-09,11.33,13.29,8,36
2006-01-10,11.22,13.04,7,35
2006-01-11,11.19,12.84,6,34
2006-01-12,11.3,12.99,5,33
2006-01-13,11.32,12.95,4,32
2006-01-17,11.71,13.09,0,28
2006-01-18,13.27,15.18,27,118
2006-01-19,13.11,15.09,26,117
2006-01-20,13.53,15.3,25,116
2006-01-23,13.74,14.28,22,57
2006-01-24,13.56,14.02,21,56
2006-01-25,13.32,13.82,20,55
2006-01-26,12.92,13.68,19,54
2006-01-27,12.72,13.35,18,53
2006-01-30,12.53,13.21,15,50
2006-01-31,12.7,13.19,14,49
2006-02-01,12.66,13.14,13,48
2006-02-02,12.86,13.23,12,47
2006-02-03,12.87,13.17,11,46
2006-02-06,12.8,13.23,8,43
2006-02-07,13.02,13.29,7,42
2006-02-08,12.47,13.05,6,41
2006-02-09,12.41,12.89,5,40
2006-02-10,12.37,12.85,4,39
2006-02-13,12.65,13.07,1,36
2006-02-14,11.95,12.93,0,35
2006-02-15,12.99,14.6,34,90
2006-02-16,12.74,14.36,33,89
2006-02-17,12.6,14.32,32,88
2006-02-21,12.44,13.67,28,56
2006-02-22,12.19,12.99,27,55
2006-02-23,12.2,12.94,26,54
2006-02-24,12.1,12.76,25,53
2006-02-27,11.96,12.71,22,50
2006-02-28,12.19,12.8,21,49
2006-03-01,12.05,12.75,20,48
2006-03-02,12.07,12.78,19,47
2006-03-03,12.11,12.76,18,46
2006-03-06,12.34,12.85,15,43
2006-03-07,12.44,12.94,14,42
2006-03-08,12.25,12.85,13,41
2006-03-09,12.38,12.9,12,40
2006-03-10,12.21,12.81,11,39
2006-03-13,11.88,12.77,8,36
2006-03-14,11.51,12.66,7,35
2006-03-15,11.48,12.66,6,34
2006-03-16,11.45,12.45,5,33
2006-03-17,11.66,12.47,4,32
2006-03-20,11.5,12.56,1,29
2006-03-21,11.53,12.62,0,28
2006-03-22,12.43,13.05,27,55
2006-03-23,12.45,13.03,26,54
2006-03-24,12.36,13.02,25,53
2006-03-27,12.38,12.98,22,50
2006-03-28,12.35,13.0,21,49
2006-03-29,12.06,12.83,20,48
2006-03-30,12.0,12.75,19,47
2006-03-31,12.12,12.81,18,46
2006-04-03,12.09,12.76,15,43
2006-04-04,12.0,12.72,14,42
2006-04-05,11.9,12.56,13,41
2006-04-06,11.92,12.38,12,40
2006-04-07,12.07,12.64,11,39
2006-04-10,12.3,12.72,8,36
2006-04-11,12.61,12.87,7,35
2006-04-12,12.63,12.98,6,34
2006-04-13,12.57,12.95,5,33
2006-04-17,12.61,12.99,1,29
2006-04-18,11.48,12.62,0,28
2006-04-19,12.61,13.72,27,118
2006-04-20,12.44,13.65,26,117
2006-04-21,12.64,13.66,25,116
2006-04-24,12.59,12.91,22,57
2006-04-25,12.59,12.79,21,56
2006-04-26,12.42,12.66,20,55
2006-04-27,12.35,12.56,19,54
2006-04-28,12.23,12.55,18,53
2006-05-01,12.53,12.65,15,50
2006-05-02,12.31,12.52,14,49
2006-05-03,12.41,12.67,13,48
2006-05-04,12.26,12.7,12,47
2006-05-05,12.1,12.55,11,46
2006-05-08,12.08,12.6,8,43
2006-05-09,11.96,12.53,7,42
2006-05-10,11.98,12.46,6,41
2006-05-11,12.36,12.78,5,40
2006-05-12,13.12,13.35,4,39
2006-05-15,13.17,13.27,1,36
2006-05-16,12.98,13.11,0,35
2006-05-17,14.42,14.34,34,90
2006-05-18,14.63,14.46,33,89
2006-05-19,14.86,14.67,32,88
2006-05-22,15.84,15.12,29,57
2006-05-23,15.71,14.91,28,56
2006-05-24,16.19,15.24,27,55
2006-05-25,15.4,15.05,26,54
2006-05-26,14.9,14.82,25,53
2006-05-30,16.34,16.04,21,49
2006-05-31,15.9,15.88,20,48
2006-06-01,15.13,15.35,19,47
2006-06-02,14.73,14.98,18,46
2006-06-05,15.87,15.59,15,43
2006-06-06,16.32,15.88,14,42
2006-06-07,16.67,16.35,13,41
2006-06-08,17.13,16.91,12,40
2006-06-09,17.43,17.02,11,39
2006-06-12,18.21,17.57,8,36
2006-06-13,20.78,18.69,7,35
2006-06-14,21.62,18.94,6,34
2006-06-15,16.1,16.24,5,33
2006-06-16,16.65,16.73,4,32
2006-06-19,16.99,16.88,1,29
2006-06-20,16.94,16.62,0,28
2006-06-21,15.67,15.99,27,55
2006-06-22,15.76,15.98,26,54
2006-06-23,15.69,15.75,25,53
2006-06-26,15.56,15.59,22,50
2006-06-27,15.93,16.04,21,49
2006-06-28,15.96,15.99,20,48
2006-06-29,14.34,15.21,19,47
2006-06-30,14.02,14.87,18,46
2006-07-03,13.72,14.63,15,43
2006-07-05,14.4,15.02,13,41
2006-07-06,14.16,15.24,12,40
2006-07-07,14.36,15.39,11,39
2006-07-10,14.32,15.43,8,36
2006-07-11,13.9,15.22,7,35
2006-07-12,14.44,15.58,6,34
2006-07-13,16.36,16.69,5,33
2006-07-14,17.27,17.13,4,32
2006-07-17,17.35,16.96,1,29
2006-07-18,17.86,16.7,0,28
2006-07-19,15.81,15.72,27,118
2006-07-20,16.33,16.08,26,117
2006-07-21,16.71,16.34,25,116
2006-07-24,15.41,15.8,22,57
2006-07-25,14.99,15.34,21,56
2006-07-26,14.87,15.28,20,55
2006-07-27,15.13,15.52,19,54
2006-07-28,14.61,15.16,18,53
2006-07-31,14.71,15.36,15,50
2006-08-01,15.06,15.74,14,49
2006-08-02,14.73,15.46,13,48
2006-08-03,14.6,15.31,12,47
2006-08-04,14.84,15.52,11,46
2006-08-07,15.03,15.61,8,43
2006-08-08,14.98,15.56,7,42
2006-08-09,14.96,15.35,6,41
2006-08-10,14.77,15.52,5,40
2006-08-11,14.73,15.61,4,39
2006-08-14,13.95,15.04,1,36
2006-08-15,13.23,14.93,0,35
2006-08-16,14.19,15.61,34,90
2006-08-17,14.08,15.7,33,89
2006-08-18,13.85,15.83,32,88
2006-08-21,13.69,15.46,29,57
2006-08-22,13.6,15.17,28,56
2006-08-23,13.93,15.18,27,55
2006-08-24,13.86,14.83,26,54
2006-08-25,13.54,14.61,25,53
2006-08-28,13.31,14.47,22,50
2006-08-29,13.56,14.49,21,49
2006-08-30,13.46,14.41,20,48
2006-08-31,13.23,14.22,19,47
2006-09-01,12.95,13.94,18,46
2006-09-05,12.99,14.06,14,42
2006-09-06,13.69,14.53,13,41
2006-09-07,13.83,14.7,12,40
2006-09-08,13.68,14.63,11,39
2006-09-11,13.6,14.74,8,36
2006-09-12,12.57,14.07,7,35
2006-09-13,12.22,13.86,6,34
2006-09-14,12.3,14.08,5,33
2006-09-15,12.09,14.05,4,32
2006-09-18,11.88,13.92,1,29
2006-09-19,11.82,13.86,0,28
2006-09-20,13.59,14.66,27,55
2006-09-21,13.96,14.99,26,54
2006-09-22,13.99,15.15,25,53
2006-09-25,13.5,14.81,22,50
2006-09-26,13.22,14.49,21,49
2006-09-27,13.21,14.69,20,48
2006-09-28,13.18,14.63,19,47
2006-09-29,13.1,14.63,18,46
2006-10-02,13.37,14.83,15,43
2006-10-03,13.49,14.7,14,42
2006-10-04,12.72,14.05,13,41
2006-10-05,12.58,13.95,12,40
2006-10-06,12.48,13.98,11,39
2006-10-09,12.23,13.73,8,36
2006-10-10,11.72,13.44,7,35
2006-10-11,11.62,13.24,6,34
2006-10-12,11.36,12.95,5,33
2006-10-13,11.18,12.78,4,32
2006-10-16,10.62,12.51,1,29
2006-10-17,11.23,12.65,0,28
2006-10-18,12.59,13.59,27,62
2006-10-19,12.52,13.48,26,61
2006-10-20,12.28,13.29,25,60
2006-10-23,11.95,13.16,22,57
2006-10-24,11.78,12.83,21,56
2006-10-25,11.49,12.52,20,55
2006-10-26,11.25,12.21,19,54
2006-10-27,11.31,12.26,18,53
2006-10-30,11.35,12.3,15,50
2006-10-31,11.31,12.16,14,49
2006-11-01,11.55,12.43,13,48
2006-11-02,11.65,12.49,12,47
2006-11-03,11.5,12.45,11,46
2006-11-06,11.12,12.02,8,43
2006-11-07,11.18,12.05,7,42
2006-11-08,10.92,11.85,6,41
2006-11-09,10.99,11.87,5,40
2006-11-10,10.99,11.98,4,39
2006-11-13,10.59,11.97,1,36
2006-11-14,10.25,11.72,0,35
2006-11-15,11.62,12.35,34,62
2006-11-16,11.58,12.29,33,61
2006-11-17,11.67,12.32,32,60
2006-11-20,11.43,12.36,29,57
2006-11-21,11.5,12.48,28,56
2006-11-22,11.61,12.59,27,55
2006-11-24,11.71,12.84,25,53
2006-11-27,12.46,13.39,22,50
2006-11-28,12.0,12.96,21,49
2006-11-29,11.46,12.58,20,48
2006-11-30,11.37,12.52,19,47
2006-12-01,11.65,12.74,18,46
2006-12-04,11.49,12.5,15,43
2006-12-05,11.52,12.55,14,42
2006-12-06,11.55,12.69,13,41
2006-12-07,12.0,12.77,12,40
2006-12-08,11.98,12.81,11,39
2006-12-11,11.43,12.6,8,36
2006-12-12,11.18,12.51,7,35
2006-12-13,10.54,12.43,6,34
2006-12-14,10.37,12.53,5,33
2006-12-15,10.44,12.71,4,32
2006-12-18,10.56,12.74,1,29
2006-12-19,10.57,12.39,0,28
2006-12-20,12.35,13.39,27,55
2006-12-21,12.44,13.5,26,54
2006-12-22,12.62,13.68,25,53
2006-12-26,12.27,13.4,21,49
2006-12-27,11.95,13.08,20,48
2006-12-28,12.09,13.12,19,47
2006-12-29,12.3,13.11,18,46
2007-01-03,12.3,13.11,13,41
2007-01-04,12.11,13.16,12,40
2007-01-05,12.38,13.48,11,39
2007-01-08,12.25,13.33,8,36
2007-01-09,12.34,13.21,7,35
2007-01-10,11.9,13.16,6,34
2007-01-11,10.98,12.28,5,33
2007-01-12,10.66,12.08,4,32
2007-01-16,10.59,11.9,0,28
2007-01-17,11.91,12.9,27,62
2007-01-18,12.06,12.9,26,61
2007-01-19,11.69,12.78,25,60
2007-01-22,11.85,12.88,22,57
2007-01-23,11.47,12.58,21,56
2007-01-24,11.32,12.51,20,55
2007-01-25,11.83,12.78,19,54
2007-01-26,11.88,12.78,18,53
2007-01-29,11.81,12.81,15,50
2007-01-30,11.6,12.64,14,49
2007-01-31,11.51,12.35,13,48
2007-02-01,11.28,12.27,12,47
2007-02-02,11.2,12.24,11,46
2007-02-05,11.16,12.28,8,43
2007-02-06,11.16,12.03,7,42
2007-02-07,10.95,11.89,6,41
2007-02-08,11.01,11.97,5,40
2007-02-09,11.23,12.2,4,39
2007-02-12,11.36,12.42,1,36
2007-02-13,10.43,11.99,0,35
2007-02-14,11.63,12.8,34,62
2007-02-15,11.55,12.61,33,61
2007-02-16,11.56,12.58,32,60
2007-02-20,11.37,12.31,28,56
2007-02-21,11.24,12.26,27,55
2007-02-22,11.15,12.21,26,54
2007-02-23,11.59,12.59,25,53
2007-02-26,11.44,12.54,22,50
2007-02-27,14.81,14.49,21,49
2007-02-28,13.5,13.55,20,48
2007-03-01,14.16,14.04,19,47
2007-03-02,15.19,14.59,18,46
2007-03-05,16.15,15.01,15,43
2007-03-06,15.03,14.12,14,42
2007-03-07,14.37,14.17,13,41
2007-03-08,13.75,13.71,12,40
2007-03-09,13.6,13.76,11,39
2007-03-12,13.14,13.62,8,36
2007-03-13,15.34,14.59,7,35
2007-03-14,15.81,15.15,6,34
2007-03-15,15.4,15.33,5,33
2007-03-16,15.99,15.79,4,32
2007-03-19,14.32,14.89,1,29
2007-03-20,13.06,14.38,0,28
2007-03-21,13.28,13.6,27,55
2007-03-22,13.36,13.72,26,54
2007-03-23,13.33,13.87,25,53
2007-03-26,13.38,13.79,22,50
2007-03-27,13.93,13.99,21,49
2007-03-28,14.72,14.59,20,48
2007-03-29,14.6,14.55,19,47
2007-03-30,14.49,14.39,18,46
2007-04-02,14.7,14.77,15,43
2007-04-03,14.0,14.28,14,42
2007-04-04,13.65,14.2,13,41
2007-04-05,13.53,14.0,12,40
2007-04-09,13.3,14.03,8,36
2007-04-10,12.71,13.59,7,35
2007-04-11,13.28,13.99,6,34
2007-04-12,12.87,13.73,5,33
2007-04-13,12.39,13.57,4,32
2007-04-16,11.67,12.97,1,29
2007-04-17,11.87,13.14,0,28
2007-04-18,13.13,13.37,27,62
2007-04-19,13.02,13.53,26,61
2007-04-20,13.03,13.48,25,60
2007-04-23,13.22,13.73,22,57
2007-04-24,13.21,13.73,21,56
2007-04-25,13.1,13.51,20,55
2007-04-26,13.11,13.63,19,54
2007-04-27,13.02,13.54,18,53
2007-04-30,13.41,13.86,15,50
2007-05-01,13.43,13.85,14,49
2007-05-02,13.16,13.72,13,48
2007-05-03,13.08,13.61,12,47
2007-05-04,13.14,13.63,11,46
2007-05-07,13.22,13.72,8,43
2007-05-08,13.33,13.87,7,42
2007-05-09,12.94,13.78,6,41
2007-05-10,13.35,14.2,5,40
2007-05-11,12.77,13.94,4,39
2007-05-14,13.34,14.15,1,36
2007-05-15,13.96,14.2,0,35
2007-05-16,14.06,14.5,34,62
2007-05-17,14.16,14.63,33,61
2007-05-18,13.99,14.45,32,60
2007-05-21,13.78,14.27,29,57
2007-05-22,13.81,14.35,28,56
2007-05-23,13.75,14.34,27,55
2007-05-24,14.2,14.71,26,54
2007-05-25,13.96,14.64,25,53
2007-05-29,13.83,14.43,21,49
2007-05-30,13.56,14.34,20,48
2007-05-31,13.57,14.26,19,47
2007-06-01,13.41,14.29,18,46
2007-06-04,13.57,14.34,15,43
2007-06-05,13.71,14.39,14,42
2007-06-06,14.33,14.76,13,41
2007-06-07,15.82,15.32,12,40
2007-06-08,15.08,15.14,11,39
2007-06-11,14.69,14.87,8,36
2007-06-12,15.5,15.27,7,35
2007-06-13,14.78,14.97,6,34
2007-06-14,13.86,14.65,5,33
2007-06-15,13.64,14.43,4,32
2007-06-18,13.41,14.48,1,29
2007-06-19,12.88,14.18,0,28
2007-06-20,15.03,15.13,27,62
2007-06-21,15.07,15.38,26,61
2007-06-22,15.77,15.81,25,60
2007-06-25,15.99,16.05,22,57
2007-06-26,16.64,16.53,21,56
2007-06-27,15.61,15.7,20,55
2007-06-28,15.55,15.84,19,54
2007-06-29,16.19,16.16,18,53
2007-07-02,15.72,15.9,15,50
2007-07-03,15.44,15.73,14,49
2007-07-05,15.63,16.03,12,47
2007-07-06,15.3,15.73,11,46
2007-07-09,15.41,15.73,8,43
2007-07-10,16.67,16.72,7,42
2007-07-11,16.24,16.65,6,41
2007-07-12,15.47,16.42,5,40
2007-07-13,15.45,16.5,4,39
2007-07-16,15.67,16.7,1,36
2007-07-17,15.57,16.84,0,35
2007-07-18,17.37,17.42,34,62
2007-07-19,17.18,17.36,33,61
2007-07-20,17.72,17.76,32,60
2007-07-23,17.55,17.63,29,57
2007-07-24,18.18,18.14,28,56
2007-07-25,18.07,18.18,27,55
2007-07-26,19.37,19.4,26,54
2007-07-27,20.07,19.71,25,53
2007-07-30,19.44,19.35,22,50
2007-07-31,20.52,20.77,21,49
2007-08-01,21.8,21.45,20,48
2007-08-02,20.81,20.65,19,47
2007-08-03,22.61,22.29,18,46
2007-08-06,22.08,21.84,15,43
2007-08-07,20.71,20.27,14,42
2007-08-08,20.16,20.25,13,41
2007-08-09,23.26,22.95,12,40
2007-08-10,27.18,23.63,11,39
2007-08-13,26.1,23.2,8,36
2007-08-14,26.94,24.3,7,35
2007-08-15,28.81,25.18,6,34
2007-08-16,30.61,27.25,5,33
2007-08-17,30.07,26.47,4,32
2007-08-20,26.34,24.45,1,29
2007-08-21,25.24,23.85,0,28
2007-08-22,22.7,21.73,27,55
2007-08-23,23.1,22.07,26,54
2007-08-24,22.23,21.29,25,53
2007-08-27,23.28,22.29,22,50
2007-08-28,25.21,24.16,21,49
2007-08-29,24.16,23.32,20,48
2007-08-30,24.45,23.41,19,47
2007-08-31,23.7,22.7,18,46
2007-09-04,22.78,21.87,14,42
2007-09-05,24.16,23.06,13,41
2007-09-06,23.98,22.89,12,40
2007-09-07,25.83,24.1,11,39
2007-09-10,26.72,24.67,8,36
2007-09-11,25.01,23.62,7,35
2007-09-12,24.94,23.88,6,34
2007-09-13,24.85,23.76,5,33
2007-09-14,24.8,23.78,4,32
2007-09-17,25.37,24.34,1,29
2007-09-18,20.18,21.39,0,28
2007-09-19,20.57,20.23,27,62
2007-09-20,20.82,20.75,26,61
2007-09-21,19.87,19.98,25,60
2007-09-24,19.71,19.91,22,57
2007-09-25,19.88,20.11,21,56
2007-09-26,19.03,19.56,20,55
2007-09-27,18.72,19.39,19,54
2007-09-28,18.92,19.79,18,53
2007-10-01,18.43,19.34,15,50
2007-10-02,18.92,19.69,14,49
2007-10-03,19.1,19.99,13,48
2007-10-04,19.26,20.15,12,47
2007-10-05,17.93,19.27,11,46
2007-10-08,18.2,19.51,8,43
2007-10-09,17.06,18.64,7,42
2007-10-10,17.31,18.62,6,41
2007-10-11,18.53,19.8,5,40
2007-10-12,17.95,19.45,4,39
2007-10-15,19.17,20.41,1,36
2007-10-16,20.03,21.33,0,35
2007-10-17,21.07,20.95,34,62
2007-10-18,21.09,20.92,33,61
2007-10-19,22.54,22.3,32,60
2007-10-22,22.27,21.74,29,57
2007-10-23,21.56,21.23,28,56
2007-10-24,22.01,21.57,27,55
2007-10-25,21.71,21.68,26,54
2007-10-26,20.73,21.04,25,53
2007-10-29,20.27,20.91,22,50
2007-10-30,20.96,21.64,21,49
2007-10-31,19.06,20.3,20,48
2007-11-01,22.33,22.46,19,47
2007-11-02,22.98,23.07,18,46
2007-11-05,23.94,23.91,15,43
2007-11-06,22.45,22.92,14,42
2007-11-07,25.22,25.23,13,41
2007-11-08,25.24,25.05,12,40
2007-11-09,26.96,26.36,11,39
2007-11-12,27.64,26.64,8,36
2007-11-13,24.65,24.82,7,35
2007-11-14,25.3,25.15,6,34
2007-11-15,27.42,26.7,5,33
2007-11-16,26.04,26.45,4,32
2007-11-19,25.61,26.92,1,29
2007-11-20,25.08,26.18,0,28
2007-11-21,26.81,26.74,27,55
2007-11-23,25.86,25.98,25,53
2007-11-26,27.32,26.97,22,50
2007-11-27,26.65,26.53,21,49
2007-11-28,24.56,24.66,20,48
2007-11-29,24.86,24.77,19,47
2007-11-30,24.19,24.37,18,46
2007-12-03,24.29,24.56,15,43
2007-12-04,24.48,24.83,14,42
2007-12-05,23.06,23.95,13,41
2007-12-06,21.67,22.94,12,40
2007-12-07,21.97,23.27,11,39
2007-12-10,21.28,22.92,8,36
2007-12-11,22.92,23.91,7,35
2007-12-12,22.19,23.76,6,34
2007-12-13,22.04,23.95,5,33
2007-12-14,22.64,24.66,4,32
2007-12-17,23.75,25.45,1,29
2007-12-18,22.55,24.57,0,28
2007-12-19,24.42,24.38,27,62
2007-12-20,24.17,24.1,26,61
2007-12-21,23.1,23.29,25,60
2007-12-24,22.18,22.95,22,57
2007-12-26,22.02,22.79,20,55
2007-12-27,22.72,23.52,19,54
2007-12-28,22.81,23.72,18,53
2007-12-31,23.12,24.19,15,50
2008-01-02,23.86,24.49,13,48
2008-01-03,23.42,24.52,12,47
2008-01-04,24.68,25.3,11,46
2008-01-07,24.12,24.81,8,43
2008-01-08,25.54,25.9,7,42
2008-01-09,24.89,25.78,6,41
2008-01-10,24.07,24.95,5,40
2008-01-11,24.96,26.15,4,39
2008-01-14,23.36,25.1,1,36
2008-01-15,24.04,25.24,0,35
2008-01-16,24.99,25.03,34,62
2008-01-17,26.97,26.62,33,61
2008-01-18,27.24,26.71,32,60
2008-01-22,27.73,26.38,28,56
2008-01-23,26.4,25.3,27,55
2008-01-24,26.43,25.34,26,54
2008-01-25,26.75,25.8,25,53
2008-01-28,26.16,25.37,22,50
2008-01-29,26.25,25.25,21,49
2008-01-30,26.14,25.56,20,48
2008-01-31,25.64,25.31,19,47
2008-02-01,24.95,24.66,18,46
2008-02-04,25.81,25.56,15,43
2008-02-05,27.39,26.92,14,42
2008-02-06,28.19,27.6,13,41
2008-02-07,27.62,27.25,12,40
2008-02-08,28.39,27.63,11,39
2008-02-11,27.88,26.97,8,36
2008-02-12,27.06,26.72,7,35
2008-02-13,26.0,25.81,6,34
2008-02-14,26.28,26.18,5,33
2008-02-15,26.07,25.93,4,32
2008-02-19,25.61,25.7,28,56
2008-02-20,25.45,25.41,27,55
2008-02-21,25.42,25.45,26,54
2008-02-22,24.87,24.83,25,53
2008-02-25,24.17,24.34,22,50
2008-02-26,23.71,24.18,21,49
2008-02-27,23.88,24.45,20,48
2008-02-28,24.58,25.1,19,47
2008-02-29,26.1,26.36,18,46
2008-03-03,26.16,26.25,15,43
2008-03-04,25.72,25.79,14,42
2008-03-05,24.83,25.38,13,41
2008-03-06,26.76,26.99,12,40
2008-03-07,26.91,26.87,11,39
2008-03-10,27.75,27.6,8,36
2008-03-11,26.11,26.09,7,35
2008-03-12,26.68,26.92,6,34
2008-03-13,26.75,27.02,5,33
2008-03-14,29.03,28.52,4,32
2008-03-17,30.57,28.54,1,29
2008-03-18,25.95,26.2,0,28
2008-03-19,27.41,26.53,27,62
2008-03-20,27.0,26.08,26,61
2008-03-24,26.35,25.71,22,57
2008-03-25,26.32,25.87,21,56
2008-03-26,26.95,26.32,20,55
2008-03-27,26.64,26.46,19,54
2008-03-28,26.6,26.59,18,53
2008-03-31,26.01,26.3,15,50
2008-04-01,24.0,24.85,14,49
2008-04-02,24.64,25.03,13,48
2008-04-03,24.27,24.94,12,47
2008-04-04,23.96,24.95,11,46
2008-04-07,23.01,24.26,8,43
2008-04-08,23.02,24.07,7,42
2008-04-09,23.63,24.66,6,41
2008-04-10,22.85,24.33,5,40
2008-04-11,23.91,24.98,4,39
2008-04-14,23.84,24.88,1,36
2008-04-15,22.87,24.41,0,35
2008-04-16,22.96,23.23,34,62
2008-04-17,23.03,23.55,33,61
2008-04-18,22.2,22.84,32,60
2008-04-21,21.92,22.43,29,57
2008-04-22,22.1,22.62,28,56
2008-04-23,21.86,22.41,27,55
2008-04-24,21.23,22.05,26,54
2008-04-25,20.69,21.52,25,53
2008-04-28,20.54,21.33,22,50
2008-04-29,20.81,21.59,21,49
2008-04-30,21.24,22.14,20,48
2008-05-01,19.86,20.95,19,47
2008-05-02,19.66,20.63,18,46
2008-05-05,19.69,20.99,15,43
2008-05-06,18.82,20.26,14,42
2008-05-07,19.7,21.21,13,41
2008-05-08,19.67,21.25,12,40
2008-05-09,19.84,21.45,11,39
2008-05-12,18.94,20.82,8,36
2008-05-13,18.7,20.78,7,35
2008-05-14,18.3,20.32,6,34
2008-05-15,17.43,19.88,5,33
2008-05-16,17.15,20.14,4,32
2008-05-19,16.64,19.76,1,29
2008-05-20,17.37,20.82,0,28
2008-05-21,22.14,23.58,27,55
2008-05-22,21.72,23.56,26,54
2008-05-23,22.23,24.04,25,53
2008-05-27,21.49,23.7,21,49
2008-05-28,21.33,23.25,20,48
2008-05-29,19.97,22.07,19,47
2008-05-30,19.38,21.77,18,46
2008-06-02,20.64,22.8,15,43
2008-06-03,21.07,23.18,14,42
2008-06-04,21.3,23.09,13,41
2008-06-05,19.91,22.13,12,40
2008-06-06,22.98,23.94,11,39
2008-06-09,22.7,23.43,8,36
2008-06-10,22.72,23.47,7,35
2008-06-11,23.75,24.05,6,34
2008-06-12,22.85,23.88,5,33
2008-06-13,21.62,23.0,4,32
2008-06-16,20.86,22.74,1,29
2008-06-17,21.05,22.68,0,28
2008-06-18,23.35,23.37,27,62
2008-06-19,22.93,23.17,26,61
2008-06-20,23.51,23.43,25,60
2008-06-23,23.51,23.49,22,57
2008-06-24,23.63,23.7,21,56
2008-06-25,22.61,22.75,20,55
2008-06-26,24.72,24.25,19,54
2008-06-27,24.55,24.18,18,53
2008-06-30,24.19,23.93,15,50
2008-07-01,24.19,23.8,14,49
2008-07-02,25.53,24.95,13,48
2008-07-03,25.39,24.69,12,47
2008-07-07,25.85,24.78,8,43
2008-07-08,23.96,23.54,7,42
2008-07-09,25.47,24.69,6,41
2008-07-10,25.61,24.86,5,40
2008-07-11,27.15,25.25,4,39
2008-07-14,28.03,25.89,1,36
2008-07-15,28.43,26.12,0,35
2008-07-16,24.72,24.48,34,62
2008-07-17,24.25,23.99,33,61
2008-07-18,24.05,23.8,32,60
2008-07-21,23.4,23.44,29,57
2008-07-22,22.47,22.74,28,56
2008-07-23,22.43,22.78,27,55
2008-07-24,23.55,23.72,26,54
2008-07-25,23.45,23.63,25,53
2008-07-28,24.25,24.24,22,50
2008-07-29,22.68,22.99,21,49
2008-07-30,21.57,22.1,20,48
2008-07-31,22.77,22.94,19,47
2008-08-01,22.95,23.04,18,46
2008-08-04,22.78,23.01,15,43
2008-08-05,21.44,22.12,14,42
2008-08-06,20.7,21.58,13,41
2008-08-07,21.51,22.52,12,40
2008-08-08,20.91,21.87,11,39
2008-08-11,20.29,21.68,8,36
2008-08-12,21.28,22.46,7,35
2008-08-13,21.5,22.93,6,34
2008-08-14,20.8,22.15,5,33
2008-08-15,20.18,21.92,4,32
2008-08-18,20.66,22.21,1,29
2008-08-19,21.0,22.93,0,28
2008-08-20,22.45,23.16,27,62
2008-08-21,22.19,23.25,26,61
2008-08-22,21.59,22.92,25,60
2008-08-25,22.64,23.45,22,57
2008-08-26,22.4,23.24,21,56
2008-08-27,21.8,22.94,20,55
2008-08-28,21.12,22.68,19,54
2008-08-29,21.7,22.99,18,53
2008-09-02,22.08,23.19,14,49
2008-09-03,21.64,23.1,13,48
2008-09-04,23.78,24.31,12,47
2008-09-05,23.08,23.98,11,46
2008-09-08,21.99,23.39,8,43
2008-09-09,24.22,24.71,7,42
2008-09-10,23.59,24.31,6,41
2008-09-11,23.83,24.49,5,40
2008-09-12,24.68,24.57,4,39
2008-09-15,28.84,25.73,1,36
2008-09-16,29.68,25.17,0,35
2008-09-17,26.61,25.93,34,62
2008-09-18,25.31,25.01,33,61
2008-09-19,24.74,24.38,32,60
2008-09-22,26.56,25.41,29,57
2008-09-23,29.02,26.85,28,56
2008-09-24,28.65,26.68,27,55
2008-09-25,27.74,25.99,26,54
2008-09-26,28.64,26.25,25,53
2008-09-29,32.69,29.84,22,50
2008-09-30,30.66,28.22,21,49
2008-10-01,31.87,28.85,20,48
2008-10-02,34.1,30.64,19,47
2008-10-03,35.67,31.2,18,46
2008-10-06,37.37,31.94,15,43
2008-10-07,41.83,34.32,14,42
2008-10-08,45.56,35.39,13,41
2008-10-09,52.3,37.68,12,40
2008-10-10,56.71,38.31,11,39
2008-10-13,50.64,36.07,8,36
2008-10-14,49.05,37.94,7,35
2008-10-15,58.18,42.7,6,34
2008-10-16,63.88,42.78,5,33
2008-10-17,63.25,47.04,4,32
2008-10-20,52.31,45.05,1,29
2008-10-21,52.8,43.8,0,28
2008-10-22,48.33,39.71,27,55
2008-10-23,50.02,40.14,26,54
2008-10-24,55.82,43.56,25,53
2008-10-27,59.29,44.88,22,50
2008-10-28,53.7,42.77,21,49
2008-10-29,56.41,44.16,20,48
2008-10-30,55.37,44.2,19,47
2008-10-31,54.57,44.93,18,46
2008-11-03,51.96,44.71,15,43
2008-11-04,46.43,41.86,14,42
2008-11-05,50.2,43.85,13,41
2008-11-06,57.58,47.8,12,40
2008-11-07,54.65,47.48,11,39
2008-11-10,56.19,48.2,8,36
2008-11-11,58.38,49.38,7,35
2008-11-12,63.71,52.92,6,34
2008-11-13,56.87,50.03,5,33
2008-11-14,62.9,53.51,4,32
2008-11-17,67.95,56.25,1,29
2008-11-18,67.04,57.29,0,28
2008-11-19,62.9,56.87,27,62
2008-11-20,66.23,59.77,26,61
2008-11-21,62.78,56.9,25,60
2008-11-24,58.64,54.15,22,57
2008-11-25,57.18,52.61,21,56
2008-11-26,53.18,50.85,20,55
2008-11-28,53.21,50.6,18,53
2008-12-01,60.45,56.29,15,50
2008-12-02,57.93,55.3,14,49
2008-12-03,57.73,55.21,13,48
2008-12-04,60.49,57.62,12,47
2008-12-05,58.32,56.75,11,46
2008-12-08,55.26,54.67,8,43
2008-12-09,56.4,55.38,7,42
2008-12-10,55.26,54.44,6,41
2008-12-11,55.06,55.32,5,40
2008-12-12,54.58,54.46,4,39
2008-12-15,55.7,54.84,1,36
2008-12-16,52.44,52.25,0,35
2008-12-17,52.07,49.94,34,62
2008-12-18,50.31,48.93,33,61
2008-12-19,47.35,46.53,32,60
2008-12-22,45.51,45.63,29,57
2008-12-23,46.15,46.54,28,56
2008-12-24,45.73,45.96,27,55
2008-12-26,45.15,45.65,25,53
2008-12-29,46.34,46.76,22,50
2008-12-30,44.18,45.08,21,49
2008-12-31,41.94,42.93,20,48
2009-01-02,38.7,39.91,18,46
2009-01-05,39.96,40.16,15,43
2009-01-06,39.53,39.55,14,42
2009-01-07,43.52,42.5,13,41
2009-01-08,42.97,42.72,12,40
2009-01-09,44.55,44.15,11,39
2009-01-12,48.04,47.74,8,36
2009-01-13,46.67,46.81,7,35
2009-01-14,51.79,50.56,6,34
2009-01-15,53.26,49.93,5,33
2009-01-16,49.65,48.53,4,32
2009-01-20,57.9,54.66,0,28
2009-01-21,51.13,47.36,27,55
2009-01-22,50.54,47.37,26,54
2009-01-23,50.16,47.2,25,53
2009-01-26,47.55,45.63,22,50
2009-01-27,45.16,43.51,21,49
2009-01-28,42.31,40.75,20,48
2009-01-29,43.38,40.88,19,47
2009-01-30,44.99,42.18,18,46
2009-02-02,45.35,42.3,15,43
2009-02-03,43.15,40.95,14,42
2009-02-04,43.75,41.1,13,41
2009-02-05,43.25,40.5,12,40
2009-02-06,42.6,40.1,11,39
2009-02-09,42.5,40.5,8,36
2009-02-10,45.6,42.9,7,35
2009-02-11,44.6,42.2,6,34
2009-02-12,42.55,41.6,5,33
2009-02-13,43.6,42.35,4,32
2009-02-17,48.0,44.05,0,28
2009-02-18,44.85,42.65,27,55
2009-02-19,44.55,43.2,26,54
2009-02-20,46.7,44.75,25,53
2009-02-23,49.05,46.9,22,50
2009-02-24,44.5,43.9,21,49
2009-02-25,43.45,43.25,20,48
2009-02-26,44.0,43.75,19,47
2009-02-27,44.45,43.9,18,46
2009-03-02,47.85,46.05,15,43
2009-03-03,48.45,46.35,14,42
2009-03-04,44.75,42.9,13,41
2009-03-05,47.35,44.45,12,40
2009-03-06,46.65,44.15,11,39
2009-03-09,47.05,44.9,8,36
2009-03-10,43.15,41.6,7,35
2009-03-11,42.65,41.6,6,34
2009-03-12,41.1,41.1,5,33
2009-03-13,42.1,41.6,4,32
2009-03-16,43.0,43.1,1,29
2009-03-17,40.05,41.3,0,28
2009-03-18,40.95,39.15,27,62
2009-03-19,43.7,41.55,26,61
2009-03-20,47.05,44.45,25,60
2009-03-23,43.35,41.75,22,57
2009-03-24,44.0,42.25,21,56
2009-03-25,42.75,41.45,20,55
2009-03-26,41.45,40.45,19,54
2009-03-27,42.95,41.6,18,53
2009-03-30,46.35,44.05,15,50
2009-03-31,45.05,43.95,14,49
2009-04-01,43.65,43.25,13,48
2009-04-02,42.95,42.5,12,47
2009-04-03,41.7,41.8,11,46
2009-04-06,41.95,42.15,8,43
2009-04-07,41.65,42.45,7,42
2009-04-08,40.6,41.55,6,41
2009-04-09,38.3,39.9,5,40
2009-04-13,37.05,39.7,1,36
2009-04-14,37.85,39.6,0,35
2009-04-15,38.8,38.8,34,62
2009-04-16,37.35,37.5,33,61
2009-04-17,36.6,36.65,32,60
2009-04-20,39.5,38.95,29,57
2009-04-21,37.9,37.65,28,56
2009-04-22,38.45,38.05,27,55
2009-04-23,37.8,37.4,26,54
2009-04-24,37.8,37.65,25,53
2009-04-27,38.75,38.45,22,50
2009-04-28,38.2,38.15,21,49
2009-04-29,36.45,36.7,20,48
2009-04-30,36.95,37.0,19,47
2009-05-01,36.35,36.55,18,46
2009-05-04,34.8,34.75,15,43
2009-05-05,34.6,34.8,14,42
2009-05-06,33.05,33.8,13,41
2009-05-07,33.7,34.15,12,40
2009-05-08,32.2,32.8,11,39
2009-05-11,32.45,33.0,8,36
2009-05-12,31.95,32.85,7,35
2009-05-13,33.4,33.85,6,34
2009-05-14,31.6,32.5,5,33
2009-05-15,33.15,33.2,4,32
2009-05-18,29.85,30.85,1,29
2009-05-19,28.5,30.4,0,28
2009-05-20,30.5,31.4,27,62
2009-05-21,32.2,32.85,26,61
2009-05-22,32.75,33.05,25,60
2009-05-26,31.15,32.0,21,56
2009-05-27,32.1,32.9,20,55
2009-05-28,31.55,32.4,19,54
2009-05-29,30.35,31.5,18,53
2009-06-01,29.6,30.75,15,50
2009-06-02,29.6,31.0,14,49
2009-06-03,31.15,32.65,13,48
2009-06-04,30.8,32.25,12,47
2009-06-05,30.55,32.2,11,46
2009-06-08,30.25,32.0,8,43
2009-06-09,29.1,30.95,7,42
2009-06-10,29.1,31.2,6,41
2009-06-11,28.1,30.6,5,40
2009-06-12,28.35,29.95,4,39
2009-06-15,30.2,31.35,1,36
2009-06-16,31.85,32.4,0,35
2009-06-17,32.65,32.1,34,62
2009-06-18,32.4,31.85,33,61
2009-06-19,31.35,31.55,32,60
2009-06-22,32.75,32.55,29,57
2009-06-23,32.05,32.15,28,56
2009-06-24,30.6,31.35,27,55
2009-06-25,29.1,30.25,26,54
2009-06-26,28.55,29.85,25,53
2009-06-29,27.45,28.95,22,50
2009-06-30,28.05,29.25,21,49
2009-07-01,27.65,29.2,20,48
2009-07-02,29.3,30.65,19,47
2009-07-06,29.0,30.4,15,43
2009-07-07,30.25,31.45,14,42
2009-07-08,30.8,31.8,13,41
2009-07-09,29.75,31.75,12,40
2009-07-10,29.8,31.95,11,39
2009-07-13,27.55,30.8,8,36
2009-07-14,27.0,30.25,7,35
2009-07-15,26.45,29.25,6,34
2009-07-16,25.9,28.95,5,33
2009-07-17,25.6,29.0,4,32
2009-07-20,24.55,28.4,1,29
2009-07-21,24.05,27.85,0,28
2009-07-22,27.2,29.2,27,55
2009-07-23,26.25,28.45,26,54
2009-07-24,26.0,28.55,25,53
2009-07-27,26.35,28.95,22,50
2009-07-28,27.3,29.85,21,49
2009-07-29,27.65,30.05,20,48
2009-07-30,27.05,29.3,19,47
2009-07-31,27.25,29.7,18,46
2009-08-03,26.45,29.1,15,43
2009-08-04,26.3,28.85,14,42
2009-08-05,26.05,28.85,13,41
2009-08-06,26.6,28.95,12,40
2009-08-07,25.65,28.05,11,39
2009-08-10,25.6,28.1,8,36
2009-08-11,26.2,28.6,7,35
2009-08-12,25.55,28.35,6,34
2009-08-13,25.05,27.8,5,33
2009-08-14,25.2,28.3,4,32
2009-08-17,27.6,29.9,1,29
2009-08-18,26.35,29.25,0,28
2009-08-19,28.35,30.55,27,62
2009-08-20,27.8,30.1,26,61
2009-08-21,27.35,30.0,25,60
2009-08-24,27.4,29.9,22,57
2009-08-25,27.75,30.05,21,56
2009-08-26,28.3,30.4,20,55
2009-08-27,27.8,30.25,19,54
2009-08-28,28.1,30.5,18,53
2009-08-31,28.5,30.95,15,50
2009-09-01,30.05,32.25,14,49
2009-09-02,30.5,32.65,13,48
2009-09-03,28.95,31.25,12,47
2009-09-04,27.6,30.45,11,46
2009-09-08,26.7,29.45,7,42
2009-09-09,25.95,28.6,6,41
2009-09-10,24.45,27.35,5,40
2009-09-11,24.75,27.7,4,39
2009-09-14,23.85,27.05,1,36
2009-09-15,23.5,27.15,0,35
2009-09-16,25.95,27.65,34,62
2009-09-17,26.1,27.75,33,61
2009-09-18,26.75,28.35,32,60
2009-09-21,26.7,28.4,29,57
2009-09-22,26.1,28.05,28,56
2009-09-23,26.35,28.15,27,55
2009-09-24,26.9,28.5,26,54
2009-09-25,27.0,28.55,25,53
2009-09-28,25.85,27.95,22,50
2009-09-29,25.9,27.85,21,49
2009-09-30,26.3,27.95,20,48
2009-10-01,27.8,28.75,19,47
2009-10-02,27.85,28.8,18,46
2009-10-05,26.8,27.95,15,43
2009-10-06,26.0,27.45,14,42
2009-10-07,25.4,27.35,13,41
2009-10-08,25.05,27.05,12,40
2009-10-09,24.55,26.5,11,39
2009-10-12,24.05,25.75,8,36
2009-10-13,23.55,25.6,7,35
2009-10-14,23.25,25.4,6,34
2009-10-15,22.35,24.9,5,33
2009-10-16,22.35,25.3,4,32
2009-10-19,21.4,24.65,1,29
2009-10-20,21.1,24.55,0,28
2009-10-21,24.55,25.65,27,55
2009-10-22,23.65,25.1,26,54
2009-10-23,24.05,25.45,25,53
2009-10-26,24.55,25.95,22,50
2009-10-27,24.65,25.85,21,49
2009-10-28,26.65,26.9,20,48
2009-10-29,25.05,25.8,19,47
2009-10-30,27.85,27.7,18,46
2009-11-02,28.0,28.1,15,43
2009-11-03,28.1,28.3,14,42
2009-11-04,27.6,28.05,13,41
2009-11-05,25.9,27.25,12,40
2009-11-06,25.1,26.4,11,39
2009-11-09,23.5,24.9,8,36
2009-11-10,23.5,25.1,7,35
2009-11-11,23.65,25.15,6,34
2009-11-12,24.8,26.25,5,33
2009-11-13,24.25,25.85,4,32
2009-11-16,23.4,25.45,1,29
2009-11-17,22.55,25.35,0,28
2009-11-18,24.4,26.85,27,62
2009-11-19,24.7,27.25,26,61
2009-11-20,24.2,27.0,25,60
2009-11-23,22.85,26.4,22,57
2009-11-24,22.7,26.05,21,56
2009-11-25,22.35,25.8,20,55
2009-11-27,24.05,27.15,18,53
2009-11-30,24.1,27.15,15,50
2009-12-01,23.05,26.3,14,49
2009-12-02,22.65,26.2,13,48
2009-12-03,23.25,26.65,12,47
2009-12-04,22.6,26.15,11,46
2009-12-07,22.5,26.05,8,43
2009-12-08,23.5,26.55,7,42
2009-12-09,23.05,26.45,6,41
2009-12-10,22.5,26.1,5,40
2009-12-11,22.1,26.0,4,39
2009-12-14,21.1,25.55,1,36
2009-12-15,21.35,25.25,0,35
2009-12-16,24.1,26.5,34,62
2009-12-17,24.45,26.75,33,61
2009-12-18,24.1,26.4,32,60
2009-12-21,23.25,25.65,29,57
2009-12-22,22.65,25.1,28,56
2009-12-23,22.45,24.9,27,55
2009-12-24,22.1,24.75,26,54
2009-12-28,21.85,24.65,22,50
2009-12-29,22.0,24.75,21,49
2009-12-30,22.4,25.05,20,48
2009-12-31,22.95,25.8,19,47
2010-01-04,22.1,24.85,15,43
2010-01-05,21.55,24.45,14,42
2010-01-06,20.8,23.55,13,41
2010-01-07,20.45,23.15,12,40
2010-01-08,19.9,22.55,11,39
2010-01-11,19.5,22.25,8,36
2010-01-12,20.25,22.8,7,35
2010-01-13,19.4,22.5,6,34
2010-01-14,18.95,22.0,5,33
2010-01-15,19.65,22.55,4,32
2010-01-19,17.85,21.55,0,28
2010-01-20,21.4,22.85,27,55
2010-01-21,22.65,24.1,26,54
2010-01-22,24.75,25.15,25,53
2010-01-25,24.35,24.95,22,50
2010-01-26,24.55,25.3,21,49
2010-01-27,23.75,24.7,20,48
2010-01-28,24.0,24.9,19,47
2010-01-29,24.65,25.35,18,46
2010-02-01,23.05,24.25,15,43
2010-02-02,22.1,23.45,14,42
2010-02-03,22.15,23.55,13,41
2010-02-04,25.6,25.65,12,40
2010-02-05,26.1,25.85,11,39
2010-02-08,26.4,26.2,8,36
2010-02-09,25.55,25.65,7,35
2010-02-10,25.5,25.55,6,34
2010-02-11,24.45,24.95,5,33
2010-02-12,24.45,24.9,4,32
2010-02-16,22.6,23.6,0,28
2010-02-17,22.75,24.7,27,62
2010-02-18,21.8,24.1,26,61
2010-02-19,21.35,23.7,25,60
2010-02-22,20.95,23.25,22,57
2010-02-23,21.65,23.9,21,56
2010-02-24,21.1,23.65,20,55
2010-02-25,20.95,23.75,19,54
2010-02-26,20.4,23.5,18,53
2010-03-01,20.0,23.05,15,50
2010-03-02,19.8,22.8,14,49
2010-03-03,19.6,22.6,13,48
2010-03-04,19.6,22.5,12,47
2010-03-05,18.55,21.6,11,46
2010-03-08,18.35,21.25,8,43
2010-03-09,18.5,21.25,7,42
2010-03-10,18.6,21.4,6,41
2010-03-11,18.6,21.6,5,40
2010-03-12,18.35,21.45,4,39
2010-03-15,18.1,21.5,1,36
2010-03-16,17.45,20.9,0,35
2010-03-17,20.1,21.75,34,62
2010-03-18,19.8,21.45,33,61
2010-03-19,20.2,21.7,32,60
2010-03-22,19.9,21.65,29,57
2010-03-23,19.45,21.35,28,56
2010-03-24,19.9,21.65,27,55
2010-03-25,20.1,21.95,26,54
2010-03-26,19.9,21.7,25,53
2010-03-29,19.5,21.25,22,50
2010-03-30,19.1,21.0,21,49
2010-03-31,18.95,21.0,20,48
2010-04-01,18.8,21.05,19,47
2010-04-05,18.0,20.35,15,43
2010-04-06,17.45,19.85,14,42
2010-04-07,17.9,20.1,13,41
2010-04-08,17.45,19.85,12,40
2010-04-09,17.2,19.65,11,39
2010-04-12,17.1,19.65,8,36
2010-04-13,17.15,19.75,7,35
2010-04-14,16.7,19.3,6,34
2010-04-15,16.7,19.3,5,33
2010-04-16,18.2,19.95,4,32
2010-04-19,17.4,19.5,1,29
2010-04-20,16.0,18.6,0,28
2010-04-21,18.7,20.75,27,55
2010-04-22,18.65,20.75,26,54
2010-04-23,18.5,20.75,25,53
2010-04-26,18.75,20.95,22,50
2010-04-27,21.05,22.4,21,49
2010-04-28,20.8,22.2,20,48
2010-04-29,19.65,21.65,19,47
2010-04-30,21.6,23.0,18,46
2010-05-03,20.55,22.6,15,43
2010-05-04,23.0,24.45,14,42
2010-05-05,24.15,25.45,13,41
2010-05-06,29.2,29.1,12,40
2010-05-07,32.95,30.95,11,39
2010-05-10,27.45,27.05,8,36
2010-05-11,27.1,27.05,7,35
2010-05-12,25.05,25.8,6,34
2010-05-13,25.85,26.4,5,33
2010-05-14,30.1,28.75,4,32
2010-05-17,30.3,29.0,1,29
2010-05-18,32.7,30.95,0,28
2010-05-19,31.65,32.05,27,62
2010-05-20,35.95,35.7,26,61
2010-05-21,35.75,35.7,25,60
2010-05-24,35.1,35.1,22,57
2010-05-25,33.75,34.1,21,56
2010-05-26,32.8,33.3,20,55
2010-05-27,29.65,30.95,19,54
2010-05-28,30.4,31.3,18,53
2010-06-01,32.55,32.65,14,49
2010-06-02,29.85,31.0,13,48
2010-06-03,29.6,30.7,12,47
2010-06-04,33.55,32.8,11,46
2010-06-07,35.45,34.1,8,43
2010-06-08,33.45,32.95,7,42
2010-06-09,33.4,33.35,6,41
2010-06-10,30.65,31.55,5,40
2010-06-11,29.3,30.9,4,39
2010-06-14,28.55,30.3,1,36
2010-06-15,25.85,28.55,0,35
2010-06-16,27.8,28.95,34,62
2010-06-17,27.3,28.6,33,61
2010-06-18,26.85,28.0,32,60
2010-06-21,27.1,28.15,29,57
2010-06-22,28.4,29.0,28,56
2010-06-23,28.75,29.55,27,55
2010-06-24,30.65,30.8,26,54
2010-06-25,29.75,30.35,25,53
2010-06-28,30.15,31.05,22,50
2010-06-29,33.5,33.45,21,49
2010-06-30,33.9,34.15,20,48
2010-07-01,33.35,34.15,19,47
2010-07-02,32.05,33.4,18,46
2010-07-06,29.8,31.9,14,42
2010-07-07,27.6,30.05,13,41
2010-07-08,27.05,29.5,12,40
2010-07-09,26.55,29.05,11,39
2010-07-12,25.85,28.35,8,36
2010-07-13,25.8,28.15,7,35
2010-07-14,26.75,28.95,6,34
2010-07-15,26.5,29.3,5,33
2010-07-16,28.1,30.6,4,32
2010-07-19,26.8,30.3,1,29
2010-07-20,24.4,28.5,0,28
2010-07-21,28.85,31.45,27,55
2010-07-22,27.3,30.2,26,54
2010-07-23,26.6,29.6,25,53
2010-07-26,25.55,28.75,22,50
2010-07-27,25.45,28.45,21,49
2010-07-28,25.75,28.8,20,48
2010-07-29,25.75,28.75,19,47
2010-07-30,25.45,28.6,18,46
2010-08-02,23.85,27.15,15,43
2010-08-03,24.1,27.5,14,42
2010-08-04,23.75,27.35,13,41
2010-08-05,23.8,27.65,12,40
2010-08-06,23.7,27.75,11,39
2010-08-09,23.1,27.4,8,36
2010-08-10,23.25,27.55,7,35
2010-08-11,25.7,29.6,6,34
2010-08-12,26.15,30.05,5,33
2010-08-13,26.75,30.7,4,32
2010-08-16,26.0,30.35,1,29
2010-08-17,24.35,29.45,0,28
2010-08-18,29.0,31.1,27,62
2010-08-19,29.9,32.15,26,61
2010-08-20,29.6,32.25,25,60
2010-08-23,29.0,32.15,22,57
2010-08-24,29.8,32.85,21,56
2010-08-25,29.15,32.3,20,55
2010-08-26,29.55,32.5,19,54
2010-08-27,27.55,30.9,18,53
2010-08-30,28.45,31.75,15,50
2010-08-31,27.9,31.25,14,49
2010-09-01,25.8,29.75,13,48
2010-09-02,25.0,29.15,12,47
2010-09-03,23.6,27.85,11,46
2010-09-07,24.45,28.6,7,42
2010-09-08,23.85,27.85,6,41
2010-09-09,23.75,27.55,5,40
2010-09-10,23.05,27.0,4,39
2010-09-13,21.7,25.7,1,36
2010-09-14,21.7,25.7,0,35
2010-09-15,25.2,27.45,34,62
2010-09-16,25.1,27.6,33,61
2010-09-17,25.05,27.8,32,60
2010-09-20,24.35,27.35,29,57
2010-09-21,24.45,27.4,28,56
2010-09-22,24.95,27.65,27,55
2010-09-23,25.8,28.25,26,54
2010-09-24,24.2,27.2,25,53
2010-09-27,24.35,27.25,22,50
2010-09-28,24.3,27.25,21,49
2010-09-29,24.7,27.65,20,48
2010-09-30,25.45,28.2,19,47
2010-10-01,24.75,27.85,18,46
2010-10-04,25.15,28.2,15,43
2010-10-05,23.65,27.05,14,42
2010-10-06,23.25,26.8,13,41
2010-10-07,22.95,26.7,12,40
2010-10-08,21.95,25.7,11,39
2010-10-11,21.3,25.1,8,36
2010-10-12,20.65,24.25,7,35
2010-10-13,20.65,23.55,6,34
2010-10-14,21.55,24.2,5,33
2010-10-15,20.95,24.05,4,32
2010-10-18,19.85,23.3,1,29
2010-10-19,20.95,23.85,0,28
2010-10-20,22.6,25.05,27,62
2010-10-21,22.0,24.65,26,61
2010-10-22,21.1,23.95,25,60
2010-10-25,20.95,23.7,22,57
2010-10-26,21.4,23.9,21,56
2010-10-27,21.85,24.2,20,55
2010-10-28,21.75,24.3,19,54
2010-10-29,21.75,24.25,18,53
2010-11-01,21.55,24.2,15,50
2010-11-02,21.0,23.75,14,49
2010-11-03,19.8,22.35,13,48
2010-11-04,18.5,21.0,12,47
2010-11-05,18.55,20.95,11,46
2010-11-08,18.7,21.05,8,43
2010-11-09,18.9,21.1,7,42
2010-11-10,18.65,20.9,6,41
2010-11-11,18.95,21.05,5,40
2010-11-12,20.35,22.25,4,39
2010-11-15,19.75,21.95,1,36
2010-11-16,22.25,22.8,0,35
2010-11-17,22.3,25.4,34,62
2010-11-18,20.75,24.2,33,61
2010-11-19,20.5,23.9,32,60
2010-11-22,19.8,23.25,29,57
2010-11-23,20.75,24.1,28,56
2010-11-24,19.8,23.3,27,55
2010-11-26,21.25,24.25,25,53
2010-11-29,21.45,24.5,22,50
2010-11-30,23.2,25.8,21,49
2010-12-01,21.9,24.75,20,48
2010-12-02,19.85,23.0,19,47
2010-12-03,19.05,22.15,18,46
2010-12-06,18.6,21.6,15,43
2010-12-07,18.6,21.45,14,42
2010-12-08,18.2,20.7,13,41
2010-12-09,18.0,20.2,12,40
2010-12-10,18.05,20.05,11,39
2010-12-13,18.3,20.3,8,36
2010-12-14,18.7,20.45,7,35
2010-12-15,19.05,20.8,6,34
2010-12-16,18.4,20.5,5,33
2010-12-17,17.6,20.25,4,32
2010-12-20,16.75,19.65,1,29
2010-12-21,16.75,19.25,0,28
2010-12-22,19.25,21.3,27,55
2010-12-23,19.85,21.55,26,54
2010-12-27,20.45,21.75,22,50
2010-12-28,20.55,21.9,21,49
2010-12-29,20.25,21.85,20,48
2010-12-30,20.1,21.7,19,47
2010-12-31,19.7,21.6,18,46
2011-01-03,19.3,21.35,15,43
2011-01-04,19.1,21.3,14,42
2011-01-05,18.7,20.95,13,41
2011-01-06,18.65,20.9,12,40
2011-01-07,18.7,21.0,11,39
2011-01-10,18.65,21.0,8,36
2011-01-11,17.95,20.4,7,35
2011-01-12,17.0,19.45,6,34
2011-01-13,16.95,19.3,5,33
2011-01-14,16.25,18.4,4,32
2011-01-18,15.9,17.85,0,28
2011-01-19,18.75,20.9,27,55
2011-01-20,18.65,20.85,26,54
2011-01-21,18.85,21.0,25,53
2011-01-24,18.4,20.55,22,50
2011-01-25,18.2,20.35,21,49
2011-01-26,17.55,19.75,20,48
2011-01-27,17.25,19.4,19,47
2011-01-28,19.4,20.65,18,46
2011-01-31,19.1,20.45,15,43
2011-02-01,17.95,19.6,14,42
2011-02-02,18.05,19.55,13,41
2011-02-03,17.7,19.35,12,40
2011-02-04,17.25,18.85,11,39
2011-02-07,16.95,18.45,8,36
2011-02-08,16.85,18.2,7,35
2011-02-09,16.85,18.25,6,34
2011-02-10,16.9,18.3,5,33
2011-02-11,16.6,18.05,4,32
2011-02-14,16.45,17.85,1,29
2011-02-15,16.7,18.05,0,28
2011-02-16,18.3,19.35,27,62
2011-02-17,18.45,19.65,26,61
2011-02-18,18.6,19.8,25,60
2011-02-22,21.15,21.6,21,56
2011-02-23,22.25,22.55,20,55
2011-02-24,21.85,22.35,19,54
2011-02-25,20.15,21.15,18,53
2011-02-28,19.2,20.3,15,50
2011-03-01,21.2,21.7,14,49
2011-03-02,21.1,21.6,13,48
2011-03-03,19.7,20.7,12,47
2011-03-04,20.05,21.15,11,46
2011-03-07,21.05,21.8,8,43
2011-03-08,20.45,21.4,7,42
2011-03-09,21.05,21.8,6,41
2011-03-10,22.25,22.7,5,40
2011-03-11,21.3,22.05,4,39
2011-03-14,21.7,22.3,1,36
2011-03-15,24.6,23.45,0,35
2011-03-16,24.9,25.15,34,62
2011-03-17,24.15,24.4,33,61
2011-03-18,23.35,23.65,32,60
2011-03-21,21.6,22.3,29,57
2011-03-22,21.5,22.25,28,56
2011-03-23,20.5,21.6,27,55
2011-03-24,19.95,21.05,26,54
2011-03-25,19.75,21.05,25,53
2011-03-28,20.3,21.55,22,50
2011-03-29,19.6,20.95,21,49
2011-03-30,19.25,20.7,20,48
2011-03-31,19.3,20.8,19,47
2011-04-01,19.05,20.55,18,46
2011-04-04,18.7,20.25,15,43
2011-04-05,18.55,20.15,14,42
2011-04-06,18.35,20.15,13,41
2011-04-07,18.4,20.35,12,40
2011-04-08,18.65,20.65,11,39
2011-04-11,18.4,20.45,8,36
2011-04-12,18.7,20.7,7,35
2011-04-13,18.3,20.35,6,34
2011-04-14,17.9,20.15,5,33
2011-04-15,16.75,19.65,4,32
2011-04-18,17.3,20.2,1,29
2011-04-19,16.0,19.1,0,28
2011-04-20,18.15,20.35,27,55
2011-04-21,17.9,20.0,26,54
2011-04-25,17.45,19.6,22,50
2011-04-26,17.3,19.2,21,49
2011-04-27,17.0,18.75,20,48
2011-04-28,16.75,18.4,19,47
2011-04-29,16.7,18.35,18,46
2011-05-02,17.25,18.8,15,43
2011-05-03,17.7,19.35,14,42
2011-05-04,17.95,19.55,13,41
2011-05-05,18.3,19.8,12,40
2011-05-06,18.15,19.55,11,39
2011-05-09,17.45,18.85,8,36
2011-05-10,16.65,18.2,7,35
2011-05-11,17.2,18.65,6,34
2011-05-12,16.65,18.35,5,33
2011-05-13,17.35,18.65,4,32
2011-05-16,18.0,19.05,1,29
2011-05-17,17.75,18.7,0,28
2011-05-18,18.05,19.75,27,62
2011-05-19,17.65,19.6,26,61
2011-05-20,18.05,20.0,25,60
2011-05-23,18.55,20.3,22,57
2011-05-24,18.3,20.15,21,56
2011-05-25,17.95,19.9,20,55
2011-05-26,17.45,19.35,19,54
2011-05-27,17.1,19.05,18,53
2011-05-31,16.55,18.55,14,49
2011-06-01,17.95,19.55,13,48
2011-06-02,17.8,19.35,12,47
2011-06-03,17.95,19.45,11,46
2011-06-06,18.2,19.65,8,43
2011-06-07,18.1,19.35,7,42
2011-06-08,18.5,19.55,6,41
2011-06-09,17.75,19.0,5,40
2011-06-10,18.9,19.6,4,39
2011-06-13,19.55,20.0,1,36
2011-06-14,18.2,19.2,0,35
2011-06-15,20.95,21.25,34,62
2011-06-16,21.95,22.3,33,61
2011-06-17,21.45,22.0,32,60
2011-06-20,20.45,21.15,29,57
2011-06-21,19.95,20.8,28,56
2011-06-22,20.3,21.1,27,55
2011-06-23,19.85,20.8,26,54
2011-06-24,21.05,21.55,25,53
2011-06-27,20.6,21.0,22,50
2011-06-28,19.5,20.2,21,49
2011-06-29,18.5,19.35,20,48
2011-06-30,17.7,18.75,19,47
2011-07-01,16.95,17.95,18,46
2011-07-05,16.95,18.1,14,42
2011-07-06,17.25,18.35,13,41
2011-07-07,16.75,17.85,12,40
2011-07-08,17.1,18.25,11,39
2011-07-11,18.85,19.6,8,36
2011-07-12,19.6,20.0,7,35
2011-07-13,19.9,20.05,6,34
2011-07-14,20.65,20.65,5,33
2011-07-15,20.15,20.2,4,32
2011-07-18,21.15,21.0,1,29
2011-07-19,19.25,19.75,0,28
2011-07-20,19.35,21.0,27,62
2011-07-21,18.35,20.05,26,61
2011-07-22,18.25,19.9,25,60
2011-07-25,19.35,20.3,22,57
2011-07-26,19.65,20.7,21,56
2011-07-27,21.3,21.75,20,55
2011-07-28,21.35,21.7,19,54
2011-07-29,21.1,21.1,18,53
2011-08-01,20.7,20.6,15,50
2011-08-02,22.3,22.0,14,49
2011-08-03,22.0,21.85,13,48
2011-08-04,27.45,25.9,12,47
2011-08-05,29.15,26.2,11,46
2011-08-08,36.55,30.2,8,43
2011-08-09,30.5,25.4,7,42
2011-08-10,36.0,28.75,6,41
2011-08-11,35.15,27.65,5,40
2011-08-12,35.0,27.85,4,39
2011-08-15,32.1,26.7,1,36
2011-08-16,33.65,26.9,0,35
2011-08-17,27.95,26.8,34,62
2011-08-18,33.4,30.2,33,61
2011-08-19,35.35,31.6,32,60
2011-08-22,36.45,32.65,29,57
2011-08-23,34.3,31.75,28,56
2011-08-24,33.55,31.45,27,55
2011-08-25,34.75,31.75,26,54
2011-08-26,34.0,31.0,25,53
2011-08-29,31.65,29.7,22,50
2011-08-30,32.5,30.55,21,49
2011-08-31,31.65,30.2,20,48
2011-09-01,32.15,30.7,19,47
2011-09-02,34.5,32.05,18,46
2011-09-06,35.75,32.85,14,42
2011-09-07,33.55,31.4,13,41
2011-09-08,34.6,32.15,12,40
2011-09-09,38.55,34.55,11,39
2011-09-12,38.3,35.05,8,36
2011-09-13,37.85,35.15,7,35
2011-09-14,35.75,34.1,6,34
2011-09-15,33.2,32.55,5,33
2011-09-16,32.05,31.85,4,32
2011-09-19,33.7,33.1,1,29
2011-09-20,33.5,32.95,0,28
2011-09-21,35.75,33.75,27,55
2011-09-22,38.55,35.75,26,54
2011-09-23,39.1,35.9,25,53
2011-09-26,37.5,34.7,22,50
2011-09-27,36.75,34.3,21,49
2011-09-28,39.45,36.05,20,48
2011-09-29,38.6,35.3,19,47
2011-09-30,42.15,37.75,18,46
2011-10-03,45.05,40.55,15,43
2011-10-04,40.8,38.1,14,42
2011-10-05,38.45,36.3,13,41
2011-10-06,37.85,35.9,12,40
2011-10-07,37.95,35.95,11,39
2011-10-10,34.7,33.65,8,36
2011-10-11,34.5,33.5,7,35
2011-10-12,32.25,31.45,6,34
2011-10-13,32.1,31.2,5,33
2011-10-14,29.75,29.35,4,32
2011-10-17,34.2,32.95,1,29
2011-10-18,32.15,31.0,0,28
2011-10-19,33.85,31.55,27,62
2011-10-20,34.1,31.55,26,61
2011-10-21,31.6,30.0,25,60
2011-10-24,29.75,28.85,22,57
2011-10-25,32.4,30.25,21,56
2011-10-26,30.5,29.2,20,55
2011-10-27,26.2,25.8,19,54
2011-10-28,26.25,25.55,18,53
2011-10-31,29.95,28.2,15,50
2011-11-01,33.95,31.25,14,49
2011-11-02,32.7,30.4,13,48
2011-11-03,30.95,29.25,12,47
2011-11-04,31.4,29.85,11,46
2011-11-07,31.1,29.75,8,43
2011-11-08,28.9,28.35,7,42
2011-11-09,36.45,33.45,6,41
2011-11-10,33.45,31.5,5,40
2011-11-11,31.4,30.2,4,39
2011-11-14,32.1,30.75,1,36
2011-11-15,32.05,30.7,0,35
2011-11-16,32.65,33.6,34,62
2011-11-17,33.75,34.65,33,61
2011-11-18,32.35,33.75,32,60
2011-11-21,32.95,34.35,29,57
2011-11-22,32.3,33.85,28,56
2011-11-23,33.6,35.05,27,55
2011-11-25,34.5,35.6,25,53
2011-11-28,32.0,33.7,22,50
2011-11-29,31.35,33.2,21,49
2011-11-30,28.35,30.9,20,48
2011-12-01,27.9,30.15,19,47
2011-12-02,27.8,29.9,18,46
2011-12-05,27.8,29.7,15,43
2011-12-06,28.1,29.95,14,42
2011-12-07,28.6,30.6,13,41
2011-12-08,30.15,32.1,12,40
2011-12-09,27.2,29.55,11,39
2011-12-12,27.6,30.1,8,36
2011-12-13,27.1,29.9,7,35
2011-12-14,27.1,30.1,6,34
2011-12-15,26.35,28.9,5,33
2011-12-16,26.1,28.85,4,32
2011-12-19,25.6,28.35,1,29
2011-12-20,23.85,26.55,0,28
2011-12-21,24.5,25.85,27,55
2011-12-22,25.1,26.0,26,54
2011-12-23,25.7,26.4,25,53
2011-12-27,25.45,26.2,21,49
2011-12-28,26.7,27.1,20,48
2011-12-29,25.95,26.55,19,47
2011-12-30,26.7,27.15,18,46
2012-01-03,24.8,25.8,14,42
2012-01-04,24.2,25.3,13,41
2012-01-05,23.75,24.9,12,40
2012-01-06,23.05,24.4,11,39
2012-01-09,22.85,24.15,8,36
2012-01-10,22.35,23.65,7,35
2012-01-11,22.95,24.15,6,34
2012-01-12,22.2,23.75,5,33
2012-01-13,22.55,24.1,4,32
2012-01-17,22.45,23.95,0,28
2012-01-18,23.2,24.95,27,62
2012-01-19,22.55,24.4,26,61
2012-01-20,21.85,23.9,25,60
2012-01-23,21.3,23.5,22,57
2012-01-24,21.2,23.25,21,56
2012-01-25,20.6,22.5,20,55
2012-01-26,20.55,22.55,19,54
2012-01-27,20.15,22.2,18,53
2012-01-30,20.7,22.55,15,50
2012-01-31,20.9,22.75,14,49
2012-02-01,19.85,22.05,13,48
2012-02-02,19.15,21.35,12,47
2012-02-03,17.95,20.55,11,46
2012-02-06,18.1,20.2,8,43
2012-02-07,18.4,20.4,7,42
2012-02-08,19.2,21.0,6,41
2012-02-09,20.0,21.95,5,40
2012-02-10,21.75,23.55,4,39
2012-02-13,19.25,21.9,1,36
2012-02-14,19.8,22.45,0,35
2012-02-15,24.25,25.6,34,62
2012-02-16,22.8,24.65,33,61
2012-02-17,22.6,24.8,32,60
2012-02-21,22.55,25.15,28,56
2012-02-22,21.8,24.55,27,55
2012-02-23,20.25,23.35,26,54
2012-02-24,21.2,24.3,25,53
2012-02-27,21.55,24.55,22,50
2012-02-28,20.85,24.05,21,49
2012-02-29,21.0,24.0,20,48
2012-03-01,20.05,23.3,19,47
2012-03-02,20.4,23.7,18,46
2012-03-05,20.15,23.65,15,43
2012-03-06,22.5,25.3,14,42
2012-03-07,20.65,23.95,13,41
2012-03-08,19.7,23.25,12,40
2012-03-09,19.05,22.75,11,39
2012-03-12,17.75,21.75,8,36
2012-03-13,17.0,21.0,7,35
2012-03-14,17.8,22.1,6,34
2012-03-15,17.05,21.75,5,33
2012-03-16,16.15,21.6,4,32
2012-03-19,15.55,20.0,1,29
2012-03-20,15.65,19.1,0,28
2012-03-21,18.1,21.2,27,55
2012-03-22,18.35,21.6,26,54
2012-03-23,17.0,20.2,25,53
2012-03-26,15.6,18.3,22,50
2012-03-27,17.6,19.55,21,49
2012-03-28,17.65,19.7,20,48
2012-03-29,17.1,19.55,19,47
2012-03-30,16.8,19.0,18,46
2012-04-02,17.0,18.85,15,43
2012-04-03,17.25,19.3,14,42
2012-04-04,17.95,19.9,13,41
2012-04-05,18.45,20.45,12,40
2012-04-09,19.6,21.45,8,36
2012-04-10,21.15,22.7,7,35
2012-04-11,20.7,22.35,6,34
2012-04-12,18.2,20.0,5,33
2012-04-13,19.95,21.7,4,32
2012-04-16,19.85,21.35,1,29
2012-04-17,18.2,19.95,0,28
2012-04-18,20.55,22.45,27,62
2012-04-19,20.4,22.45,26,61
2012-04-20,19.7,21.9,25,60
2012-04-23,20.6,22.55,22,57
2012-04-24,19.75,21.8,21,56
2012-04-25,18.55,20.8,20,55
2012-04-26,18.0,20.3,19,54
2012-04-27,18.05,20.15,18,53
2012-04-30,18.45,20.5,15,50
2012-05-01,18.0,20.05,14,49
2012-05-02,18.05,19.95,13,48
2012-05-03,18.8,20.55,12,47
2012-05-04,20.0,21.45,11,46
2012-05-07,19.35,20.85,8,43
2012-05-08,19.55,21.0,7,42
2012-05-09,20.5,21.85,6,41
2012-05-10,19.35,20.85,5,40
2012-05-11,20.1,21.6,4,39
2012-05-14,21.95,23.0,1,36
2012-05-15,21.85,23.9,0,35
2012-05-16,24.4,25.45,34,62
2012-05-17,26.2,26.7,33,61
2012-05-18,28.2,28.15,32,60
2012-05-21,24.25,25.85,29,57
2012-05-22,24.95,26.5,28,56
2012-05-23,24.8,26.35,27,55
2012-05-24,24.25,26.0,26,54
2012-05-25,24.55,26.1,25,53
2012-05-29,23.0,24.8,21,49
2012-05-30,25.7,26.9,20,48
2012-05-31,26.0,27.35,19,47
2012-06-01,27.75,29.15,18,46
2012-06-04,26.95,28.45,15,43
2012-06-05,25.6,27.35,14,42
2012-06-06,23.4,25.5,13,41
2012-06-07,23.05,25.3,12,40
2012-06-08,21.7,23.85,11,39
2012-06-11,24.55,26.4,8,36
2012-06-12,23.45,25.55,7,35
2012-06-13,24.95,26.75,6,34
2012-06-14,22.95,25.1,5,33
2012-06-15,21.5,23.65,4,32
2012-06-18,19.0,21.8,1,29
2012-06-19,18.45,21.9,0,28
2012-06-20,20.45,22.7,27,62
2012-06-21,23.35,24.75,26,61
2012-06-22,21.85,23.9,25,60
2012-06-25,22.45,24.25,22,57
2012-06-26,21.75,23.7,21,56
2012-06-27,21.7,23.65,20,55
2012-06-28,21.35,23.3,19,54
2012-06-29,19.55,21.95,18,53
2012-07-02,18.15,20.65,15,50
2012-07-03,17.7,20.2,14,49
2012-07-05,18.8,20.9,12,47
2012-07-06,18.25,20.6,11,46
2012-07-09,18.4,20.5,8,43
2012-07-10,19.25,21.2,7,42
2012-07-11,18.3,20.45,6,41
2012-07-12,18.5,20.6,5,40
2012-07-13,17.45,19.35,4,39
2012-07-16,17.3,19.3,1,36
2012-07-17,16.65,18.55,0,35
2012-07-18,18.65,20.6,34,62
2012-07-19,18.2,20.15,33,61
2012-07-20,19.15,20.95,32,60
2012-07-23,20.8,22.3,29,57
2012-07-24,21.85,23.2,28,56
2012-07-25,21.1,22.45,27,55
2012-07-26,19.15,20.9,26,54
2012-07-27,18.6,20.65,25,53
2012-07-30,19.5,21.25,22,50
2012-07-31,19.9,21.65,21,49
2012-08-01,19.7,21.35,20,48
2012-08-02,18.7,20.7,19,47
2012-08-03,17.2,19.4,18,46
2012-08-06,16.85,19.0,15,43
2012-08-07,17.65,19.7,14,42
2012-08-08,16.8,18.9,13,41
2012-08-09,16.55,18.65,12,40
2012-08-10,16.35,18.55,11,39
2012-08-13,15.8,18.25,8,36
2012-08-14,16.4,19.0,7,35
2012-08-15,16.2,19.0,6,34
2012-08-16,15.9,18.75,5,33
2012-08-17,15.1,18.2,4,32
2012-08-20,14.65,18.25,1,29
2012-08-21,14.9,18.75,0,28
2012-08-22,19.0,21.25,27,55
2012-08-23,19.3,21.6,26,54
2012-08-24,18.55,21.2,25,53
2012-08-27,18.8,21.3,22,50
2012-08-28,19.0,21.45,21,49
2012-08-29,19.25,21.7,20,48
2012-08-30,19.7,22.0,19,47
2012-08-31,18.95,21.2,18,46
2012-09-04,18.65,20.75,14,42
2012-09-05,18.15,20.35,13,41
2012-09-06,16.1,18.55,12,40
2012-09-07,15.1,17.55,11,39
2012-09-10,16.5,18.55,8,36
2012-09-11,16.6,18.35,7,35
2012-09-12,15.8,17.6,6,34
2012-09-13,14.9,16.45,5,33
2012-09-14,15.75,17.35,4,32
2012-09-17,15.0,16.85,1,29
2012-09-18,14.3,16.25,0,28
2012-09-19,16.05,17.7,27,62
2012-09-20,16.4,18.05,26,61
2012-09-21,16.05,17.9,25,60
2012-09-24,15.9,17.6,22,57
2012-09-25,17.15,18.35,21,56
2012-09-26,17.75,18.9,20,55
2012-09-27,16.1,17.75,19,54
2012-09-28,16.4,18.05,18,53
2012-10-01,16.95,18.3,15,50
2012-10-02,16.6,17.95,14,49
2012-10-03,16.5,17.7,13,48
2012-10-04,15.8,17.4,12,47
2012-10-05,15.75,17.25,11,46
2012-10-08,15.9,17.4,8,43
2012-10-09,16.7,18.05,7,42
2012-10-10,16.75,18.15,6,41
2012-10-11,16.2,17.55,5,40
2012-10-12,16.65,18.0,4,39
2012-10-15,15.7,17.15,1,36
2012-10-16,15.5,16.75,0,35
2012-10-17,16.45,17.5,34,62
2012-10-18,16.7,17.6,33,61
2012-10-19,17.6,18.45,32,60
2012-10-22,17.35,18.05,29,57
2012-10-23,19.2,19.4,28,56
2012-10-24,18.75,19.1,27,55
2012-10-25,18.3,18.9,26,54
2012-10-26,18.25,18.9,25,53
2012-10-31,18.95,19.5,20,48
2012-11-01,16.9,17.9,19,47
2012-11-02,17.8,18.6,18,46
2012-11-05,18.1,18.9,15,43
2012-11-06,17.05,18.1,14,42
2012-11-07,18.85,19.5,13,41
2012-11-08,18.5,19.3,12,40
2012-11-09,18.6,19.6,11,39
2012-11-12,17.1,18.35,8,36
2012-11-13,16.95,18.2,7,35
2012-11-14,17.85,19.0,6,34
2012-11-15,18.05,19.15,5,33
2012-11-16,16.75,18.2,4,32
2012-11-19,15.25,16.6,1,29
2012-11-20,15.15,16.4,0,28
2012-11-21,16.45,18.35,27,55
2012-11-23,16.1,17.9,25,53
2012-11-26,15.6,17.45,22,50
2012-11-27,16.15,17.8,21,49
2012-11-28,15.5,17.3,20,48
2012-11-29,15.25,17.0,19,47
2012-11-30,15.55,17.15,18,46
2012-12-03,16.4,17.7,15,43
2012-12-04,16.5,17.9,14,42
2012-12-05,16.1,17.35,13,41
2012-12-06,16.4,17.65,12,40
2012-12-07,16.0,17.25,11,39
2012-12-10,16.0,17.05,8,36
2012-12-11,15.55,16.5,7,35
2012-12-12,16.1,17.15,6,34
2012-12-13,16.6,17.35,5,33
2012-12-14,16.85,17.2,4,32
2012-12-17,16.2,16.5,1,29
2012-12-18,15.55,16.15,0,28
2012-12-19,17.1,17.9,27,55
2012-12-20,17.5,18.15,26,54
2012-12-21,18.25,18.55,25,53
2012-12-24,18.65,18.95,22,50
2012-12-26,19.5,19.55,20,48
2012-12-27,19.1,19.4,19,47
2012-12-28,22.35,21.95,18,46
2012-12-31,17.7,18.5,15,43
2013-01-02,15.6,16.75,13,41
2013-01-03,15.9,16.95,12,40
2013-01-04,15.3,16.7,11,39
2013-01-07,14.75,16.45,8,36
2013-01-08,14.65,16.45,7,35
2013-01-09,14.7,16.4,6,34
2013-01-10,14.2,16.1,5,33
2013-01-11,14.15,16.0,4,32
2013-01-14,14.1,15.95,1,29
2013-01-15,14.2,15.8,0,28
2013-01-16,15.5,17.1,27,62
2013-01-17,15.7,17.0,26,61
2013-01-18,14.65,16.3,25,60
2013-01-22,14.05,15.4,21,56
2013-01-23,13.7,15.05,20,55
2013-01-24,13.95,15.1,19,54
2013-01-25,14.1,15.15,18,53
2013-01-28,14.6,15.35,15,50
2013-01-29,14.05,14.95,14,49
2013-01-30,15.15,15.8,13,48
2013-01-31,14.9,15.75,12,47
2013-02-01,14.3,15.4,11,46
2013-02-04,15.3,15.9,8,43
2013-02-05,14.4,15.6,7,42
2013-02-06,14.15,15.35,6,41
2013-02-07,14.1,15.35,5,40
2013-02-08,13.8,15.05,4,39
2013-02-11,13.5,14.95,1,36
2013-02-12,13.0,14.8,0,35
2013-02-13,14.75,15.85,34,62
2013-02-14,14.55,15.75,33,61
2013-02-15,14.5,15.65,32,60
2013-02-19,13.9,14.95,28,56
2013-02-20,15.4,16.0,27,55
2013-02-21,15.5,16.15,26,54
2013-02-22,14.85,15.7,25,53
2013-02-25,17.65,17.5,22,50
2013-02-26,17.05,17.35,21,49
2013-02-27,15.4,16.1,20,48
2013-02-28,16.15,16.7,19,47
2013-03-01,16.4,16.95,18,46
2013-03-04,15.0,15.85,15,43
2013-03-05,14.55,15.55,14,42
2013-03-06,14.7,15.55,13,41
2013-03-07,14.2,15.25,12,40
2013-03-08,13.8,15.1,11,39
2013-03-11,13.0,14.45,8,36
2013-03-12,13.25,14.8,7,35
2013-03-13,12.95,14.7,6,34
2013-03-14,12.55,14.6,5,33
2013-03-15,12.55,14.7,4,32
2013-03-18,13.7,15.4,1,29
2013-03-19,14.8,15.4,0,28
2013-03-20,14.5,15.95,27,62
2013-03-21,14.95,16.15,26,61
2013-03-22,14.8,16.0,25,60
2013-03-25,14.55,15.8,22,57
2013-03-26,14.2,15.6,21,56
2013-03-27,14.4,15.7,20,55
2013-03-28,14.2,15.6,19,54
2013-04-01,14.4,15.75,15,50
2013-04-02,13.8,15.25,14,49
2013-04-03,14.65,15.75,13,48
2013-04-04,14.25,15.55,12,47
2013-04-05,14.35,15.5,11,46
2013-04-08,13.65,15.1,8,43
2013-04-09,13.6,15.05,7,42
2013-04-10,13.1,14.5,6,41
2013-04-11,13.15,14.5,5,40
2013-04-12,12.75,14.15,4,39
2013-04-15,16.7,16.65,1,36
2013-04-16,13.95,14.75,0,35
2013-04-17,16.45,16.75,34,62
2013-04-18,17.2,17.5,33,61
2013-04-19,15.95,16.8,32,60
2013-04-22,15.3,16.1,29,57
2013-04-23,14.55,15.4,28,56
2013-04-24,14.65,15.4,27,55
2013-04-25,14.8,15.5,26,54
2013-04-26,14.8,15.6,25,53
2013-04-29,14.75,15.55,22,50
2013-04-30,14.45,15.4,21,49
2013-05-01,15.15,15.95,20,48
2013-05-02,14.55,15.5,19,47
2013-05-03,14.25,15.25,18,46
2013-05-06,13.9,14.95,15,43
2013-05-07,13.85,14.9,14,42
2013-05-08,14.0,15.1,13,41
2013-05-09,14.2,15.35,12,40
2013-05-10,13.85,15.1,11,39
2013-05-13,13.65,15.1,8,36
2013-05-14,13.55,15.05,7,35
2013-05-15,13.7,15.15,6,34
2013-05-16,13.95,15.35,5,33
2013-05-17,13.2,15.1,4,32
2013-05-20,13.3,15.1,1,29
2013-05-21,13.55,15.4,0,28
2013-05-22,15.3,16.4,27,55
2013-05-23,15.5,16.55,26,54
2013-05-24,15.5,16.5,25,53
2013-05-28,15.2,16.35,21,49
2013-05-29,15.4,16.4,20,48
2013-05-30,15.4,16.55,19,47
2013-05-31,16.05,17.15,18,46
2013-06-03,16.0,17.0,15,43
2013-06-04,16.1,17.1,14,42
2013-06-05,17.05,17.7,13,41
2013-06-06,16.55,17.25,12,40
2013-06-07,15.8,16.9,11,39
2013-06-10,15.6,16.7,8,36
2013-06-11,16.9,17.6,7,35
2013-06-12,18.25,18.55,6,34
2013-06-13,16.8,17.7,5,33
2013-06-14,17.55,18.3,4,32
2013-06-17,16.95,17.8,1,29
2013-06-18,16.8,17.65,0,28
2013-06-19,17.55,18.35,27,62
2013-06-20,19.65,19.45,26,61
2013-06-21,19.0,19.4,25,60
2013-06-24,20.15,20.3,22,57
2013-06-25,19.45,19.95,21,56
2013-06-26,18.85,19.6,20,55
2013-06-27,18.2,19.05,19,54
2013-06-28,18.05,18.9,18,53
2013-07-01,17.65,18.45,15,50
2013-07-02,17.6,18.45,14,49
2013-07-03,17.25,18.35,13,48
2013-07-05,15.95,17.45,11,46
2013-07-08,15.35,16.75,8,43
2013-07-09,15.1,16.65,7,42
2013-07-10,14.85,16.35,6,41
2013-07-11,14.5,16.05,5,40
2013-07-12,14.65,16.2,4,39
2013-07-15,14.05,15.75,1,36
2013-07-16,14.25,16.2,0,35
2013-07-17,15.6,16.95,34,62
2013-07-18,15.45,16.9,33,61
2013-07-19,14.9,16.5,32,60
2013-07-22,14.7,16.2,29,57
2013-07-23,14.65,16.15,28,56
2013-07-24,14.8,16.2,27,55
2013-07-25,14.5,15.9,26,54
2013-07-26,14.45,15.85,25,53
2013-07-29,14.65,15.95,22,50
2013-07-30,14.3,15.7,21,49
2013-07-31,13.9,15.4,20,48
2013-08-01,13.6,15.05,19,47
2013-08-02,13.15,14.65,18,46
2013-08-05,13.05,14.45,15,43
2013-08-06,13.4,14.85,14,42
2013-08-07,13.55,15.05,13,41
2013-08-08,13.25,14.85,12,40
2013-08-09,13.55,15.2,11,39
2013-08-12,13.35,15.0,8,36
2013-08-13,13.1,14.9,7,35
2013-08-14,13.35,15.15,6,34
2013-08-15,14.25,15.75,5,33
2013-08-16,14.45,15.6,4,32
2013-08-19,15.05,15.95,1,29
2013-08-20,15.0,15.65,0,28
2013-08-21,16.1,16.95,27,55
2013-08-22,15.45,16.4,26,54
2013-08-23,15.2,16.25,25,53
2013-08-26,15.85,16.7,22,50
2013-08-27,17.2,17.9,21,49
2013-08-28,17.35,17.95,20,48
2013-08-29,17.35,17.95,19,47
2013-08-30,17.5,18.15,18,46
2013-09-03,16.85,17.65,14,42
2013-09-04,16.7,17.55,13,41
2013-09-05,16.4,17.4,12,40
2013-09-06,16.5,17.5,11,39
2013-09-09,15.8,16.8,8,36
2013-09-10,15.15,16.35,7,35
2013-09-11,14.55,15.75,6,34
2013-09-12,14.8,15.8,5,33
2013-09-13,14.8,15.8,4,32
2013-09-16,14.7,15.55,1,29
2013-09-17,14.65,15.45,0,28
2013-09-18,14.7,15.9,27,62
2013-09-19,14.75,15.9,26,61
2013-09-20,15.0,16.15,25,60
2013-09-23,15.35,16.4,22,57
2013-09-24,15.05,16.25,21,56
2013-09-25,15.05,16.2,20,55
2013-09-26,14.8,15.95,19,54
2013-09-27,15.5,16.35,18,53
2013-09-30,16.2,16.9,15,50
2013-10-01,15.45,16.25,14,49
2013-10-02,16.35,16.9,13,48
2013-10-03,17.25,17.45,12,47
2013-10-04,16.8,17.0,11,46
2013-10-07,18.5,18.35,8,43
2013-10-08,19.4,19.1,7,42
2013-10-09,18.85,18.7,6,41
2013-10-10,16.4,16.85,5,40
2013-10-11,15.7,16.4,4,39
2013-10-14,15.9,16.65,1,36
2013-10-15,18.2,17.3,0,35
2013-10-16,15.55,16.55,34,62
2013-10-17,14.55,15.6,33,61
2013-10-18,14.35,15.25,32,60
2013-10-21,14.6,15.5,29,57
2013-10-22,14.6,15.55,28,56
2013-10-23,14.7,15.55,27,55
2013-10-24,14.45,15.45,26,54
2013-10-25,14.5,15.5,25,53
2013-10-28,14.55,15.5,22,50
2013-10-29,14.45,15.5,21,49
2013-10-30,14.55,15.55,20,48
2013-10-31,14.5,15.5,19,47
2013-11-01,14.45,15.6,18,46
2013-11-04,13.95,15.1,15,43
2013-11-05,14.0,15.2,14,42
2013-11-06,13.7,14.95,13,41
2013-11-07,14.25,15.4,12,40
2013-11-08,13.6,14.85,11,39
2013-11-11,13.3,14.75,8,36
2013-11-12,13.35,14.8,7,35
2013-11-13,13.25,14.65,6,34
2013-11-14,13.05,14.6,5,33
2013-11-15,12.95,14.35,4,32
2013-11-18,13.3,14.3,1,29
2013-11-19,13.6,14.5,0,28
2013-11-20,14.15,16.0,27,62
2013-11-21,13.7,15.5,26,61
2013-11-22,13.6,15.2,25,60
2013-11-25,13.65,15.05,22,57
2013-11-26,13.75,15.0,21,56
2013-11-27,13.85,15.1,20,55
2013-11-29,13.95,15.15,18,53
2013-12-02,14.3,15.2,15,50
2013-12-03,14.65,15.5,14,49
2013-12-04,14.25,15.4,13,48
2013-12-05,14.55,15.5,12,47
2013-12-06,13.95,15.0,11,46
2013-12-09,13.75,14.8,8,43
2013-12-10,13.95,14.9,7,42
2013-12-11,14.9,15.45,6,41
2013-12-12,15.4,15.5,5,40
2013-12-13,15.5,15.5,4,39
2013-12-16,15.9,15.75,1,36
2013-12-17,16.25,15.55,0,35
2013-12-18,14.5,15.55,34,62
2013-12-19,14.45,15.6,33,61
2013-12-20,14.45,15.45,32,60
2013-12-23,13.9,15.0,29,57
2013-12-24,13.4,14.6,28,56
2013-12-26,13.4,14.5,26,54
2013-12-27,13.7,14.65,25,53
2013-12-30,13.9,14.85,22,50
2013-12-31,13.95,14.75,21,49
2014-01-02,14.2,15.05,19,47
2014-01-03,14.05,14.9,18,46
2014-01-06,13.9,14.75,15,43
2014-01-07,13.65,14.45,14,42
2014-01-08,13.7,14.45,13,41
2014-01-09,13.65,14.55,12,40
2014-01-10,13.25,14.3,11,39
2014-01-13,13.8,14.55,8,36
2014-01-14,13.1,14.1,7,35
2014-01-15,13.15,14.15,6,34
2014-01-16,13.45,14.3,5,33
2014-01-17,13.45,14.25,4,32
2014-01-21,13.25,14.1,0,28
2014-01-22,13.85,14.8,27,55
2014-01-23,14.2,14.95,26,54
2014-01-24,16.2,16.2,25,53
2014-01-27,16.1,16.25,22,50
2014-01-28,15.2,15.55,21,49
2014-01-29,16.4,16.45,20,48
2014-01-30,16.65,16.6,19,47
2014-01-31,17.6,17.35,18,46
2014-02-03,19.2,18.6,15,43
2014-02-04,18.65,18.35,14,42
2014-02-05,19.15,18.75,13,41
2014-02-06,17.0,17.0,12,40
2014-02-07,15.5,15.9,11,39
2014-02-10,15.65,15.85,8,36
2014-02-11,15.05,15.3,7,35
2014-02-12,14.55,15.0,6,34
2014-02-13,14.6,14.95,5,33
2014-02-14,14.2,14.7,4,32
2014-02-18,14.25,14.45,0,28
2014-02-19,15.4,15.8,27,55
2014-02-20,14.95,15.4,26,54
2014-02-21,15.15,15.45,25,53
2014-02-24,15.0,15.4,22,50
2014-02-25,14.9,15.3,21,49
2014-02-26,15.3,15.65,20,48
2014-02-27,15.1,15.55,19,47
2014-02-28,15.25,15.7,18,46
2014-03-03,16.6,16.65,15,43
2014-03-04,15.1,15.6,14,42
2014-03-05,15.15,15.6,13,41
2014-03-06,15.05,15.55,12,40
2014-03-07,15.5,15.85,11,39
2014-03-10,15.3,15.9,8,36
2014-03-11,15.55,16.1,7,35
2014-03-12,15.3,15.95,6,34
2014-03-13,16.6,16.6,5,33
2014-03-14,17.7,17.1,4,32
2014-03-17,16.15,16.15,1,29
2014-03-18,15.6,16.25,28,63
2014-03-19,16.0,16.5,27,62
2014-03-20,15.75,16.2,26,61
2014-03-21,16.0,16.45,25,60
2014-03-24,15.95,16.45,22,57
2014-03-25,15.7,16.25,21,56
2014-03-26,16.05,16.65,20,55
2014-03-27,15.75,16.4,19,54
2014-03-28,15.6,16.25,18,53
2014-03-31,15.15,15.85,15,50
2014-04-01,14.5,15.45,14,49
2014-04-02,14.6,15.55,13,48
2014-04-03,14.45,15.4,12,47
2014-04-04,14.85,15.75,11,46
2014-04-07,15.5,16.0,8,43
2014-04-08,15.15,15.75,7,42
2014-04-09,14.5,15.45,6,41
2014-04-10,15.85,16.25,5,40
2014-04-11,16.85,16.65,4,39
2014-04-14,16.2,16.65,1,36
2014-04-15,15.6,16.45,0,35
2014-04-16,15.9,16.35,34,62
2014-04-17,15.6,16.1,33,61
2014-04-21,15.4,16.05,29,57
2014-04-22,15.25,15.85,28,56
2014-04-23,15.4,15.8,27,55
2014-04-24,15.5,16.05,26,54
2014-04-25,15.6,16.2,25,53
2014-04-28,15.2,15.9,22,50
2014-04-29,15.0,15.7,21,49
2014-04-30,15.0,15.75,20,48
2014-05-01,14.9,15.75,19,47
2014-05-02,14.9,15.85,18,46
2014-05-05,14.6,15.6,15,43
2014-05-06,14.75,15.8,14,42
2014-05-07,14.4,15.45,13,41
2014-05-08,14.45,15.45,12,40
2014-05-09,14.05,15.2,11,39
2014-05-12,13.5,14.8,8,36
2014-05-13,13.5,14.85,7,35
2014-05-14,13.25,14.75,6,34
2014-05-15,13.7,14.9,5,33
2014-05-16,13.25,14.65,4,32
2014-05-19,13.0,14.35,1,29
2014-05-20,13.05,14.4,0,28
2014-05-21,14.1,15.05,27,55
2014-05-22,14.05,15.1,26,54
2014-05-23,13.9,15.05,25,53
2014-05-27,13.45,14.65,21,49
2014-05-28,13.45,14.75,20,48
2014-05-29,13.3,14.7,19,47
2014-05-30,13.3,14.8,18,46
2014-06-02,13.2,14.75,15,43
2014-06-03,13.3,14.75,14,42
2014-06-04,13.2,14.55,13,41
2014-06-05,12.65,14.05,12,40
2014-06-06,12.0,13.3,11,39
2014-06-09,12.2,13.45,8,36
2014-06-10,12.05,13.25,7,35
2014-06-11,12.5,13.5,6,34
2014-06-12,13.2,14.15,5,33
2014-06-13,12.95,13.8,4,32
2014-06-16,13.05,13.8,1,29
2014-06-17,12.35,13.45,0,28
2014-06-18,12.7,13.7,27,62
2014-06-19,12.8,13.8,26,61
2014-06-20,12.9,13.9,25,60
2014-06-23,12.6,13.7,22,57
2014-06-24,13.1,13.95,21,56
2014-06-25,12.65,13.6,20,55
2014-06-26,12.75,13.6,19,54
2014-06-27,12.65,13.5,18,53
2014-06-30,12.45,13.35,15,50
2014-07-01,12.1,13.05,14,49
2014-07-02,11.95,12.9,13,48
2014-07-03,11.8,12.8,12,47
2014-07-07,12.15,13.05,8,43
2014-07-08,12.4,13.1,7,42
2014-07-09,12.25,12.85,6,41
2014-07-10,13.0,13.35,5,40
2014-07-11,12.65,13.2,4,39
2014-07-14,12.05,12.75,1,36
2014-07-15,12.2,13.0,0,35
2014-07-16,12.7,13.6,34,62
2014-07-17,13.7,14.25,33,61
2014-07-18,13.0,13.7,32,60
2014-07-21,13.4,13.95,29,57
2014-07-22,13.0,13.7,28,56
2014-07-23,13.05,13.85,27,55
2014-07-24,13.2,14.05,26,54
2014-07-25,13.5,14.3,25,53
2014-07-28,13.35,14.15,22,50
2014-07-29,13.45,14.2,21,49
2014-07-30,13.55,14.3,20,48
2014-07-31,15.2,15.5,19,47
2014-08-01,16.05,16.1,18,46
2014-08-04,14.95,15.35,15,43
2014-08-05,16.15,16.2,14,42
2014-08-06,16.2,16.3,13,41
2014-08-07,16.65,16.65,12,40
2014-08-08,16.0,16.15,11,39
2014-08-11,14.8,15.3,8,36
2014-08-12,14.65,15.15,7,35
2014-08-13,13.55,14.4,6,34
2014-08-14,12.95,13.9,5,33
2014-08-15,13.25,13.9,4,32
2014-08-18,12.55,13.4,1,29
2014-08-19,12.2,13.5,0,28
2014-08-20,13.5,14.2,27,62
2014-08-21,13.4,14.15,26,61
2014-08-22,13.5,14.25,25,60
2014-08-25,13.35,14.15,22,57
2014-08-26,13.45,14.35,21,56
2014-08-27,13.55,14.45,20,55
2014-08-28,13.6,14.45,19,54
2014-08-29,13.8,14.55,18,53
2014-09-02,13.75,14.65,14,49
2014-09-03,13.5,14.5,13,48
2014-09-04,13.55,14.45,12,47
2014-09-05,13.2,14.2,11,46
2014-09-08,13.35,14.25,8,43
2014-09-09,13.85,14.55,7,42
2014-09-10,13.7,14.5,6,41
2014-09-11,13.55,14.5,5,40
2014-09-12,14.05,14.8,4,39
2014-09-15,14.4,15.2,1,36
2014-09-16,13.05,14.4,0,35
2014-09-17,14.25,14.95,34,62
2014-09-18,14.05,14.8,33,61
2014-09-19,14.15,14.95,32,60
2014-09-22,14.9,15.45,29,57
2014-09-23,15.4,15.9,28,56
2014-09-24,14.65,15.35,27,55
2014-09-25,15.8,16.1,26,54
2014-09-26,15.35,15.85,25,53
2014-09-29,16.25,16.55,22,50
2014-09-30,16.3,16.65,21,49
2014-10-01,16.9,17.05,20,48
2014-10-02,16.55,16.8,19,47
2014-10-03,15.2,15.8,18,46
2014-10-06,15.75,16.2,15,43
2014-10-07,17.1,17.2,14,42
2014-10-08,15.25,15.7,13,41
2014-10-09,17.2,17.0,12,40
2014-10-10,19.8,18.65,11,39
2014-10-13,22.75,20.85,8,36
2014-10-14,20.9,19.75,7,35
2014-10-15,23.95,22.1,6,34
2014-10-16,22.3,21.05,5,33
2014-10-17,21.0,19.95,4,32
2014-10-20,18.5,18.3,1,29
2014-10-21,16.35,16.95,0,28
2014-10-22,18.1,18.05,27,55
2014-10-23,17.3,17.3,26,54
2014-10-24,16.95,17.05,25,53
2014-10-27,16.95,16.85,22,50
2014-10-28,15.7,15.9,21,49
2014-10-29,16.3,16.3,20,48
2014-10-30,16.15,16.3,19,47
2014-10-31,15.8,16.05,18,46
2014-11-03,15.95,16.25,15,43
2014-11-04,15.85,16.25,14,42
2014-11-05,15.3,15.9,13,41
2014-11-06,14.9,15.45,12,40
2014-11-07,14.8,15.5,11,39
2014-11-10,14.0,14.95,8,36
2014-11-11,14.1,14.85,7,35
2014-11-12,14.4,15.2,6,34
2014-11-13,14.7,15.55,5,33
2014-11-14,14.35,15.3,4,32
2014-11-17,14.35,15.35,1,29
2014-11-18,14.0,15.3,0,28
2014-11-19,15.5,16.25,27,62
2014-11-20,15.15,16.05,26,61
2014-11-21,14.95,16.05,25,60
2014-11-24,14.55,15.85,22,57
2014-11-25,14.45,15.8,21,56
2014-11-26,14.2,15.65,20,55
2014-11-28,14.85,15.95,18,53
2014-12-01,15.6,16.65,15,50
2014-12-02,14.25,15.55,14,49
2014-12-03,14.25,15.65,13,48
2014-12-04,13.95,15.45,12,47
2014-12-05,13.6,15.35,11,46
2014-12-08,14.7,16.15,8,43
2014-12-09,14.9,16.15,7,42
2014-12-10,17.4,17.75,6,41
2014-12-11,19.1,19.15,5,40
2014-12-12,19.6,19.15,4,39
2014-12-15,19.6,18.75,1,36
2014-12-16,23.1,20.1,0,35
2014-12-17,17.65,18.15,34,62
2014-12-18,17.2,17.6,33,61
2014-12-19,16.55,17.15,32,60
2014-12-22,16.425,17.025,29,57
2014-12-23,15.925,16.725,28,56
2014-12-24,16.225,16.925,27,55
2014-12-26,15.825,16.525,25,53
2014-12-29,16.075,16.725,22,50
2014-12-30,16.425,17.025,21,49
2014-12-31,18.025,18.225,20,48
2015-01-02,17.825,18.225,18,46
2015-01-05,19.125,19.2,15,43
2015-01-06,19.875,19.675,14,42
2015-01-07,18.85,18.725,13,41
2015-01-08,17.675,17.775,12,40
2015-01-09,18.625,18.675,11,39
2015-01-12,19.575,19.375,8,36
2015-01-13,20.175,19.725,7,35
2015-01-14,20.575,19.875,6,34
2015-01-15,21.475,20.775,5,33
2015-01-16,20.625,20.125,4,32
2015-01-20,20.175,20.125,0,28
2015-01-21,18.875,19.025,27,55
2015-01-22,17.875,18.125,26,54
2015-01-23,18.375,18.525,25,53
2015-01-26,17.225,17.625,22,50
2015-01-27,17.875,18.075,21,49
2015-01-28,20.475,20.125,20,48
2015-01-29,19.075,18.875,19,47
2015-01-30,21.025,20.25,18,46
2015-02-02,19.975,19.625,15,43
2015-02-03,18.875,19.075,14,42
2015-02-04,19.775,19.825,13,41
2015-02-05,18.675,19.075,12,40
2015-02-06,19.175,19.55,11,39
2015-02-09,19.625,19.925,8,36
2015-02-10,18.575,19.15,7,35
2015-02-11,18.425,19.075,6,34
2015-02-12,16.875,18.225,5,33
2015-02-13,16.5,18.15,4,32
2015-02-17,16.2,18.25,0,28
2015-02-18,17.875,18.6,27,55
2015-02-19,17.625,18.525,26,54
2015-02-20,16.925,17.85,25,53
2015-02-23,17.025,17.975,22,50
2015-02-24,16.125,17.325,21,49
2015-02-25,16.425,17.675,20,48
2015-02-26,16.025,17.475,19,47
2015-02-27,15.825,17.375,18,46
2015-03-02,15.325,16.975,15,43
2015-03-03,15.775,17.325,14,42
2015-03-04,15.725,17.325,13,41
2015-03-05,15.325,17.075,12,40
2015-03-06,16.225,17.775,11,39
2015-03-09,15.825,17.575,8,36
2015-03-10,16.925,18.375,7,35
2015-03-11,17.225,18.525,6,34
2015-03-12,15.875,17.425,5,33
2015-03-13,16.425,17.875,4,32
2015-03-16,16.125,17.475,1,29
2015-03-17,15.625,17.375,0,28
2015-03-18,16.525,17.475,27,62
2015-03-19,16.525,17.675,26,61
2015-03-20,16.175,17.625,25,60
2015-03-23,16.075,17.625,22,57
2015-03-24,15.875,17.575,21,56
2015-03-25,16.575,18.075,20,55
2015-03-26,16.475,17.825,19,54
2015-03-27,16.225,17.725,18,53
2015-03-30,15.775,17.375,15,50
2015-03-31,16.275,17.825,14,49
2015-04-01,16.025,17.675,13,48
2015-04-02,15.625,17.475,12,47
2015-04-06,15.275,17.125,8,43
2015-04-07,15.275,17.075,7,42
2015-04-08,14.825,16.725,6,41
2015-04-09,14.075,16.175,5,40
2015-04-10,13.425,15.425,4,39
2015-04-13,14.325,16.075,1,36
2015-04-14,13.575,15.625,0,35
2015-04-15,15.325,16.575,34,62
2015-04-16,15.125,16.475,33,61
2015-04-17,15.675,16.875,32,60
2015-04-20,15.175,16.575,29,57
2015-04-21,15.125,16.525,28,56
2015-04-22,14.925,16.325,27,55
2015-04-23,14.725,16.175,26,54
2015-04-24,14.625,16.175,25,53
2015-04-27,15.125,16.475,22,50
2015-04-28,14.475,15.975,21,49
2015-04-29,15.075,16.475,20,48
2015-04-30,15.525,16.625,19,47
2015-05-01,14.475,15.975,18,46
2015-05-04,14.475,15.975,15,43
2015-05-05,15.225,16.525,14,42
2015-05-06,15.675,16.675,13,41
2015-05-07,15.425,16.475,12,40
2015-05-08,14.375,15.95,11,39
2015-05-11,14.925,16.375,8,36
2015-05-12,14.625,16.125,7,35
2015-05-13,14.325,15.925,6,34
2015-05-14,13.725,15.625,5,33
2015-05-15,13.675,15.525,4,32
2015-05-18,13.275,14.975,1,29
2015-05-19,13.125,14.875,0,28
2015-05-20,14.875,15.975,27,62
2015-05-21,14.325,15.525,26,61
2015-05-22,14.425,15.725,25,60
2015-05-26,14.925,15.975,21,56
2015-05-27,14.525,15.675,20,55
2015-05-28,14.475,15.725,19,54
2015-05-29,14.625,15.825,18,53
2015-06-01,14.575,15.775,15,50
2015-06-02,14.875,16.025,14,49
2015-06-03,14.375,15.675,13,48
2015-06-04,14.975,16.075,12,47
2015-06-05,14.725,15.975,11,46
2015-06-08,15.225,16.275,8,43
2015-06-09,14.825,16.05,7,42
2015-06-10,13.875,15.425,6,41
2015-06-11,13.525,15.125,5,40
2015-06-12,14.2,15.375,4,39
2015-06-15,15.475,16.025,1,36
2015-06-16,14.925,15.65,0,35
2015-06-17,15.625,16.375,34,62
2015-06-18,14.975,15.925,33,61
2015-06-19,15.425,16.325,32,60
2015-06-22,14.525,15.575,29,57
2015-06-23,14.075,15.275,28,56
2015-06-24,14.575,15.625,27,55
2015-06-25,14.625,15.625,26,54
2015-06-26,14.525,15.475,25,53
2015-06-29,17.375,17.425,22,50
2015-06-30,17.325,17.375,21,49
2015-07-01,15.925,16.175,20,48
2015-07-02,16.925,17.025,19,47
2015-07-06,17.225,17.375,15,43
2015-07-07,16.325,16.675,14,42
2015-07-08,18.425,18.175,13,41
2015-07-09,18.825,18.675,12,40
2015-07-10,16.775,17.175,11,39
2015-07-13,14.475,15.575,8,36
2015-07-14,14.075,15.575,7,35
2015-07-15,13.975,15.35,6,34
2015-07-16,12.925,14.475,5,33
2015-07-17,12.925,14.425,4,32
2015-07-20,12.525,14.225,1,29
2015-07-21,12.375,14.225,0,28
2015-07-22,14.175,15.325,27,55
2015-07-23,14.275,15.425,26,54
2015-07-24,14.9,15.8,25,53
2015-07-27,15.775,16.325,22,50
2015-07-28,14.375,15.475,21,49
2015-07-29,14.075,15.375,20,48
2015-07-30,13.925,15.325,19,47
2015-07-31,13.975,15.325,18,46
2015-08-03,13.875,15.125,15,43
2015-08-04,14.125,15.225,14,42
2015-08-05,13.925,15.175,13,41
2015-08-06,14.475,15.425,12,40
2015-08-07,14.275,15.225,11,39
2015-08-10,13.575,14.875,8,36
2015-08-11,14.475,15.475,7,35
2015-08-12,14.325,15.275,6,34
2015-08-13,14.175,15.075,5,33
2015-08-14,14.275,15.125,4,32
2015-08-17,13.825,15.025,1,29
2015-08-18,14.275,15.175,0,28
2015-08-19,15.725,16.325,27,62
2015-08-20,17.325,17.325,26,61
2015-08-21,19.9,18.625,25,60
2015-08-24,25.125,22.5,22,57
2015-08-25,25.325,22.55,21,56
2015-08-26,23.725,21.475,20,55
2015-08-27,24.175,21.55,19,54
2015-08-28,24.425,21.875,18,53
2015-08-31,26.425,23.425,15,50
2015-09-01,29.725,25.825,14,49
2015-09-02,25.975,23.875,13,48
2015-09-03,25.625,23.875,12,47
2015-09-04,28.025,25.775,11,46
2015-09-08,24.625,23.575,7,42
2015-09-09,25.825,24.225,6,41
2015-09-10,24.7,23.375,5,40
2015-09-11,23.8,22.925,4,39
2015-09-14,23.725,22.875,1,36
2015-09-15,22.575,20.425,0,35
2015-09-16,18.975,19.25,34,62
2015-09-17,20.425,20.075,33,61
2015-09-18,21.525,20.975,32,60
2015-09-21,19.675,19.825,29,57
2015-09-22,21.775,21.125,28,56
2015-09-23,21.125,20.675,27,55
2015-09-24,21.875,21.175,26,54
2015-09-25,22.325,21.675,25,53
2015-09-28,24.075,22.725,22,50
2015-09-29,23.875,22.675,21,49
2015-09-30,23.025,22.125,20,48
2015-10-01,22.225,21.425,19,47
2015-10-02,21.075,20.475,18,46
2015-10-05,19.875,19.475,15,43
2015-10-06,20.325,19.925,14,42
2015-10-07,19.475,19.175,13,41
2015-10-08,18.425,18.525,12,40
2015-10-09,18.175,18.375,11,39
2015-10-12,16.725,17.175,8,36
2015-10-13,18.275,18.675,7,35
2015-10-14,18.325,18.725,6,34
2015-10-15,16.575,17.175,5,33
2015-10-16,16.1,17.075,4,32
2015-10-19,15.275,15.95,1,29
2015-10-20,16.075,17.025,0,28
2015-10-21,18.225,18.625,27,55
2015-10-22,16.025,16.825,26,54
2015-10-23,16.6,17.225,25,53
2015-10-26,16.925,17.525,22,50
2015-10-27,16.475,17.175,21,49
2015-10-28,15.975,16.825,20,48
2015-10-29,16.175,16.975,19,47
2015-10-30,16.625,17.325,18,46
2015-11-02,15.875,16.625,15,43
2015-11-03,16.125,16.925,14,42
2015-11-04,16.725,17.425,13,41
2015-11-05,16.025,16.825,12,40
2015-11-06,15.675,16.475,11,39
2015-11-09,17.025,17.475,8,36
2015-11-10,16.225,16.925,7,35
2015-11-11,16.775,17.375,6,34
2015-11-12,18.575,18.725,5,33
2015-11-13,20.325,19.875,4,32
2015-11-16,18.075,17.875,1,29
2015-11-17,18.975,18.525,0,28
2015-11-18,17.775,18.325,27,62
2015-11-19,18.175,18.825,26,61
2015-11-20,17.425,18.275,25,60
2015-11-23,17.025,17.825,22,57
2015-11-24,17.425,18.325,21,56
2015-11-25,16.775,17.775,20,55
2015-11-27,17.175,18.025,18,53
2015-11-30,16.975,17.775,15,50
2015-12-01,16.125,17.125,14,49
2015-12-02,16.775,17.575,13,48
2015-12-03,18.325,18.525,12,47
2015-12-04,16.225,17.325,11,46
2015-12-07,16.525,17.525,8,43
2015-12-08,17.775,18.325,7,42
2015-12-09,18.975,19.025,6,41
2015-12-10,19.325,19.125,5,40
2015-12-11,23.65,21.925,4,39
2015-12-14,22.425,20.425,1,36
2015-12-15,20.625,18.875,0,35
2015-12-16,18.125,18.675,34,62
2015-12-17,19.275,19.575,33,61
2015-12-18,20.425,20.575,32,60
2015-12-21,18.825,19.275,29,57
2015-12-22,17.825,18.475,28,56
2015-12-23,17.875,18.575,27,55
2015-12-24,18.225,18.825,26,54
2015-12-28,17.825,18.325,22,50
2015-12-29,17.475,18.075,21,49
2015-12-30,18.35,18.775,20,48
2015-12-31,18.525,18.875,19,47
2016-01-04,19.825,19.525,15,43
2016-01-05,19.425,19.275,14,42
2016-01-06,20.325,19.825,13,41
2016-01-07,23.525,21.775,12,40
2016-01-08,25.275,23.075,11,39
2016-01-11,23.475,21.975,8,36
2016-01-12,22.075,21.075,7,35
2016-01-13,24.725,23.125,6,34
2016-01-14,23.575,22.275,5,33
2016-01-15,26.475,24.35,4,32
2016-01-19,25.85,24.025,0,28
2016-01-20,24.725,23.925,27,55
2016-01-21,25.075,24.075,26,54
2016-01-22,22.725,22.175,25,53
2016-01-25,24.025,23.175,22,50
2016-01-26,22.925,22.225,21,49
2016-01-27,23.775,22.925,20,48
2016-01-28,23.275,22.475,19,47
2016-01-29,21.625,21.325,18,46
2016-02-01,21.525,21.225,15,43
2016-02-02,23.175,22.425,14,42
2016-02-03,22.775,22.175,13,41
2016-02-04,23.075,22.475,12,40
2016-02-05,24.125,23.05,11,39
2016-02-08,25.425,23.975,8,36
2016-02-09,26.125,24.475,7,35
2016-02-10,26.275,24.625,6,34
2016-02-11,28.125,25.775,5,33
2016-02-12,26.875,25.125,4,32
2016-02-16,24.725,23.825,0,28
2016-02-17,22.925,23.075,27,62
2016-02-18,22.775,23.175,26,61
2016-02-19,22.375,22.75,25,60
2016-02-22,21.025,21.625,22,57
2016-02-23,22.175,22.525,21,56
2016-02-24,21.775,22.125,20,55
2016-02-25,20.825,21.425,19,54
2016-02-26,21.475,21.825,18,53
2016-02-29,21.775,22.175,15,50
2016-03-01,19.425,20.325,14,49
2016-03-02,19.275,20.275,13,48
2016-03-03,18.325,19.525,12,47
2016-03-04,18.925,20.025,11,46
2016-03-07,18.575,19.825,8,43
2016-03-08,19.625,20.675,7,42
2016-03-09,19.075,20.125,6,41
2016-03-10,18.95,19.925,5,40
2016-03-11,17.625,19.1,4,39
2016-03-14,17.425,18.825,1,36
2016-03-15,16.9,19.075,0,35
2016-03-16,18.275,19.175,34,62
2016-03-17,17.775,18.825,33,61
2016-03-18,17.725,18.875,32,60
2016-03-21,16.975,18.375,29,57
2016-03-22,16.825,18.375,28,56
2016-03-23,17.725,19.225,27,55
2016-03-24,17.375,19.075,26,54
2016-03-28,17.125,18.775,22,50
2016-03-29,16.075,17.825,21,49
2016-03-30,15.85,17.475,20,48
2016-03-31,15.925,17.625,19,47
2016-04-01,15.425,17.175,18,46
2016-04-04,15.925,17.625,15,43
2016-04-05,16.775,18.425,14,42
2016-04-06,15.625,17.425,13,41
2016-04-07,17.275,18.875,12,40
2016-04-08,16.675,18.525,11,39
2016-04-11,17.075,19.025,8,36
2016-04-12,15.925,18.275,7,35
2016-04-13,14.825,17.475,6,34
2016-04-14,14.675,17.275,5,33
2016-04-15,14.725,17.075,4,32
2016-04-18,13.825,16.225,1,29
2016-04-19,13.25,16.225,0,28
2016-04-20,16.425,17.925,27,55
2016-04-21,16.775,18.475,26,54
2016-04-22,16.175,18.025,25,53
2016-04-25,16.225,18.175,22,50
2016-04-26,15.925,18.025,21,49
2016-04-27,15.475,17.625,20,48
2016-04-28,16.475,18.475,19,47
2016-04-29,16.875,18.975,18,46
2016-05-02,15.775,18.175,15,43
2016-05-03,16.625,18.925,14,42
2016-05-04,16.875,19.075,13,41
2016-05-05,16.725,19.075,12,40
2016-05-06,15.725,18.325,11,39
2016-05-09,15.475,18.025,8,36
2016-05-10,14.525,17.125,7,35
2016-05-11,15.625,17.975,6,34
2016-05-12,15.225,17.475,5,33
2016-05-13,15.875,18.075,4,32
2016-05-16,15.125,17.425,1,29
2016-05-17,15.425,18.0,0,28
2016-05-18,18.075,19.425,27,62
2016-05-19,17.975,19.325,26,61
2016-05-20,17.325,18.95,25,60
2016-05-23,17.575,19.075,22,57
2016-05-24,16.475,18.225,21,56
2016-05-25,16.175,18.025,20,55
2016-05-26,15.825,17.825,19,54
2016-05-27,15.375,17.625,18,53
2016-05-31,15.275,17.475,14,49
2016-06-01,15.275,17.525,13,48
2016-06-02,14.825,17.175,12,47
2016-06-03,14.725,17.125,11,46
2016-06-06,14.475,16.875,8,43
2016-06-07,14.725,16.875,7,42
2016-06-08,14.975,16.875,6,41
2016-06-09,15.475,17.175,5,40
2016-06-10,17.525,18.425,4,39
2016-06-13,21.325,21.225,1,36
2016-06-14,20.575,20.875,0,35
2016-06-15,20.575,20.725,34,62
2016-06-16,20.025,20.425,33,61
2016-06-17,20.075,20.475,32,60
2016-06-20,18.475,19.275,29,57
2016-06-21,18.675,19.325,28,56
2016-06-22,19.425,19.675,27,55
2016-06-23,16.675,17.625,26,54
2016-06-24,22.65,22.125,25,53
2016-06-27,23.65,23.025,22,50
2016-06-28,18.875,19.375,21,49
2016-06-29,17.475,18.55,20,48
2016-06-30,16.975,18.325,19,47
2016-07-01,16.775,18.25,18,46
2016-07-05,16.825,18.325,14,42
2016-07-06,16.175,17.825,13,41
2016-07-07,15.925,17.675,12,40
2016-07-08,14.775,16.775,11,39
2016-07-11,14.625,16.725,8,36
2016-07-12,14.275,16.225,7,35
2016-07-13,14.175,16.225,6,34
2016-07-14,14.025,16.125,5,33
2016-07-15,13.825,16.325,4,32
2016-07-18,13.075,15.725,1,29
2016-07-19,12.225,15.675,0,28
2016-07-20,15.475,17.225,27,62
2016-07-21,15.825,17.775,26,61
2016-07-22,15.375,17.525,25,60
2016-07-25,15.325,17.575,22,57
2016-07-26,15.175,17.475,21,56
2016-07-27,14.775,17.275,20,55
2016-07-28,14.375,16.925,19,54
2016-07-29,13.825,16.425,18,53
2016-08-01,13.625,16.225,15,50
2016-08-02,14.225,16.625,14,49
2016-08-03,13.825,16.275,13,48
2016-08-04,13.425,15.875,12,47
2016-08-05,12.875,15.325,11,46
2016-08-08,12.475,15.125,8,43
2016-08-09,12.375,14.875,7,42
2016-08-10,12.875,15.175,6,41
2016-08-11,12.625,15.075,5,40
2016-08-12,12.325,14.975,4,39
2016-08-15,12.225,14.825,1,36
2016-08-16,12.825,15.325,0,35
2016-08-17,14.825,16.675,34,62
2016-08-18,14.575,16.575,33,61
2016-08-19,14.675,16.675,32,60
2016-08-22,14.725,16.775,29,57
2016-08-23,14.675,16.875,28,56
2016-08-24,15.125,17.125,27,55
2016-08-25,14.975,16.925,26,54
2016-08-26,15.125,17.025,25,53
2016-08-29,14.675,16.825,22,50
2016-08-30,14.525,16.775,21,49
2016-08-31,14.575,16.725,20,48
2016-09-01,14.575,16.675,19,47
2016-09-02,13.925,16.375,18,46
2016-09-06,13.375,15.875,14,42
2016-09-07,13.225,15.775,13,41
2016-09-08,13.375,15.925,12,40
2016-09-09,16.475,17.875,11,39
2016-09-12,15.325,16.925,8,36
2016-09-13,17.775,18.325,7,35
2016-09-14,18.375,18.875,6,34
2016-09-15,17.075,18.225,5,33
2016-09-16,16.025,17.525,4,32
2016-09-19,15.675,17.125,1,29
2016-09-20,15.875,17.425,0,28
2016-09-21,16.075,17.475,27,55
2016-09-22,15.325,16.875,26,54
2016-09-23,15.575,17.075,25,53
2016-09-26,16.275,17.375,22,50
2016-09-27,15.525,16.875,21,49
2016-09-28,15.225,16.725,20,48
2016-09-29,15.925,17.025,19,47
2016-09-30,15.775,16.95,18,46
2016-10-03,15.475,16.775,15,43
2016-10-04,15.325,16.625,14,42
2016-10-05,15.125,16.675,13,41
2016-10-06,14.975,16.525,12,40
2016-10-07,15.325,16.725,11,39
2016-10-10,14.675,16.325,8,36
2016-10-11,15.825,16.975,7,35
2016-10-12,16.325,17.225,6,34
2016-10-13,17.025,17.525,5,33
2016-10-14,16.625,17.325,4,32
2016-10-17,16.525,17.125,1,29
2016-10-18,15.675,16.625,0,28
2016-10-19,16.075,16.825,27,62
2016-10-20,15.775,16.675,26,61
2016-10-21,15.575,16.525,25,60
2016-10-24,14.925,16.075,22,57
2016-10-25,15.225,16.225,21,56
2016-10-26,15.625,16.475,20,55
2016-10-27,16.075,16.875,19,54
2016-10-28,16.625,17.1,18,53
2016-10-31,17.225,17.425,15,50
2016-11-01,17.825,17.875,14,49
2016-11-02,18.525,18.225,13,48
2016-11-03,19.775,19.025,12,47
2016-11-04,19.325,18.975,11,46
2016-11-07,16.025,16.575,8,43
2016-11-08,15.975,16.575,7,42
2016-11-09,14.875,15.725,6,41
2016-11-10,15.325,16.275,5,40
2016-11-11,14.925,16.125,4,39
2016-11-14,14.475,15.975,1,36
2016-11-15,13.2,15.275,0,35
2016-11-16,15.575,17.075,34,62
2016-11-17,15.025,16.675,33,61
2016-11-18,14.975,16.675,32,60
2016-11-21,14.475,16.275,29,57
2016-11-22,14.425,16.275,28,56
2016-11-23,14.425,16.375,27,55
2016-11-25,14.325,16.175,25,53
2016-11-28,14.425,16.275,22,50
2016-11-29,14.275,16.225,21,49
2016-11-30,14.525,16.275,20,48
2016-12-01,15.025,16.675,19,47
2016-12-02,15.075,16.775,18,46
2016-12-05,13.525,15.675,15,43
2016-12-06,13.125,15.375,14,42
2016-12-07,13.325,15.475,13,41
2016-12-08,13.425,15.525,12,40
2016-12-09,13.025,15.225,11,39
2016-12-12,13.425,15.575,8,36
2016-12-13,13.275,15.475,7,35
2016-12-14,13.425,15.325,6,34
2016-12-15,13.025,15.075,5,33
2016-12-16,12.725,14.975,4,32
2016-12-19,12.125,14.475,1,29
2016-12-20,11.575,14.225,0,28
2016-12-21,14.025,15.675,27,55
2016-12-22,14.275,15.975,26,54
2016-12-23,14.275,16.025,25,53
2016-12-27,13.975,15.8,21,49
2016-12-28,14.625,16.225,20,48
2016-12-29,14.825,16.375,19,47
2016-12-30,15.125,16.575,18,46
2017-01-03,13.775,15.575,14,42
2017-01-04,13.175,14.975,13,41
2017-01-05,13.025,14.825,12,40
2017-01-06,12.875,14.675,11,39
2017-01-09,12.925,14.525,8,36
2017-01-10,12.875,14.475,7,35
2017-01-11,12.525,14.225,6,34
2017-01-12,12.475,14.325,5,33
2017-01-13,12.175,14.225,4,32
2017-01-17,12.175,14.175,0,28
2017-01-18,14.175,15.625,27,62
2017-01-19,14.225,15.575,26,61
2017-01-20,13.825,15.225,25,60
2017-01-23,13.575,14.975,22,57
2017-01-24,13.025,14.375,21,56
2017-01-25,12.725,14.175,20,55
2017-01-26,12.675,14.125,19,54
2017-01-27,12.525,14.125,18,53
2017-01-30,12.875,14.325,15,50
2017-01-31,12.925,14.325,14,49
2017-02-01,12.675,13.975,13,48
2017-02-02,12.925,14.175,12,47
2017-02-03,12.475,13.925,11,46
2017-02-06,12.475,13.975,8,43
2017-02-07,12.575,13.975,7,42
2017-02-08,12.575,13.975,6,41
2017-02-09,12.025,13.675,5,40
2017-02-10,11.725,13.375,4,39
2017-02-13,11.425,13.075,1,36
2017-02-14,11.175,12.3,0,35
2017-02-15,12.875,14.025,34,62
2017-02-16,12.975,14.175,33,61
2017-02-17,13.125,14.35,32,60
2017-02-21,13.175,14.525,28,56
2017-02-22,13.225,14.625,27,55
2017-02-23,13.525,15.225,26,54
2017-02-24,13.325,15.25,25,53
2017-02-27,13.275,15.125,22,50
2017-02-28,13.525,15.325,21,49
2017-03-01,13.275,15.075,20,48
2017-03-02,13.275,15.025,19,47
2017-03-03,12.825,14.575,18,46
2017-03-06,12.675,14.425,15,43
2017-03-07,12.625,14.475,14,42
2017-03-08,12.675,14.425,13,41
2017-03-09,12.775,14.425,12,40
2017-03-10,12.525,14.2,11,39
2017-03-13,12.125,13.875,8,36
2017-03-14,12.625,14.075,7,35
2017-03-15,12.275,13.725,6,34
2017-03-16,11.925,13.275,5,33
2017-03-17,11.775,13.275,4,32
2017-03-20,11.625,13.175,1,29
2017-03-21,12.175,13.775,0,28
2017-03-22,13.925,14.575,27,55
2017-03-23,14.275,14.775,26,54
2017-03-24,13.925,14.4,25,53
2017-03-27,13.575,14.075,22,50
2017-03-28,12.925,13.55,21,49
2017-03-29,12.925,13.525,20,48
2017-03-30,12.825,13.375,19,47
2017-03-31,13.275,13.575,18,46
2017-04-03,13.475,13.575,15,43
2017-04-04,13.225,13.375,14,42
2017-04-05,13.875,13.875,13,41
2017-04-06,13.575,13.525,12,40
2017-04-07,14.025,13.875,11,39
2017-04-10,15.025,14.325,8,36
2017-04-11,15.975,14.525,7,35
2017-04-12,16.275,14.925,6,34
2017-04-13,16.325,15.225,5,33
2017-04-17,15.075,14.325,1,29
2017-04-18,14.725,14.325,0,28
2017-04-19,14.575,14.525,27,62
2017-04-20,14.325,14.325,26,61
2017-04-21,14.325,14.225,25,60
2017-04-24,12.675,13.325,22,57
2017-04-25,12.475,13.125,21,56
2017-04-26,12.375,13.175,20,55
2017-04-27,12.375,13.125,19,54
2017-04-28,12.275,13.125,18,53
2017-05-01,11.825,12.625,15,50
2017-05-02,11.825,12.825,14,49
2017-05-03,12.075,12.975,13,48
2017-05-04,11.725,12.675,12,47
2017-05-05,11.775,12.675,11,46
2017-05-08,11.425,12.475,8,43
2017-05-09,11.425,12.475,7,42
2017-05-10,11.525,12.475,6,41
2017-05-11,11.425,12.625,5,40
2017-05-12,11.225,12.425,4,39
2017-05-15,10.825,12.175,1,36
2017-05-16,11.075,12.075,0,35
2017-05-17,14.225,14.625,34,62
2017-05-18,14.275,14.575,33,61
2017-05-19,12.725,13.475,32,60
2017-05-22,12.225,13.175,29,57
2017-05-23,12.325,13.325,28,56
2017-05-24,11.975,12.975,27,55
2017-05-25,12.025,13.025,26,54
2017-05-26,11.925,12.925,25,53
2017-05-30,11.825,12.725,21,49
2017-05-31,11.825,12.675,20,48
2017-06-01,11.625,12.425,19,47
2017-06-02,11.625,12.525,18,46
2017-06-05,11.775,12.625,15,43
2017-06-06,11.975,12.825,14,42
2017-06-07,11.875,12.725,13,41
2017-06-08,11.625,12.525,12,40
2017-06-09,11.725,12.575,11,39
2017-06-12,11.875,12.675,8,36
2017-06-13,11.425,12.275,7,35
2017-06-14,11.475,12.275,6,34
2017-06-15,11.525,12.425,5,33
2017-06-16,11.325,12.325,4,32
2017-06-19,10.875,12.125,1,29
2017-06-20,11.125,12.075,0,28
2017-06-21,12.175,12.825,27,55
2017-06-22,11.975,12.725,26,54
2017-06-23,11.875,12.625,25,53
2017-06-26,11.625,12.375,22,50
2017-06-27,12.025,12.675,21,49
2017-06-28,11.675,12.475,20,48
2017-06-29,12.025,12.625,19,47
2017-06-30,12.325,12.675,18,46
2017-07-03,12.575,12.975,15,43
2017-07-05,12.325,12.925,13,41
2017-07-06,13.025,13.425,12,40
2017-07-07,12.575,13.075,11,39
2017-07-10,12.225,12.825,8,36
2017-07-11,12.125,12.675,7,35
2017-07-12,11.525,12.425,6,34
2017-07-13,11.075,12.375,5,33
2017-07-14,10.575,12.025,4,32
2017-07-17,10.275,11.925,1,29
2017-07-18,10.125,11.775,0,28
2017-07-19,11.525,12.725,27,62
2017-07-20,11.475,12.725,26,61
2017-07-21,11.375,12.675,25,60
2017-07-24,11.325,12.525,22,57
2017-07-25,11.175,12.575,21,56
2017-07-26,11.275,12.625,20,55
2017-07-27,11.425,12.625,19,54
2017-07-28,11.375,12.625,18,53
2017-07-31,11.275,12.475,15,50
2017-08-01,11.225,12.425,14,49
2017-08-02,11.275,12.625,13,48
2017-08-03,11.325,12.725,12,47
2017-08-04,11.275,12.775,11,46
2017-08-07,11.125,12.575,8,43
2017-08-08,11.525,12.925,7,42
2017-08-09,11.725,13.075,6,41
2017-08-10,15.525,15.175,5,40
2017-08-11,15.425,15.275,4,39
2017-08-14,12.45,13.175,1,36
2017-08-15,12.325,13.175,0,35
2017-08-16,13.075,13.775,34,62
2017-08-17,14.925,15.025,33,61
2017-08-18,14.975,15.125,32,60
2017-08-21,14.125,14.625,29,57
2017-08-22,12.975,13.675,28,56
2017-08-23,13.625,14.225,27,55
2017-08-24,13.425,14.125,26,54
2017-08-25,13.075,14.025,25,53
2017-08-28,13.025,13.925,22,50
2017-08-29,13.175,14.025,21,49
2017-08-30,13.175,14.075,20,48
2017-08-31,12.625,13.725,19,47
2017-09-01,12.625,13.775,18,46
2017-09-05,13.175,14.025,14,42
2017-09-06,13.175,14.175,13,41
2017-09-07,12.825,14.075,12,40
2017-09-08,13.275,14.325,11,39
2017-09-11,12.075,13.675,8,36
2017-09-12,11.875,13.375,7,35
2017-09-13,11.525,12.925,6,34
2017-09-14,11.475,13.025,5,33
2017-09-15,11.125,12.925,4,32
2017-09-18,10.675,12.425,1,29
2017-09-19,10.825,12.425,0,28
2017-09-20,12.275,13.175,27,55
2017-09-21,12.325,13.275,26,54
2017-09-22,12.425,13.425,25,53
2017-09-25,12.375,13.375,22,50
2017-09-26,12.275,13.275,21,49
2017-09-27,12.175,13.275,20,48
2017-09-28,11.925,13.125,19,47
2017-09-29,11.675,13.025,18,46
2017-10-02,11.375,12.675,15,43
2017-10-03,11.375,12.775,14,42
2017-10-04,11.325,12.775,13,41
2017-10-05,10.825,12.475,12,40
2017-10-06,10.825,12.525,11,39
2017-10-09,11.125,12.625,8,36
2017-10-10,10.925,12.325,7,35
2017-10-11,10.775,12.175,6,34
2017-10-12,10.575,12.075,5,33
2017-10-13,10.275,11.875,4,32
2017-10-16,10.275,11.675,1,29
2017-10-17,10.375,11.725,0,28
2017-10-18,11.575,12.325,27,62
2017-10-19,11.475,12.225,26,61
2017-10-20,11.325,12.125,25,60
2017-10-23,11.775,12.525,22,57
2017-10-24,11.925,12.525,21,56
2017-10-25,12.025,12.575,20,55
2017-10-26,12.075,12.675,19,54
2017-10-27,11.425,12.225,18,53
2017-10-30,11.575,12.325,15,50
2017-10-31,11.275,12.175,14,49
2017-11-01,11.375,12.275,13,48
2017-11-02,11.125,12.275,12,47
2017-11-03,10.975,12.325,11,46
2017-11-06,10.725,12.175,8,43
2017-11-07,10.875,12.275,7,42
2017-11-08,10.875,12.275,6,41
2017-11-09,11.125,12.325,5,40
2017-11-10,11.6,12.575,4,39
2017-11-13,11.625,12.775,1,36
2017-11-14,12.05,12.675,0,35
2017-11-15,13.175,14.325,34,62
2017-11-16,12.675,13.975,33,61
2017-11-17,12.625,13.875,32,60
2017-11-20,12.075,13.425,29,57
2017-11-21,11.625,12.975,28,56
2017-11-22,11.475,12.875,27,55
2017-11-24,11.425,12.825,25,53
2017-11-27,11.325,12.875,22,50
2017-11-28,11.275,12.725,21,49
2017-11-29,11.475,12.925,20,48
2017-11-30,11.675,13.025,19,47
2017-12-01,11.875,13.275,18,46
2017-12-04,11.925,13.225,15,43
2017-12-05,11.875,13.175,14,42
2017-12-06,11.725,13.075,13,41
2017-12-07,11.175,12.675,12,40
2017-12-08,10.875,12.325,11,39
2017-12-11,10.325,11.975,8,36
2017-12-12,10.375,11.975,7,35
2017-12-13,10.525,11.975,6,34
2017-12-14,10.375,11.875,5,33
2017-12-15,9.925,11.475,4,32
2017-12-18,9.875,11.325,1,29
2017-12-19,10.075,11.325,0,28
2017-12-20,11.425,12.325,27,55
2017-12-21,11.225,12.225,26,54
2017-12-22,11.425,12.325,25,53
2017-12-26,11.325,12.325,21,49
2017-12-27,11.325,12.325,20,48
2017-12-28,11.225,12.275,19,47
2017-12-29,11.475,12.475,18,46
2018-01-02,10.875,11.975,14,42
2018-01-03,10.675,11.825,13,41
2018-01-04,10.575,11.825,12,40
2018-01-05,10.475,11.725,11,39
2018-01-08,10.475,11.675,8,36
2018-01-09,10.675,11.775,7,35
2018-01-10,10.575,11.575,6,34
2018-01-11,10.475,11.575,5,33
2018-01-12,10.575,11.675,4,32
2018-01-16,11.775,12.075,0,28
2018-01-17,12.125,12.575,27,62
2018-01-18,12.075,12.775,26,61
2018-01-19,11.925,12.525,25,60
2018-01-22,11.825,12.475,22,57
2018-01-23,11.975,12.725,21,56
2018-01-24,12.225,12.925,20,55
2018-01-25,12.425,13.025,19,54
2018-01-26,12.325,13.075,18,53
2018-01-29,13.525,13.825,15,50
2018-01-30,13.975,14.075,14,49
2018-01-31,13.475,13.675,13,48
2018-02-01,13.275,13.425,12,47
2018-02-02,15.625,14.975,11,46
2018-02-05,33.225,27.975,8,43
2018-02-06,23.875,21.025,7,42
2018-02-07,23.425,19.875,6,41
2018-02-08,28.1,21.65,5,40
2018-02-09,27.175,20.425,4,39
2018-02-12,25.825,19.825,1,36
2018-02-13,25.225,19.825,0,35
2018-02-14,17.875,17.775,34,62
2018-02-15,17.525,17.325,33,61
2018-02-16,17.775,17.375,32,60
2018-02-20,18.375,17.825,28,56
2018-02-21,18.575,18.075,27,55
2018-02-22,18.075,17.625,26,54
2018-02-23,16.775,16.9,25,53
2018-02-26,16.175,16.175,22,50
2018-02-27,17.525,17.175,21,49
2018-02-28,18.575,17.875,20,48
2018-03-01,19.975,18.675,19,47
2018-03-02,19.025,18.275,18,46
2018-03-05,18.275,17.825,15,43
2018-03-06,18.325,17.975,14,42
2018-03-07,17.875,17.775,13,41
2018-03-08,17.225,17.275,12,40
2018-03-09,15.775,16.225,11,39
2018-03-12,16.175,16.575,8,36
2018-03-13,16.775,16.925,7,35
2018-03-14,17.375,17.275,6,34
2018-03-15,16.775,16.725,5,33
2018-03-16,16.275,16.475,4,32
2018-03-19,18.175,17.475,1,29
2018-03-20,18.375,17.375,0,28
2018-03-21,17.325,17.325,27,55
2018-03-22,19.375,18.425,26,54
2018-03-23,20.425,19.325,25,53
2018-03-26,19.325,18.625,22,50
2018-03-27,20.425,19.525,21,49
2018-03-28,21.025,19.875,20,48
2018-03-29,19.775,19.225,19,47
2018-04-02,21.425,20.025,15,43
2018-04-03,20.475,19.675,14,42
2018-04-04,19.975,19.225,13,41
2018-04-05,19.075,18.675,12,40
2018-04-06,20.625,19.525,11,39
2018-04-09,20.825,19.825,8,36
2018-04-10,20.175,19.425,7,35
2018-04-11,20.075,19.475,6,34
2018-04-12,18.825,18.725,5,33
2018-04-13,17.925,18.125,4,32
2018-04-16,16.825,17.275,1,29
2018-04-17,15.325,16.375,0,28
2018-04-18,16.425,16.675,27,62
2018-04-19,16.575,16.825,26,61
2018-04-20,17.025,17.075,25,60
2018-04-23,16.825,17.025,22,57
2018-04-24,17.675,17.475,21,56
2018-04-25,17.725,17.675,20,55
2018-04-26,16.875,17.025,19,54
2018-04-27,16.425,16.825,18,53
2018-04-30,16.625,16.925,15,50
2018-05-01,16.275,16.475,14,49
2018-05-02,16.625,16.775,13,48
2018-05-03,16.525,16.525,12,47
2018-05-04,15.875,16.375,11,46
2018-05-07,15.725,16.325,8,43
2018-05-08,15.775,16.225,7,42
2018-05-09,14.825,15.625,6,41
2018-05-10,14.175,15.075,5,40
2018-05-11,13.675,14.7,4,39
2018-05-14,13.375,14.475,1,36
2018-05-15,14.875,15.325,0,35
2018-05-16,14.675,15.325,34,62
2018-05-17,14.375,15.075,33,61
2018-05-18,14.525,15.325,32,60
2018-05-21,14.075,14.775,29,57
2018-05-22,14.225,14.975,28,56
2018-05-23,13.875,14.725,27,55
2018-05-24,13.825,14.6,26,54
2018-05-25,14.125,14.825,25,53
2018-05-29,15.925,16.125,21,49
2018-05-30,15.175,15.675,20,48
2018-05-31,15.425,15.875,19,47
2018-06-01,14.425,15.175,18,46
2018-06-04,13.925,14.675,15,43
2018-06-05,13.625,14.525,14,42
2018-06-06,13.075,14.075,13,41
2018-06-07,13.175,14.175,12,40
2018-06-08,13.325,14.225,11,39
2018-06-11,12.875,13.975,8,36
2018-06-12,12.775,13.925,7,35
2018-06-13,13.225,14.175,6,34
2018-06-14,12.675,13.675,5,33
2018-06-15,12.575,13.725,4,32
2018-06-18,12.675,13.675,1,29
2018-06-19,13.575,14.225,0,28
2018-06-20,13.925,14.625,27,62
2018-06-21,14.875,15.275,26,61
2018-06-22,14.425,15.075,25,60
2018-06-25,16.325,16.275,22,57
2018-06-26,15.875,16.125,21,56
2018-06-27,16.925,16.875,20,55
2018-06-28,16.525,16.575,19,54
2018-06-29,16.025,16.375,18,53
2018-07-02,16.025,16.325,15,50
2018-07-03,16.375,16.725,14,49
2018-07-05,15.475,16.075,12,47
2018-07-06,14.575,15.525,11,46
2018-07-09,13.775,14.625,8,43
2018-07-10,13.425,14.425,7,42
2018-07-11,14.175,14.875,6,41
2018-07-12,13.325,14.475,5,40
2018-07-13,12.975,14.225,4,39
2018-07-16,12.975,14.275,1,36
2018-07-17,12.125,13.975,0,35
2018-07-18,13.925,14.875,34,62
2018-07-19,14.175,15.025,33,61
2018-07-20,14.275,15.175,32,60
2018-07-23,14.075,15.025,29,57
2018-07-24,14.075,14.975,28,56
2018-07-25,13.825,14.875,27,55
2018-07-26,13.85,14.925,26,54
2018-07-27,14.325,15.175,25,53
2018-07-30,14.875,15.625,22,50
2018-07-31,14.075,15.025,21,49
2018-08-01,14.275,15.125,20,48
2018-08-02,13.925,14.975,19,47
2018-08-03,13.525,14.8,18,46
2018-08-06,13.025,14.375,15,43
2018-08-07,12.725,14.025,14,42
2018-08-08,12.575,13.975,13,41
2018-08-09,12.675,14.125,12,40
2018-08-10,13.775,14.775,11,39
2018-08-13,14.875,15.475,8,36
2018-08-14,13.725,14.725,7,35
2018-08-15,14.875,15.225,6,34
2018-08-16,13.725,14.775,5,33
2018-08-17,13.075,14.325,4,32
2018-08-20,12.775,14.175,1,29
2018-08-21,12.875,14.625,0,28
2018-08-22,14.175,15.075,27,55
2018-08-23,14.225,15.175,26,54
2018-08-24,14.125,15.175,25,53
2018-08-27,14.125,15.225,22,50
2018-08-28,14.075,15.275,21,49
2018-08-29,13.925,15.225,20,48
2018-08-30,14.525,15.675,19,47
2018-08-31,14.025,15.175,18,46
2018-09-04,14.225,15.225,14,42
2018-09-05,14.575,15.525,13,41
2018-09-06,15.175,16.025,12,40
2018-09-07,15.375,16.225,11,39
2018-09-10,14.775,15.675,8,36
2018-09-11,14.225,15.125,7,35
2018-09-12,14.025,15.025,6,34
2018-09-13,13.375,14.625,5,33
2018-09-14,12.875,14.375,4,32
2018-09-17,13.575,14.975,1,29
2018-09-18,12.725,14.675,0,28
2018-09-19,14.275,15.125,27,62
2018-09-20,14.025,14.925,26,61
2018-09-21,14.125,15.075,25,60
2018-09-24,14.025,14.925,22,57
2018-09-25,14.075,14.975,21,56
2018-09-26,14.425,15.275,20,55
2018-09-27,14.125,15.025,19,54
2018-09-28,13.975,14.975,18,53
2018-10-01,13.925,14.875,15,50
2018-10-02,13.975,14.925,14,49
2018-10-03,13.775,14.725,13,48
2018-10-04,14.875,15.225,12,47
2018-10-05,15.225,15.475,11,46
2018-10-08,15.675,15.725,8,43
2018-10-09,15.975,15.925,7,42
2018-10-10,20.125,18.525,6,41
2018-10-11,21.175,18.525,5,40
2018-10-12,19.925,18.125,4,39
2018-10-15,20.125,18.525,1,36
2018-10-16,17.675,17.275,0,35
2018-10-17,17.125,17.175,34,62
2018-10-18,18.425,18.075,33,61
2018-10-19,18.425,18.175,32,60
2018-10-22,18.625,18.225,29,57
2018-10-23,18.825,18.425,28,56
2018-10-24,20.625,19.625,27,55
2018-10-25,20.925,19.825,26,54
2018-10-26,21.075,20.075,25,53
2018-10-29,21.525,20.575,22,50
2018-10-30,20.925,20.225,21,49
2018-10-31,20.275,19.775,20,48
2018-11-01,19.275,19.025,19,47
2018-11-02,19.575,19.075,18,46
2018-11-05,19.425,18.825,15,43
2018-11-06,18.625,18.225,14,42
2018-11-07,16.825,17.125,13,41
2018-11-08,16.975,17.175,12,40
2018-11-09,17.475,17.675,11,39
2018-11-12,19.575,18.725,8,36
2018-11-13,19.425,18.925,7,35
2018-11-14,20.175,19.425,6,34
2018-11-15,19.375,19.125,5,33
2018-11-16,18.275,18.325,4,32
2018-11-19,19.925,19.375,1,29
2018-11-20,22.175,20.425,0,28
2018-11-21,20.125,20.375,27,55
2018-11-23,20.475,20.525,25,53
2018-11-26,18.925,19.375,22,50
2018-11-27,18.775,19.125,21,49
2018-11-28,18.225,18.575,20,48
2018-11-29,18.375,18.825,19,47
2018-11-30,17.675,18.175,18,46
2018-12-03,16.775,17.375,15,43
2018-12-04,19.425,19.275,14,42
2018-12-05,19.025,19.05,13,41
2018-12-06,19.925,19.475,12,40
2018-12-07,21.425,20.675,11,39
2018-12-10,21.325,20.525,8,36
2018-12-11,21.275,20.475,7,35
2018-12-12,21.075,20.425,6,34
2018-12-13,20.725,20.225,5,33
2018-12-14,21.725,20.875,4,32
2018-12-17,23.475,21.675,1,29
2018-12-18,24.675,21.975,0,28
2018-12-19,22.325,21.925,27,55
2018-12-20,22.725,22.075,26,54
2018-12-21,24.3,22.925,25,53
2018-12-24,25.9,23.325,22,50
2018-12-26,24.675,22.625,20,48
2018-12-27,25.025,22.925,19,47
2018-12-28,25.325,22.975,18,46
2018-12-31,24.175,22.275,15,43
2019-01-02,23.125,21.875,13,41
2019-01-03,24.375,22.775,12,40
2019-01-04,21.925,21.225,11,39
2019-01-07,21.425,20.925,8,36
2019-01-08,20.625,20.625,7,35
2019-01-09,20.125,20.275,6,34
2019-01-10,19.875,20.025,5,33
2019-01-11,19.025,19.475,4,32
2019-01-14,19.225,19.475,1,29
2019-01-15,18.825,18.825,0,28
2019-01-16,19.025,19.075,27,62
2019-01-17,18.525,18.775,26,61
2019-01-18,18.325,18.625,25,60
2019-01-22,20.175,19.725,21,56
2019-01-23,19.725,19.575,20,55
2019-01-24,19.175,19.225,19,54
2019-01-25,18.275,18.525,18,53
2019-01-28,19.125,19.125,15,50
2019-01-29,18.925,18.875,14,49
2019-01-30,17.975,18.375,13,48
2019-01-31,17.125,17.775,12,47
2019-02-01,17.025,17.525,11,46
2019-02-04,16.525,17.075,8,43
2019-02-05,16.525,16.975,7,42
2019-02-06,16.375,16.825,6,41
2019-02-07,17.175,17.375,5,40
2019-02-08,16.625,17.075,4,39
2019-02-11,16.225,16.975,1,36
2019-02-12,15.625,16.725,0,35
2019-02-13,16.675,16.825,34,62
2019-02-14,16.925,17.125,33,61
2019-02-15,16.325,16.625,32,60
2019-02-19,16.325,16.625,28,56
2019-02-20,15.575,16.225,27,55
2019-02-21,15.875,16.475,26,54
2019-02-22,15.175,15.925,25,53
2019-02-25,15.575,16.125,22,50
2019-02-26,15.725,16.375,21,49
2019-02-27,15.675,16.325,20,48
2019-02-28,15.575,16.225,19,47
2019-03-01,14.825,15.625,18,46
2019-03-04,15.275,15.875,15,43
2019-03-05,15.475,16.075,14,42
2019-03-06,16.075,16.475,13,41
2019-03-07,16.725,16.875,12,40
2019-03-08,16.675,16.975,11,39
2019-03-11,15.025,15.925,8,36
2019-03-12,14.475,15.675,7,35
2019-03-13,14.075,15.475,6,34
2019-03-14,13.925,15.325,5,33
2019-03-15,13.475,14.875,4,32
2019-03-18,12.925,15.025,1,29
2019-03-19,15.125,15.925,28,63
2019-03-20,15.325,16.125,27,62
2019-03-21,15.075,15.925,26,61
2019-03-22,16.725,17.125,25,60
2019-03-25,16.825,17.225,22,57
2019-03-26,15.925,16.675,21,56
2019-03-27,16.225,16.975,20,55
2019-03-28,15.625,16.625,19,54
2019-03-29,15.225,16.325,18,53
2019-04-01,14.875,15.975,15,50
2019-04-02,14.875,16.075,14,49
2019-04-03,14.875,16.025,13,48
2019-04-04,14.775,15.925,12,47
2019-04-05,14.325,15.675,11,46
2019-04-08,14.475,15.675,8,43
2019-04-09,15.075,16.225,7,42
2019-04-10,14.425,15.775,6,41
2019-04-11,13.825,15.525,5,40
2019-04-12,12.775,14.775,4,39
2019-04-15,12.575,14.675,1,36
2019-04-16,12.575,14.625,0,35
2019-04-17,14.625,15.625,34,62
2019-04-18,14.425,15.575,33,61
2019-04-22,14.175,15.375,29,57
2019-04-23,14.125,15.325,28,56
2019-04-24,14.575,15.625,27,55
2019-04-25,14.825,15.975,26,54
2019-04-26,14.325,15.525,25,53
2019-04-29,14.525,15.725,22,50
2019-04-30,14.425,15.775,21,49
2019-05-01,15.225,16.325,20,48
2019-05-02,15.175,16.225,19,47
2019-05-03,14.275,15.575,18,46
2019-05-06,15.525,16.325,15,43
2019-05-07,17.875,17.725,14,42
2019-05-08,18.175,17.925,13,41
2019-05-09,17.975,17.875,12,40
2019-05-10,16.125,16.825,11,39
2019-05-13,19.525,18.975,8,36
2019-05-14,18.125,18.075,7,35
2019-05-15,16.925,17.375,6,34
2019-05-16,15.725,16.775,5,33
2019-05-17,15.875,17.025,4,32
2019-05-20,16.125,17.175,1,29
2019-05-21,15.025,16.275,0,28
2019-05-22,16.225,16.875,27,55
2019-05-23,17.325,17.625,26,54
2019-05-24,16.725,17.325,25,53
2019-05-28,17.375,17.725,21,49
2019-05-29,17.775,18.025,20,48
2019-05-30,17.425,17.825,19,47
2019-05-31,18.175,18.375,18,46
2019-06-03,18.275,18.325,15,43
2019-06-04,17.225,17.675,14,42
2019-06-05,16.625,17.325,13,41
2019-06-06,16.475,17.125,12,40
2019-06-07,16.725,17.225,11,39
2019-06-10,16.375,17.025,8,36
2019-06-11,16.475,17.125,7,35
2019-06-12,16.325,17.025,6,34
2019-06-13,16.125,17.025,5,33
2019-06-14,15.775,16.775,4,32
2019-06-17,15.275,16.625,1,29
2019-06-18,15.075,16.625,0,28
2019-06-19,15.875,16.575,27,62
2019-06-20,16.125,16.725,26,61
2019-06-21,16.525,17.125,25,60
2019-06-24,16.275,16.975,22,57
2019-06-25,16.675,17.325,21,56
2019-06-26,16.525,17.275,20,55
2019-06-27,16.075,16.975,19,54
2019-06-28,15.525,16.575,18,53
2019-07-01,14.925,16.125,15,50
2019-07-02,14.225,15.575,14,49
2019-07-03,14.025,15.525,13,48
2019-07-05,14.325,15.675,11,46
2019-07-08,14.875,16.025,8,43
2019-07-09,14.825,16.075,7,42
2019-07-10,14.025,15.575,6,41
2019-07-11,13.625,15.425,5,40
2019-07-12,13.125,15.225,4,39
2019-07-15,12.875,15.225,1,36
2019-07-16,12.775,15.325,0,35
2019-07-17,15.725,16.575,34,62
2019-07-18,15.325,16.375,33,61
2019-07-19,15.875,16.725,32,60
2019-07-22,15.175,16.375,29,57
2019-07-23,14.775,16.125,28,56
2019-07-24,14.375,15.825,27,55
2019-07-25,14.675,16.125,26,54
2019-07-26,14.375,15.825,25,53
2019-07-29,14.475,15.925,22,50
2019-07-30,15.075,16.425,21,49
2019-07-31,16.075,17.175,20,48
2019-08-01,17.475,17.775,19,47
2019-08-02,17.475,17.675,18,46
2019-08-05,21.625,20.225,15,43
2019-08-06,19.675,19.425,14,42
2019-08-07,19.375,19.125,13,41
2019-08-08,17.725,18.075,12,40
2019-08-09,18.475,18.575,11,39
2019-08-12,20.775,19.975,8,36
2019-08-13,18.125,18.475,7,35
2019-08-14,21.425,20.425,6,34
2019-08-15,21.175,20.475,5,33
2019-08-16,18.775,19.325,4,32
2019-08-19,16.825,18.075,1,29
2019-08-20,17.225,18.475,0,28
2019-08-21,17.375,18.025,27,55
2019-08-22,17.875,18.325,26,54
2019-08-23,19.675,19.475,25,53
2019-08-26,19.425,19.425,22,50
2019-08-27,20.125,20.075,21,49
2019-08-28,19.375,19.625,20,48
2019-08-29,18.475,19.025,19,47
2019-08-30,18.825,19.175,18,46
2019-09-03,19.525,19.525,14,42
2019-09-04,18.075,18.675,13,41
2019-09-05,17.275,18.225,12,40
2019-09-06,16.525,17.725,11,39
2019-09-09,16.425,17.675,8,36
2019-09-10,16.225,17.675,7,35
2019-09-11,15.725,17.325,6,34
2019-09-12,14.975,17.025,5,33
2019-09-13,14.475,16.875,4,32
2019-09-16,14.625,17.275,1,29
2019-09-17,14.525,17.075,0,28
2019-09-18,16.375,17.575,27,62
2019-09-19,16.225,17.575,26,61
2019-09-20,17.225,18.375,25,60
2019-09-23,16.725,18.025,22,57
2019-09-24,17.875,18.675,21,56
2019-09-25,17.225,18.375,20,55
2019-09-26,17.425,18.575,19,54
2019-09-27,18.025,19.025,18,53
2019-09-30,17.125,18.275,15,50
2019-10-01,18.575,19.325,14,49
2019-10-02,20.075,20.175,13,48
2019-10-03,18.975,19.375,12,47
2019-10-04,17.625,18.675,11,46
2019-10-07,17.975,18.775,8,43
2019-10-08,20.075,19.975,7,42
2019-10-09,18.575,19.275,6,41
2019-10-10,17.625,18.825,5,40
2019-10-11,15.825,18.075,4,39
2019-10-14,14.525,17.325,1,36
2019-10-15,13.625,16.875,0,35
2019-10-16,16.725,17.475,34,62
2019-10-17,16.575,17.425,33,61
2019-10-18,16.675,17.525,32,60
2019-10-21,16.075,17.225,29,57
2019-10-22,16.475,17.575,28,56
2019-10-23,16.175,17.325,27,55
2019-10-24,16.025,17.275,26,54
2019-10-25,15.425,16.925,25,53
2019-10-28,15.625,17.025,22,50
2019-10-29,15.475,17.025,21,49
2019-10-30,14.975,16.475,20,48
2019-10-31,15.275,16.725,19,47
2019-11-01,14.575,16.175,18,46
2019-11-04,14.725,16.225,15,43
2019-11-05,15.025,16.575,14,42
2019-11-06,14.775,16.325,13,41
2019-11-07,14.625,16.175,12,40
2019-11-08,14.275,16.025,11,39
2019-11-11,14.075,15.825,8,36
2019-11-12,13.875,15.825,7,35
2019-11-13,13.975,15.825,6,34
2019-11-14,13.725,15.625,5,33
2019-11-15,12.975,15.125,4,32
2019-11-18,12.675,15.025,1,29
2019-11-19,13.075,15.225,0,28
2019-11-20,15.175,16.825,27,62
2019-11-21,15.325,17.025,26,61
2019-11-22,14.775,16.725,25,60
2019-11-25,14.075,16.225,22,57
2019-11-26,13.875,16.075,21,56
2019-11-27,13.825,16.125,20,55
2019-11-29,14.125,16.375,18,53
2019-12-02,15.225,17.075,15,50
2019-12-03,16.225,17.575,14,49
2019-12-04,15.325,16.975,13,48
2019-12-05,15.025,16.775,12,47
2019-12-06,14.425,16.375,11,46
2019-12-09,15.625,17.125,8,43
2019-12-10,15.275,16.875,7,42
2019-12-11,14.775,16.575,6,41
2019-12-12,13.625,15.925,5,40
2019-12-13,12.575,15.175,4,39
2019-12-16,12.225,14.825,1,36
2019-12-17,12.475,14.875,0,35
2019-12-18,14.825,16.425,34,62
2019-12-19,14.625,16.275,33,61
2019-12-20,14.775,16.425,32,60
2019-12-23,14.775,16.575,29,57
2019-12-24,14.525,16.475,28,56
2019-12-26,14.525,16.575,26,54
2019-12-27,15.125,17.025,25,53
2019-12-30,15.525,17.375,22,50
2019-12-31,14.625,16.625,21,49
2020-01-02,14.075,16.125,19,47
2020-01-03,15.025,16.725,18,46
2020-01-06,14.875,16.675,15,43
2020-01-07,14.675,16.525,14,42
2020-01-08,14.175,16.125,13,41
2020-01-09,13.625,15.775,12,40
2020-01-10,13.575,15.725,11,39
2020-01-13,13.175,15.375,8,36
2020-01-14,13.075,15.225,7,35
2020-01-15,12.925,15.175,6,34
2020-01-16,12.575,14.925,5,33
2020-01-17,12.525,14.925,4,32
2020-01-21,12.925,15.075,0,28
2020-01-22,15.175,15.725,27,55
2020-01-23,15.025,15.675,26,54
2020-01-24,16.025,16.225,25,53
2020-01-27,17.775,17.325,22,50
2020-01-28,16.675,16.825,21,49
2020-01-29,16.675,16.775,20,48
2020-01-30,16.075,16.425,19,47
2020-01-31,18.225,17.725,18,46
2020-02-03,17.975,17.425,15,43
2020-02-04,16.525,16.525,14,42
2020-02-05,15.725,16.125,13,41
2020-02-06,15.575,15.975,12,40
2020-02-07,16.025,16.225,11,39
2020-02-10,15.625,15.975,8,36
2020-02-11,15.625,15.925,7,35
2020-02-12,14.475,15.325,6,34
2020-02-13,14.825,15.575,5,33
2020-02-14,14.425,15.425,4,32
2020-02-18,14.875,15.825,0,28
2020-02-19,15.375,16.325,27,55
2020-02-20,16.075,16.825,26,54
2020-02-21,16.925,17.325,25,53
2020-02-24,20.075,19.375,22,50
2020-02-25,22.225,20.875,21,49
2020-02-26,22.325,20.975,20,48
2020-02-27,26.275,23.525,19,47
2020-02-28,26.325,23.025,18,46
2020-03-02,26.275,23.325,15,43
2020-03-03,29.175,25.525,14,42
2020-03-04,27.425,24.625,13,41
2020-03-05,31.875,27.525,12,40
2020-03-06,35.775,30.325,11,39
2020-03-09,44.375,36.225,8,36
2020-03-10,41.825,34.775,7,35
2020-03-11,46.35,38.575,6,34
2020-03-12,58.3,45.825,5,33
2020-03-13,53.425,43.9,4,32
2020-03-16,72.625,59.15,1,29
2020-03-17,68.825,61.425,0,28
2020-03-18,70.475,59.925,27,62
2020-03-19,66.3,58.975,26,61
2020-03-20,61.525,56.625,25,60
2020-03-23,49.45,45.325,22,57
2020-03-24,48.25,40.15,21,56
2020-03-25,51.275,44.525,20,55
2020-03-26,45.875,39.65,19,54
2020-03-27,53.425,44.825,18,53
2020-03-30,49.775,42.75,15,50
2020-03-31,46.775,40.925,14,49
2020-04-01,51.325,44.625,13,48
2020-04-02,47.175,42.025,12,47
2020-04-03,44.925,40.9,11,46
2020-04-06,41.775,37.925,8,43
2020-04-07,44.025,39.675,7,42
2020-04-08,42.375,38.3,6,41
2020-04-09,41.275,36.925,5,40
2020-04-13,40.575,36.125,1,36
2020-04-14,37.875,32.975,0,35
2020-04-15,36.575,34.575,34,62
2020-04-16,36.525,34.425,33,61
2020-04-17,34.575,33.075,32,60
2020-04-20,39.075,36.225,29,57
2020-04-21,41.775,38.675,28,56
2020-04-22,39.625,37.375,27,55
2020-04-23,39.725,37.725,26,54
2020-04-24,36.775,35.575,25,53
2020-04-27,33.875,33.475,22,50
2020-04-28,34.175,33.825,21,49
2020-04-29,31.925,31.775,20,48
2020-04-30,33.975,33.225,19,47
2020-05-01,37.35,35.975,18,46
2020-05-04,35.675,34.975,15,43
2020-05-05,34.025,33.775,14,42
2020-05-06,34.775,34.575,13,41
2020-05-07,32.125,32.625,12,40
2020-05-08,29.325,30.725,11,39
2020-05-11,27.825,29.025,8,36
2020-05-12,33.075,32.925,7,35
2020-05-13,35.075,34.925,6,34
2020-05-14,32.375,32.925,5,33
2020-05-15,32.125,32.725,4,32
2020-05-18,28.925,30.1,1,29
2020-05-19,30.75,32.075,0,28
2020-05-20,29.775,30.575,27,62
2020-05-21,31.025,31.625,26,61
2020-05-22,30.375,31.075,25,60
2020-05-26,29.625,30.475,21,56
2020-05-27,29.075,30.075,20,55
2020-05-28,30.325,31.125,19,54
2020-05-29,28.825,30.175,18,53
2020-06-01,29.525,30.775,15,50
2020-06-02,28.225,30.025,14,49
2020-06-03,27.0,29.075,13,48
2020-06-04,26.725,28.725,12,47
2020-06-05,25.325,27.175,11,46
2020-06-08,26.025,27.925,8,43
2020-06-09,27.625,29.575,7,42
2020-06-10,27.475,29.025,6,41
2020-06-11,40.625,39.675,5,40
2020-06-12,35.075,34.825,4,39
2020-06-15,33.9,34.075,1,36
2020-06-16,33.1,33.625,0,35
2020-06-17,33.625,33.275,34,62
2020-06-18,33.575,33.375,33,61
2020-06-19,35.275,34.725,32,60
2020-06-22,31.625,31.675,29,57
2020-06-23,31.925,31.925,28,56
2020-06-24,33.575,33.475,27,55
2020-06-25,32.175,32.325,26,54
2020-06-26,34.525,34.475,25,53
2020-06-29,32.325,32.825,22,50
2020-06-30,30.875,31.825,21,49
2020-07-01,29.825,30.825,20,48
2020-07-02,29.075,30.075,19,47
2020-07-06,29.25,30.2,15,43
2020-07-07,30.575,31.125,14,42
2020-07-08,29.525,30.425,13,41
2020-07-09,30.225,31.225,12,40
2020-07-10,28.775,30.325,11,39
2020-07-13,31.825,32.975,8,36
2020-07-14,29.625,31.275,7,35
2020-07-15,28.325,30.375,6,34
2020-07-16,28.125,30.275,5,33
2020-07-17,26.425,28.975,4,32
2020-07-20,24.725,27.525,1,29
2020-07-21,24.775,27.825,0,28
2020-07-22,27.25,29.125,27,55
2020-07-23,28.775,30.275,26,54
2020-07-24,28.725,30.525,25,53
2020-07-27,27.525,29.925,22,50
2020-07-28,27.525,29.875,21,49
2020-07-29,26.775,29.475,20,48
2020-07-30,27.175,29.825,19,47
2020-07-31,26.825,29.625,18,46
2020-08-03,26.775,29.375,15,43
2020-08-04,25.875,28.425,14,42
2020-08-05,25.325,28.125,13,41
2020-08-06,24.875,27.875,12,40
2020-08-07,24.625,27.825,11,39
2020-08-10,23.775,27.125,8,36
2020-08-11,24.925,28.175,7,35
2020-08-12,23.275,26.875,6,34
2020-08-13,23.225,26.825,5,33
2020-08-14,23.275,26.975,4,32
2020-08-17,21.775,25.825,1,29
2020-08-18,21.775,25.475,0,28
2020-08-19,26.225,29.375,27,62
2020-08-20,25.875,29.225,26,61
2020-08-21,25.925,29.575,25,60
2020-08-24,25.825,29.575,22,57
2020-08-25,25.475,29.475,21,56
2020-08-26,26.075,30.375,20,55
2020-08-27,27.025,31.325,19,54
2020-08-28,26.95,31.675,18,53
2020-08-31,27.875,33.225,15,50
2020-09-01,28.325,33.525,14,49
2020-09-02,28.875,35.325,13,48
2020-09-03,33.875,39.025,12,47
2020-09-04,29.65,36.175,11,46
2020-09-08,30.225,34.625,7,42
2020-09-09,28.375,33.225,6,41
2020-09-10,28.775,32.675,5,40
2020-09-11,26.325,31.875,4,39
2020-09-14,25.725,31.375,1,36
2020-09-15,25.375,30.425,0,35
2020-09-16,30.525,30.775,34,62
2020-09-17,29.825,30.575,33,61
2020-09-18,30.075,30.675,32,60
2020-09-21,31.225,31.675,29,57
2020-09-22,31.375,32.175,28,56
2020-09-23,32.475,33.325,27,55
2020-09-24,32.225,33.675,26,54
2020-09-25,31.225,32.925,25,53
2020-09-28,30.825,32.975,22,50
2020-09-29,29.775,32.075,21,49
2020-09-30,30.375,32.875,20,48
2020-10-01,30.675,32.475,19,47
2020-10-02,32.075,33.175,18,46
2020-10-05,30.825,32.225,15,43
2020-10-06,31.225,32.225,14,42
2020-10-07,30.025,31.725,13,41
2020-10-08,28.125,30.425,12,40
2020-10-09,26.875,29.025,11,39
2020-10-12,26.325,28.575,8,36
2020-10-13,26.775,28.575,7,35
2020-10-14,27.075,28.2,6,34
2020-10-15,27.575,28.875,5,33
2020-10-16,27.875,29.025,4,32
2020-10-19,29.175,30.225,1,29
2020-10-20,29.275,29.975,0,28
2020-10-21,29.225,28.825,27,55
2020-10-22,28.825,28.525,26,54
2020-10-23,28.775,28.625,25,53
2020-10-26,31.325,30.375,22,50
2020-10-27,31.325,30.925,21,49
2020-10-28,36.0,34.725,20,48
2020-10-29,33.125,32.575,19,47
2020-10-30,34.1,34.075,18,46
2020-11-02,33.375,33.175,15,43
2020-11-03,31.425,31.575,14,42
2020-11-04,28.375,29.175,13,41
2020-11-05,27.775,28.775,12,40
2020-11-06,25.475,27.175,11,39
2020-11-09,25.575,26.275,8,36
2020-11-10,24.675,25.425,7,35
2020-11-11,23.825,24.975,6,34
2020-11-12,25.875,26.575,5,33
2020-11-13,23.325,25.075,4,32
2020-11-16,22.925,24.525,1,29
2020-11-17,22.975,24.025,0,28
2020-11-18,24.875,26.175,27,62
2020-11-19,24.475,25.925,26,61
2020-11-20,24.375,25.825,25,60
2020-11-23,24.1,25.725,22,57
2020-11-24,23.6,25.625,21,56
2020-11-25,22.625,24.825,20,55
2020-11-27,22.825,25.025,18,53
2020-11-30,22.375,24.575,15,50
2020-12-01,22.825,24.425,14,49
2020-12-02,22.675,24.325,13,48
2020-12-03,22.975,24.475,12,47
2020-12-04,22.475,24.225,11,46
2020-12-07,22.475,24.325,8,43
2020-12-08,21.375,23.625,7,42
2020-12-09,22.525,24.375,6,41
2020-12-10,22.525,24.675,5,40
2020-12-11,23.625,25.575,4,39
2020-12-14,24.275,26.125,1,36
2020-12-15,22.875,24.975,0,35
2020-12-16,24.1,25.575,34,62
2020-12-17,23.825,25.425,33,61
2020-12-18,24.175,25.725,32,60
2020-12-21,26.325,27.125,29,57
2020-12-22,25.775,26.925,28,56
2020-12-23,24.625,26.175,27,55
2020-12-24,23.825,25.625,26,54
2020-12-28,23.675,25.575,22,50
2020-12-29,24.625,26.425,21,49
2020-12-30,23.675,25.625,20,48
2020-12-31,23.675,25.575,19,47
2021-01-04,26.275,27.125,15,43
2021-01-05,25.325,26.425,14,42
2021-01-06,25.125,26.275,13,41
2021-01-07,23.225,24.975,12,40
2021-01-08,22.775,24.825,11,39
2021-01-11,24.475,26.175,8,36
2021-01-12,23.325,25.425,7,35
2021-01-13,22.675,25.075,6,34
2021-01-14,23.175,25.325,5,33
2021-01-15,23.775,25.975,4,32
2021-01-19,23.225,25.225,0,28
2021-01-20,24.775,26.275,27,55
2021-01-21,24.525,26.225,26,54
2021-01-22,24.875,26.525,25,53
2021-01-25,25.9535,27.4004,22,50
2021-01-26,25.4095,27.2267,21,49
2021-01-27,31.5342,31.2313,20,48
2021-01-28,30.3946,30.7199,19,47
2021-01-29,32.3859,32.4205,18,46
2021-02-01,30.3302,31.0263,15,43
2021-02-02,27.5781,28.7376,14,42
2021-02-03,25.7794,27.6514,13,41
2021-02-04,24.2274,26.7436,12,40
2021-02-05,24.0993,26.65,11,39
2021-02-08,23.8379,26.5484,8,36
2021-02-09,23.7021,26.6863,7,35
2021-02-10,23.7413,27.2855,6,34
2021-02-11,22.71,26.692,5,33
2021-02-12,21.3594,25.8785,4,32
2021-02-16,21.2418,26.1251,0,28
2021-02-17,25.6,28.5503,27,62
2021-02-18,25.8017,28.65,26,61
2021-02-19,24.7988,27.8902,25,60
2021-02-22,25.9031,28.6508,22,57
2021-02-23,24.748,27.8272,21,56
2021-02-24,23.7595,26.7495,20,55
2021-02-25,28.215,29.6522,19,54
2021-02-26,26.7444,28.2329,18,53
2021-03-01,24.6158,26.9033,15,50
2021-03-02,24.765,27.0329,14,49
2021-03-03,26.1275,27.9008,13,48
2021-03-04,27.521,28.9361,12,47
2021-03-05,25.0507,27.2112,11,46
2021-03-08,25.3667,27.6657,8,43
2021-03-09,23.9726,26.7188,7,42
2021-03-10,23.5048,26.4616,6,41
2021-03-11,22.8882,25.8013,5,40
2021-03-12,21.9778,25.4109,4,39
2021-03-15,20.1006,23.9781,1,36
2021-03-16,19.9204,24.047,0,35
2021-03-17,23.0025,25.0195,34,62
2021-03-18,24.3001,25.8014,33,61
2021-03-19,23.315,25.2669,32,60
2021-03-22,21.731,23.9449,29,57
2021-03-23,22.833,24.7467,28,56
2021-03-24,22.9775,24.7612,27,55
2021-03-25,22.3056,24.2012,26,54
2021-03-26,21.3859,23.3135,25,53
2021-03-29,22.0032,23.6502,22,50
2021-03-30,21.0321,22.8076,21,49
2021-03-31,20.734,22.6758,20,48
2021-04-01,20.0824,22.0336,19,47
2021-04-05,19.5423,21.4914,15,43
2021-04-06,19.561,21.4864,14,42
2021-04-07,18.986,21.0655,13,41
2021-04-08,18.4887,20.805,12,40
2021-04-09,18.1505,20.8262,11,39
2021-04-12,18.0039,20.5653,8,36
2021-04-13,17.6781,20.4734,7,35
2021-04-14,18.0989,20.9333,6,34
2021-04-15,17.1523,20.2942,5,33
2021-04-16,17.0019,19.955,4,32
2021-04-19,17.657,20.7006,1,29
2021-04-20,18.6526,21.0528,0,28
2021-04-21,19.9955,21.82,27,55
2021-04-22,21.1658,22.8048,26,54
2021-04-23,20.4318,22.191,25,53
2021-04-26,20.2051,22.1001,22,50
2021-04-27,19.7093,21.6953,21,49
2021-04-28,19.6632,21.7018,20,48
2021-04-29,19.5684,21.598,19,47
2021-04-30,20.438,22.2391,18,46
2021-05-03,19.7324,21.5522,15,43
2021-05-04,20.5493,22.2357,14,42
2021-05-05,19.9784,21.6758,13,41
2021-05-06,19.6892,21.6227,12,40
2021-05-07,18.2917,20.5424,11,39
2021-05-10,19.4819,21.3487,8,36
2021-05-11,21.2388,22.8487,7,35
2021-05-12,25.9725,26.4334,6,34
2021-05-13,22.6932,24.0809,5,33
2021-05-14,19.1312,21.3668,4,32
2021-05-17,19.9063,22.1144,1,29
2021-05-18,21.1438,22.3794,0,28
2021-05-19,23.3861,24.3801,27,62
2021-05-20,22.1031,23.6346,26,61
2021-05-21,21.8453,23.28,25,60
2021-05-24,20.7569,22.4758,22,57
2021-05-25,20.7012,22.6499,21,56
2021-05-26,19.6232,21.6727,20,55
2021-05-27,18.5669,20.6488,19,54
2021-05-28,19.1343,20.8509,18,53
2021-06-01,19.5551,21.3709,14,49
2021-06-02,18.9248,21.0457,13,48
2021-06-03,19.2865,21.3869,12,47
2021-06-04,18.1246,20.3389,11,46
2021-06-07,17.6359,20.0021,8,43
2021-06-08,17.9012,20.2319,7,42
2021-06-09,18.3797,20.4981,6,41
2021-06-10,16.9031,19.443,5,40
2021-06-11,16.5505,18.8501,4,39
2021-06-14,16.4514,19.0759,1,36
2021-06-15,17.1014,19.5645,0,35
2021-06-16,19.623,21.0498,34,62
2021-06-17,19.5146,20.9062,33,61
2021-06-18,21.339,22.2601,32,60
2021-06-21,19.9159,21.1897,29,57
2021-06-22,18.8265,20.5299,28,56
2021-06-23,18.4413,20.1918,27,55
2021-06-24,18.167,19.853,26,54
2021-06-25,17.7017,19.6252,25,53
2021-06-28,17.7213,19.516,22,50
2021-06-29,18.1278,19.953,21,49
2021-06-30,17.9033,19.7487,20,48
2021-07-01,17.4735,19.5447,19,47
2021-07-02,17.4706,19.4999,18,46
2021-07-06,17.9987,19.8513,14,42
2021-07-07,18.0485,19.9455,13,41
2021-07-08,19.545,20.9988,12,40
2021-07-09,17.7962,19.8444,11,39
2021-07-12,17.3713,19.8395,8,36
2021-07-13,17.7342,20.0157,7,35
2021-07-14,17.047,19.6029,6,34
2021-07-15,17.51,19.8149,5,33
2021-07-16,18.6228,20.6339,4,32
2021-07-19,22.738,23.6675,1,29
2021-07-20,19.9561,21.4852,0,28
2021-07-21,20.1082,21.6468,27,55
2021-07-22,20.5665,21.85,26,54
2021-07-23,20.3675,21.6506,25,53
2021-07-26,20.1497,21.6947,22,50
2021-07-27,20.7147,22.2005,21,49
2021-07-28,20.1089,21.7999,20,48
2021-07-29,19.7092,21.5483,19,47
2021-07-30,20.274,22.0749,18,46
2021-08-02,21.1496,22.7197,15,43
2021-08-03,19.8525,21.8428,14,42
2021-08-04,19.8494,21.7559,13,41
2021-08-05,19.3129,21.2892,12,40
2021-08-06,18.7024,20.751,11,39
2021-08-09,18.4231,20.6867,8,36
2021-08-10,17.9776,20.3456,7,35
2021-08-11,17.4443,19.7318,6,34
2021-08-12,17.0028,19.3979,5,33
2021-08-13,16.631,19.486,4,32
2021-08-16,16.504,19.6237,1,29
2021-08-17,17.5787,20.1697,0,28
2021-08-18,21.7058,22.9271,27,62
2021-08-19,22.346,23.1773,26,61
2021-08-20,20.5273,22.1551,25,60
2021-08-23,19.8468,21.6622,22,57
2021-08-24,19.7306,21.6582,21,56
2021-08-25,19.2328,21.2899,20,55
2021-08-26,20.1229,21.9501,19,54
2021-08-27,18.9529,21.1309,18,53
2021-08-30,18.746,20.9491,15,50
2021-08-31,18.6212,20.9074,14,49
2021-09-01,18.0805,20.446,13,48
2021-09-02,17.9632,20.4432,12,47
2021-09-03,18.3528,20.5624,11,46
2021-09-07,18.8314,20.9005,7,42
2021-09-08,18.7658,20.9315,6,41
2021-09-09,19.3716,21.353,5,40
2021-09-10,20.6249,22.1543,4,39
2021-09-13,19.298,21.3321,1,36
2021-09-14,19.715,21.5605,0,35
2021-09-15,20.8379,22.2987,34,62
2021-09-16,20.5556,22.0021,33,61
2021-09-17,21.9377,22.9489,32,60
2021-09-20,24.4629,24.6975,29,57
2021-09-21,23.4294,24.1154,28,56
2021-09-22,22.0994,23.1347,27,55
2021-09-23,20.5996,22.2012,26,54
2021-09-24,19.8182,21.6471,25,53
2021-09-27,20.1083,21.6778,22,50
2021-09-28,22.5173,23.4435,21,49
2021-09-29,22.9912,23.7823,20,48
2021-09-30,22.8678,23.6859,19,47
2021-10-01,21.994,23.2158,18,46
2021-10-04,22.681,23.6992,15,43
2021-10-05,21.7541,23.0271,14,42
2021-10-06,21.2171,22.6587,13,41
2021-10-07,20.1013,22.0851,12,40
2021-10-08,19.7169,21.6097,11,39
2021-10-11,20.1505,21.8565,8,36
2021-10-12,19.7169,21.4506,7,35
2021-10-13,19.1506,21.107,6,34
2021-10-14,17.6014,20.0046,5,33
2021-10-15,17.1727,20.0983,4,32
2021-10-18,16.618,19.6962,1,29
2021-10-19,15.9647,19.5287,0,28
2021-10-20,19.3155,21.0511,27,62
2021-10-21,18.6977,20.6504,26,61
2021-10-22,19.1016,21.1001,25,60
2021-10-25,18.5505,20.4983,22,57
2021-10-26,18.9246,20.8037,21,56
2021-10-27,19.3496,21.2962,20,55
2021-10-28,18.6503,20.8493,19,54
2021-10-29,18.7793,21.0533,18,53
2021-11-01,18.3999,20.8006,15,50
2021-11-02,17.8505,20.3509,14,49
2021-11-03,17.1078,19.7495,13,48
2021-11-04,17.4041,20.084,12,47
2021-11-05,18.4401,20.5057,11,46
2021-11-08,18.4945,20.5003,8,43
2021-11-09,18.9001,20.827,7,42
2021-11-10,19.5268,21.0045,6,41
2021-11-11,18.7588,20.7957,5,40
2021-11-12,17.4182,20.108,4,39
2021-11-15,17.0011,19.891,1,36
2021-11-16,16.7991,20.0017,0,35
2021-11-17,20.2745,22.427,34,62
2021-11-18,20.4995,22.6455,33,61
2021-11-19,20.7994,22.7497,32,60
2021-11-22,21.1529,23.0998,29,57
2021-11-23,20.563,22.6656,28,56
2021-11-24,20.348,22.4538,27,55
2021-11-26,26.5412,27.0096,25,53
2021-11-29,22.2041,23.7474,22,50
2021-11-30,25.6865,26.4777,21,49
2021-12-01,27.8304,27.964,20,48
2021-12-02,25.9392,26.905,19,47
2021-12-03,28.7301,28.6173,18,46
2021-12-06,25.8521,26.6506,15,43
2021-12-07,22.5437,24.2002,14,42
2021-12-08,20.8267,23.0192,13,41
2021-12-09,21.5672,23.5593,12,40
2021-12-10,19.7975,22.2662,11,39
2021-12-13,20.5841,23.1634,8,36
2021-12-14,21.2857,23.4828,7,35
2021-12-15,19.0758,21.9711,6,34
2021-12-16,20.4217,22.8188,5,33
2021-12-17,21.0691,23.5739,4,32
2021-12-20,22.8089,24.3107,1,29
2021-12-21,21.0726,23.1636,0,28
2021-12-22,21.8007,23.5483,27,55
2021-12-23,21.6518,23.3994,26,54
2021-12-27,21.0053,23.0302,22,50
2021-12-28,20.5305,22.6303,21,49
2021-12-29,20.0072,22.104,20,48
2021-12-30,19.9439,22.047,19,47
2021-12-31,19.6745,21.9705,18,46
2022-01-03,18.8578,21.4095,15,43
2022-01-04,18.8692,21.3187,14,42
2022-01-05,20.7745,22.6171,13,41
2022-01-06,20.8496,22.8491,12,40
2022-01-07,20.398,22.0204,11,39
2022-01-10,19.9034,21.7049,8,36
2022-01-11,18.954,20.9933,7,35
2022-01-12,18.5814,20.9713,6,34
2022-01-13,20.4167,22.0944,5,33
2022-01-14,19.667,21.7462,4,32
2022-01-18,22.6197,23.3922,0,28
2022-01-19,24.0687,24.566,27,55
2022-01-20,24.9658,25.1061,26,54
2022-01-21,27.3086,26.8399,25,53
2022-01-24,28.0683,27.4498,22,50
2022-01-25,28.1645,27.7313,21,49
2022-01-26,28.633,28.1099,20,48
2022-01-27,28.8263,28.486,19,47
2022-01-28,26.8734,27.0493,18,46
2022-01-31,24.8523,25.5448,15,43
2022-02-01,22.7458,23.9061,14,42
2022-02-02,22.0259,23.6318,13,41
2022-02-03,25.7306,26.0671,12,40
2022-02-04,24.2613,25.1484,11,39
2022-02-07,23.6521,24.5363,8,36
2022-02-08,22.3116,23.4098,7,35
2022-02-09,21.1561,22.6687,6,34
2022-02-10,24.2186,24.5799,5,33
2022-02-11,27.814,27.69,4,32
2022-02-14,28.3374,27.7476,1,29
2022-02-15,25.3833,25.5484,0,28
2022-02-16,24.4723,24.8139,27,62
2022-02-17,27.5683,26.8288,26,61
2022-02-18,28.1482,27.2767,25,60
2022-02-22,27.9601,27.0851,21,56
2022-02-23,29.6693,28.5132,20,55
2022-02-24,28.5487,27.7218,19,54
2022-02-25,27.2572,26.9481,18,53
2022-02-28,28.6169,28.1501,15,50
2022-03-01,32.1241,30.6762,14,49
2022-03-02,29.6145,29.0901,13,48
2022-03-03,29.9057,29.4694,12,47
2022-03-04,31.5274,30.3012,11,46
2022-03-07,34.8105,32.86,8,43
2022-03-08,33.9186,32.6065,7,42
2022-03-09,32.1193,31.4927,6,41
2022-03-10,30.4155,30.1263,5,40
2022-03-11,31.0024,30.78,4,39
2022-03-14,31.8036,31.7235,1,36
2022-03-15,30.7261,30.2292,35,63
2022-03-16,27.5411,27.9725,34,62
2022-03-17,27.1143,27.4593,33,61
2022-03-18,25.6406,26.2185,32,60
2022-03-21,25.482,26.1731,29,57
2022-03-22,24.9989,25.7186,28,56
2022-03-23,24.8925,25.7515,27,55
2022-03-24,24.2654,25.4518,26,54
2022-03-25,23.4552,24.8564,25,53
2022-03-28,22.9946,24.6115,22,50
2022-03-29,21.7532,23.7145,21,49
2022-03-30,22.07,24.0735,20,48
2022-03-31,23.469,24.9877,19,47
2022-04-01,22.3324,24.2141,18,46
2022-04-04,20.9619,23.1475,15,43
2022-04-05,23.2559,24.8412,14,42
2022-04-06,23.7022,25.3363,13,41
2022-04-07,22.9769,24.7128,12,40
2022-04-08,22.8475,24.7489,11,39
2022-04-11,24.7042,25.9219,8,36
2022-04-12,25.0641,26.2047,7,35
2022-04-13,22.6858,24.4289,6,34
2022-04-14,23.4211,25.0983,5,33
2022-04-18,22.9518,24.7867,1,29
2022-04-19,21.1489,23.5416,0,28
2022-04-20,22.9919,24.4979,27,55
2022-04-21,24.6907,25.9855,26,54
2022-04-22,27.9879,28.2171,25,53
2022-04-25,27.2576,27.7051,22,50
2022-04-26,30.3018,29.9546,21,49
2022-04-27,30.8249,30.3942,20,48
2022-04-28,29.2407,29.2815,19,47
2022-04-29,31.6487,31.2085,18,46
2022-05-02,30.9477,30.9012,15,43
2022-05-03,28.8864,29.3377,14,42
2022-05-04,25.762,26.9854,13,41
2022-05-05,31.3271,31.3722,12,40
2022-05-06,30.8118,30.789,11,39
2022-05-09,33.8168,33.0703,8,36
2022-05-10,32.254,31.9614,7,35
2022-05-11,32.1627,31.7389,6,34
2022-05-12,31.2544,31.261,5,33
2022-05-13,28.8191,29.3959,4,32
2022-05-16,27.5856,28.0855,1,29
2022-05-17,26.5988,27.4896,0,28
2022-05-18,31.5195,31.382,27,62
2022-05-19,29.286,29.7555,26,61
2022-05-20,29.4224,29.9611,25,60
2022-05-23,29.0797,29.828,22,57
2022-05-24,29.1855,29.8518,21,56
2022-05-25,28.4859,29.1357,20,55
2022-05-26,28.0636,29.0604,19,54
2022-05-27,26.8678,28.174,18,53
2022-05-31,26.4123,27.7908,14,49
2022-06-01,26.1937,27.5714,13,48
2022-06-02,25.6001,27.0828,12,47
2022-06-03,25.9627,27.3039,11,46
2022-06-06,25.5854,26.9709,8,43
2022-06-07,24.6805,26.3045,7,42
2022-06-08,24.6993,26.256,6,41
2022-06-09,26.4245,27.4994,5,40
2022-06-10,28.2892,29.0858,4,39
2022-06-13,33.4687,32.8934,1,36
2022-06-14,32.5815,31.8115,0,35
2022-06-15,30.0306,29.9834,34,62
2022-06-16,31.9206,31.4868,33,61
2022-06-17,30.902,30.6829,32,60
2022-06-21,30.3228,30.1912,28,56
2022-06-22,29.0105,29.1196,27,55
2022-06-23,29.0073,29.1839,26,54
2022-06-24,28.4774,28.7909,25,53
2022-06-27,27.4118,28.0439,22,50
2022-06-28,28.3331,28.7361,21,49
2022-06-29,28.3335,28.8152,20,48
2022-06-30,28.5623,29.1774,19,47
2022-07-01,27.689,28.5603,18,46
2022-07-05,27.7261,28.5555,14,42
2022-07-06,27.1987,28.1548,13,41
2022-07-07,26.85,27.8975,12,40
2022-07-08,26.049,27.3988,11,39
2022-07-11,27.186,28.1191,8,36
2022-07-12,27.3879,28.2453,7,35
2022-07-13,26.8636,27.8784,6,34
2022-07-14,26.8663,27.9454,5,33
2022-07-15,25.2066,26.5589,4,32
2022-07-18,25.7016,27.3971,1,29
2022-07-19,24.83,27.0352,0,28
2022-07-20,26.2684,27.5334,27,62
2022-07-21,25.7437,27.2669,26,61
2022-07-22,25.5044,27.1502,25,60
2022-07-25,25.2141,27.0384,22,57
2022-07-26,25.9513,27.4397,21,56
2022-07-27,25.0001,26.6903,20,55
2022-07-28,23.667,25.5516,19,54
2022-07-29,23.4158,25.3817,18,53
2022-08-01,24.2144,26.0517,15,50
2022-08-02,24.6115,26.3001,14,49
2022-08-03,23.1634,25.1488,13,48
2022-08-04,23.2001,25.2502,12,47
2022-08-05,22.4476,24.7969,11,46
2022-08-08,22.6589,24.8737,8,43
2022-08-09,22.989,25.0329,7,42
2022-08-10,21.3507,23.5999,6,41
2022-08-11,21.4995,23.8495,5,40
2022-08-12,21.1867,23.6234,4,39
2022-08-15,20.426,23.2003,1,36
2022-08-16,20.0006,23.4392,0,35
2022-08-17,23.2813,25.1173,34,62
2022-08-18,22.9999,24.9003,33,61
2022-08-19,24.1028,25.8998,32,60
2022-08-22,25.8208,27.0156,29,57
2022-08-23,25.3302,26.6492,28,56
2022-08-24,24.3501,25.9673,27,55
2022-08-25,23.5977,25.3689,26,54
2022-08-26,26.1802,27.1727,25,53
2022-08-29,26.0278,27.0047,22,50
2022-08-30,26.4608,27.4382,21,49
2022-08-31,25.7939,26.9681,20,48
2022-09-01,25.6212,26.7581,19,47
2022-09-02,25.9363,26.8979,18,46
2022-09-06,26.7579,27.429,14,42
2022-09-07,24.8966,26.0503,13,41
2022-09-08,24.3161,25.7286,12,40
2022-09-09,23.9496,25.5941,11,39
2022-09-12,23.9193,25.3904,8,36
2022-09-13,26.745,27.5215,7,35
2022-09-14,26.4161,27.4742,6,34
2022-09-15,26.3637,27.3471,5,33
2022-09-16,26.2206,27.2494,4,32
2022-09-19,25.7761,26.5139,1,29
2022-09-20,26.9999,27.3749,0,28
2022-09-21,28.1968,28.0988,27,55
2022-09-22,28.0956,27.8839,26,54
2022-09-23,29.8592,29.1893,25,53
2022-09-26,30.9247,30.0988,22,50
2022-09-27,31.383,30.5638,21,49
2022-09-28,29.8919,29.6506,20,48
2022-09-29,30.9432,30.3747,19,47
2022-09-30,31.516,31.0717,18,46
2022-10-03,29.9893,29.8482,15,43
2022-10-04,28.7999,28.8294,14,42
2022-10-05,28.9643,29.0451,13,41
2022-10-06,29.9193,29.8446,12,40
2022-10-07,31.1984,31.0177,11,39
2022-10-10,32.1078,31.7382,8,36
2022-10-11,32.754,32.1758,7,35
2022-10-12,32.1735,31.7784,6,34
2022-10-13,31.0521,30.9996,5,33
2022-10-14,31.9297,31.5866,4,32
2022-10-17,31.1798,30.879,1,29
2022-10-18,30.8564,30.1507,0,28
2022-10-19,30.3978,29.9013,27,62
2022-10-20,29.9629,29.739,26,61
2022-10-21,29.9854,29.6699,25,60
2022-10-24,29.3523,29.333,22,57
2022-10-25,28.1854,28.3979,21,56
2022-10-26,27.4876,27.8973,20,55
2022-10-27,26.9184,27.4362,19,54
2022-10-28,26.2602,26.9064,18,53
2022-10-31,25.8753,26.3996,15,50
2022-11-01,25.634,26.0041,14,49
2022-11-02,26.4475,26.6968,13,48
2022-11-03,25.6701,26.0972,12,47
2022-11-04,25.5286,25.8355,11,46
2022-11-07,25.1559,25.5002,8,43
2022-11-08,26.1017,26.1902,7,42
2022-11-09,26.857,27.0025,6,41
2022-11-10,24.6297,25.6828,5,40
2022-11-11,23.95,25.4502,4,39
2022-11-14,24.237,25.3841,1,36
2022-11-15,24.584,25.75,0,35
2022-11-16,25.0542,26.8509,34,62
2022-11-17,24.7666,26.6705,33,61
2022-11-18,24.515,26.5116,32,60
2022-11-21,23.8139,25.9522,29,57
2022-11-22,22.9505,25.2737,28,56
2022-11-23,22.4026,24.8493,27,55
2022-11-25,22.4869,25.1004,25,53
2022-11-28,23.4033,25.8527,22,50
2022-11-29,23.0397,25.4652,21,49
2022-11-30,22.122,24.6671,20,48
2022-12-01,21.5747,24.3418,19,47
2022-12-02,21.2041,23.878,18,46
2022-12-05,21.6851,24.2994,15,43
2022-12-06,22.4502,24.7988,14,42
2022-12-07,22.8621,25.1489,13,41
2022-12-08,22.3978,24.6494,12,40
2022-12-09,23.1016,25.0979,11,39
2022-12-12,23.1023,24.9368,8,36
2022-12-13,21.6885,23.9474,7,35
2022-12-14,20.6262,23.2012,6,34
2022-12-15,22.3075,24.62,5,33
2022-12-16,22.4507,24.681,4,32
2022-12-19,22.147,24.0198,1,29
2022-12-20,21.4848,23.9359,0,28
2022-12-21,23.0131,24.3394,27,55
2022-12-22,24.2555,25.301,26,54
2022-12-23,23.6302,24.8909,25,53
2022-12-27,23.4524,24.8001,21,49
2022-12-28,23.5481,24.7588,20,48
2022-12-29,23.2091,24.4999,19,47
2022-12-30,23.0981,24.5453,18,46
2023-01-03,23.0514,24.0825,14,42
2023-01-04,22.401,23.3757,13,41
2023-01-05,22.6516,23.5365,12,40
2023-01-06,22.1957,22.9488,11,39
2023-01-09,22.2669,23.0757,8,36
2023-01-10,21.0949,22.1945,7,35
2023-01-11,21.2004,22.3485,6,34
2023-01-12,19.82,21.252,5,33
2023-01-13,19.4988,20.7317,4,32
2023-01-17,19.3155,20.9452,0,28
2023-01-18,21.6874,22.5799,27,62
2023-01-19,21.7451,22.6023,26,61
2023-01-20,21.086,22.032,25,60
2023-01-23,20.7548,21.8469,22,57
2023-01-24,19.9502,21.0023,21,56
2023-01-25,19.9583,21.0531,20,55
2023-01-26,19.6703,20.8311,19,54
2023-01-27,19.3177,20.4616,18,53
2023-01-30,20.0481,20.874,15,50
2023-01-31,19.5257,20.4806,14,49
2023-02-01,18.7506,19.9559,13,48
2023-02-02,19.2989,20.3479,12,47
2023-02-03,19.3373,20.5476,11,46
2023-02-06,20.0124,20.95,8,43
2023-02-07,19.2146,20.3507,7,42
2023-02-08,20.0524,21.1509,6,41
2023-02-09,20.8103,21.7857,5,40
2023-02-10,20.9304,22.0492,4,39
2023-02-13,19.9144,21.2484,1,36
2023-02-14,18.6489,20.4267,0,35
2023-02-15,20.0523,21.1038,34,62
2023-02-16,21.1605,21.901,33,61
2023-02-17,21.2482,21.9486,32,60
2023-02-21,22.9011,23.2459,28,56
2023-02-22,22.2109,22.7161,27,55
2023-02-23,21.3726,22.1509,26,54
2023-02-24,22.1873,22.8954,25,53
2023-02-27,21.3317,22.25,22,50
2023-02-28,20.7757,21.7518,21,49
2023-03-01,21.0322,22.0497,20,48
2023-03-02,20.2009,21.2499,19,47
2023-03-03,19.4984,20.7153,18,46
2023-03-06,19.2202,20.3629,15,43
2023-03-07,19.7516,20.8009,14,42
2023-03-08,19.3052,20.4505,13,41
2023-03-09,21.7964,22.4264,12,40
2023-03-10,24.1808,24.7848,11,39
2023-03-13,25.3724,25.5333,8,36
2023-03-14,23.7017,23.9083,7,35
2023-03-15,25.8129,25.8726,6,34
2023-03-16,23.0155,23.5506,5,33
2023-03-17,25.6342,26.1463,4,32
2023-03-20,24.1683,24.942,1,29
2023-03-21,21.5908,22.7699,0,28
2023-03-22,23.5,23.7107,27,55
2023-03-23,24.2236,24.4969,26,54
2023-03-24,23.2241,23.959,25,53
2023-03-27,22.2674,23.0993,22,50
2023-03-28,21.6995,22.7125,21,49
2023-03-29,20.9309,22.1493,20,48
2023-03-30,20.8277,22.1587,19,47
2023-03-31,20.7642,22.1285,18,46
2023-04-03,20.2095,21.5513,15,43
2023-04-04,20.5997,21.9997,14,42
2023-04-05,20.4184,21.8447,13,41
2023-04-06,19.9781,21.4985,12,40
2023-04-10,19.804,21.2259,8,36
2023-04-11,19.7666,20.971,7,35
2023-04-12,19.9518,21.0517,6,34
2023-04-13,18.7342,20.4359,5,33
2023-04-14,18.3523,20.09,4,32
2023-04-17,17.416,19.5767,1,29
2023-04-18,17.0513,19.4442,0,28
2023-04-19,19.4007,21.3612,27,62
2023-04-20,19.8376,21.8001,26,61
2023-04-21,19.4083,21.638,25,60
2023-04-24,19.3262,21.5595,22,57
2023-04-25,21.0194,22.9737,21,56
2023-04-26,20.4248,22.4992,20,55
2023-04-27,19.4461,21.8142,19,54
2023-04-28,18.4361,21.3015,18,53
2023-05-01,18.1693,20.8044,15,50
2023-05-02,19.3402,21.4668,14,49
2023-05-03,19.9541,21.9995,13,48
2023-05-04,21.1905,22.9204,12,47
2023-05-05,19.2868,21.347,11,46
2023-05-08,19.0021,20.9454,8,43
2023-05-09,19.4202,21.3303,7,42
2023-05-10,18.8504,20.7546,6,41
2023-05-11,18.6032,20.5239,5,40
2023-05-12,18.5431,20.5509,4,39
2023-05-15,17.801,20.0649,1,36
2023-05-16,18.282,20.6437,0,35
2023-05-17,19.9815,21.742,34,62
2023-05-18,19.1473,20.9557,33,61
2023-05-19,19.6485,21.4995,32,60
2023-05-22,19.671,21.4467,29,57
2023-05-23,20.0458,21.6473,28,56
2023-05-24,20.9965,22.2087,27,55
2023-05-25,20.4261,21.811,26,54
2023-05-26,19.5822,21.0499,25,53
2023-05-30,18.967,20.6501,21,49
2023-05-31,18.8651,20.446,20,48
2023-06-01,17.7047,19.393,19,47
2023-06-02,16.9463,18.7589,18,46
2023-06-05,16.5014,18.3393,15,43
2023-06-06,15.4181,17.372,14,42
2023-06-07,15.4509,17.4953,13,41
2023-06-08,15.0127,17.0487,12,40
2023-06-09,15.2378,17.1289,11,39
2023-06-12,15.5628,17.1041,8,36
2023-06-13,15.3191,17.1144,7,35
2023-06-14,14.778,16.6008,6,34
2023-06-15,15.103,17.0878,5,33
2023-06-16,14.3454,16.4772,4,32
2023-06-20,14.0254,16.5246,0,28
2023-06-21,16.179,17.5018,27,55
2023-06-22,15.7789,17.3498,26,54
2023-06-23,15.9547,17.569,25,53
2023-06-26,15.9957,17.3156,22,50
2023-06-27,15.5616,16.8875,21,49
2023-06-28,14.9918,16.3695,20,48
2023-06-29,15.3281,16.692,19,47
2023-06-30,15.011,16.4003,18,46
2023-07-03,14.8946,16.3515,15,43
2023-07-05,15.2825,16.4596,13,41
2023-07-06,16.1652,17.2288,12,40
2023-07-07,15.8619,16.8278,11,39
2023-07-10,15.7747,16.6988,8,36
2023-07-11,15.5525,16.5759,7,35
2023-07-12,14.2934,15.7668,6,34
2023-07-13,14.1923,15.9364,5,33
2023-07-14,13.8048,15.7526,4,32
2023-07-17,13.699,15.7475,1,29
2023-07-18,13.3001,15.5365,0,28
2023-07-19,15.905,17.3468,27,62
2023-07-20,15.846,17.2747,26,61
2023-07-21,15.611,17.0242,25,60
2023-07-24,15.3804,16.6594,22,57
2023-07-25,15.3462,16.7516,21,56
2023-07-26,14.8878,16.3968,20,55
2023-07-27,15.6879,16.9633,19,54
2023-07-28,14.9886,16.5351,18,53
2023-07-31,14.8634,16.3393,15,50
2023-08-01,15.0724,16.5652,14,49
2023-08-02,16.7022,17.7566,13,48
2023-08-03,16.7483,17.6502,12,47
2023-08-04,17.5076,18.1354,11,46
2023-08-07,16.2943,17.4,8,43
2023-08-08,16.4955,17.7233,7,42
2023-08-09,16.3469,17.5875,6,41
2023-08-10,16.0072,17.6997,5,40
2023-08-11,15.3536,17.0503,4,39
2023-08-14,14.8456,16.7773,1,36
2023-08-15,16.1726,17.696,0,35
2023-08-16,18.0118,18.5461,34,62
2023-08-17,18.8548,19.2015,33,61
2023-08-18,18.4487,18.925,32,60
2023-08-21,17.8493,18.5019,29,57
2023-08-22,17.901,18.6903,28,56
2023-08-23,17.2933,18.1989,27,55
2023-08-24,18.0102,18.7774,26,54
2023-08-25,17.1776,18.0894,25,53
2023-08-28,16.4326,17.5005,22,50
2023-08-29,15.9027,17.1967,21,49
2023-08-30,15.3029,16.7006,20,48
2023-08-31,15.0438,16.3736,19,47
2023-09-01,14.7971,16.2094,18,46
2023-09-05,14.9927,16.1975,14,42
2023-09-06,15.3467,16.4978,13,41
2023-09-07,15.3022,16.439,12,40
2023-09-08,14.9405,16.1484,11,39
2023-09-11,14.5844,15.8099,8,36
2023-09-12,14.6385,15.8595,7,35
2023-09-13,13.9985,15.665,6,34
2023-09-14,13.3689,15.2378,5,33
2023-09-15,14.2528,15.7721,4,32
2023-09-18,14.0971,15.6816,1,29
2023-09-19,14.0519,15.5728,0,28
2023-09-20,16.1696,16.8653,27,55
2023-09-21,17.4859,17.7975,26,54
2023-09-22,17.4916,17.8893,25,53
2023-09-25,17.4974,17.9872,22,50
2023-09-26,19.1742,19.2555,21,49
2023-09-27,18.3022,18.75,20,48
2023-09-28,17.3515,18.0194,19,47
2023-09-29,17.7712,18.2463,18,46
2023-10-02,17.8507,18.238,15,43
2023-10-03,19.6564,19.7982,14,42
2023-10-04,18.5177,18.9066,13,41
2023-10-05,18.1998,18.7461,12,40
2023-10-06,18.0342,18.4171,11,39
2023-10-09,17.6467,18.2263,8,36
2023-10-10,16.9878,17.6168,7,35
2023-10-11,16.5021,17.3537,6,34
2023-10-12,16.9479,17.7476,5,33
2023-10-13,19.2567,19.9214,4,32
2023-10-16,17.1597,17.978,1,29
2023-10-17,17.8484,18.4362,0,28
2023-10-18,19.5967,19.6143,27,62
2023-10-19,20.5549,20.5479,26,61
2023-10-20,20.725,20.6987,25,60
2023-10-23,20.0003,20.0471,22,57
2023-10-24,19.0875,19.2673,21,56
2023-10-25,20.3008,20.3601,20,55
2023-10-26,20.5375,20.4999,19,54
2023-10-27,21.1865,21.2116,18,53
2023-10-30,19.5901,19.707,15,50
2023-10-31,18.1268,18.6006,14,49
2023-11-01,17.3005,17.8499,13,48
2023-11-02,16.5565,17.3431,12,47
2023-11-03,16.1519,16.9746,11,46
2023-11-06,15.6461,16.3841,8,43
2023-11-07,15.5014,16.3245,7,42
2023-11-08,15.1093,16.046,6,41
2023-11-09,15.8874,16.6544,5,40
2023-11-10,14.8991,15.997,4,39
2023-11-13,14.8035,15.8467,1,36
2023-11-14,14.2701,15.7429,0,35
2023-11-15,15.3507,16.8307,34,62
2023-11-16,15.1459,16.6024,33,61
2023-11-17,14.9042,16.4004,32,60
2023-11-20,14.776,16.3301,29,57
2023-11-21,14.4523,16.0213,28,56
2023-11-22,14.5628,16.2486,27,55
2023-11-24,13.8496,15.6449,25,53
2023-11-27,13.9533,15.7645,22,50
2023-11-28,13.7842,15.5543,21,49
2023-11-29,13.9997,15.8501,20,48
2023-11-30,13.7578,15.5681,19,47
2023-12-01,13.6982,15.5089,18,46
2023-12-04,13.8006,15.549,15,43
2023-12-05,13.663,15.417,14,42
2023-12-06,13.737,15.5667,13,41
2023-12-07,13.7485,15.5478,12,40
2023-12-08,13.3417,15.0638,11,39
2023-12-11,12.9471,14.7916,8,36
2023-12-12,12.4035,14.3962,7,35
2023-12-13,12.1843,14.2146,6,34
2023-12-14,12.3048,14.1515,5,33
2023-12-15,12.4649,14.6252,4,32
2023-12-18,12.4176,14.6414,1,29
2023-12-19,12.409,14.8894,0,28
2023-12-20,15.8061,16.8908,27,55
2023-12-21,15.4414,16.5186,26,54
2023-12-22,15.0372,16.296,25,53
2023-12-26,14.6063,15.9198,21,49
2023-12-27,13.9935,15.3641,20,48
2023-12-28,13.9837,15.3042,19,47
2023-12-29,14.0512,15.2954,18,46
2024-01-02,14.1016,15.1958,14,42
2024-01-03,14.6997,15.6212,13,41
2024-01-04,14.6618,15.6042,12,40
2024-01-05,14.2034,15.0979,11,39
2024-01-08,13.7975,14.7882,8,36
2024-01-09,13.4039,14.4285,7,35
2024-01-10,13.3453,14.2977,6,34
2024-01-11,13.0512,14.2522,5,33
2024-01-12,13.1811,14.4647,4,32
2024-01-16,13.9544,14.9876,0,28
2024-01-17,15.5187,16.3519,27,62
2024-01-18,15.0037,15.9966,26,61
2024-01-19,14.6052,15.6997,25,60
2024-01-22,14.0804,15.1727,22,57
2024-01-23,13.7002,14.7723,21,56
2024-01-24,14.038,15.1205,20,55
2024-01-25,14.2261,15.309,19,54
2024-01-26,14.1173,15.1767,18,53
2024-01-29,14.2508,15.2503,15,50
2024-01-30,13.9929,15.0432,14,49
2024-01-31,14.8735,15.6748,13,48
2024-02-01,14.6977,15.5533,12,47
2024-02-02,14.5473,15.5485,11,46
2024-02-05,13.9557,15.0004,8,43
2024-02-06,13.5521,14.6468,7,42
2024-02-07,13.3847,14.6441,6,41
2024-02-08,13.3452,14.5328,5,40
2024-02-09,13.3705,14.6955,4,39
2024-02-12,13.8034,14.9534,1,36
2024-02-13,15.7525,16.0148,0,35
2024-02-14,15.1396,16.0462,34,62
2024-02-15,15.0189,15.9688,33,61
2024-02-16,14.9515,15.8956,32,60
2024-02-20,15.5273,16.2898,28,56
2024-02-21,15.3494,16.0978,27,55
2024-02-22,15.0348,15.9232,26,54
2024-02-23,14.4301,15.4033,25,53
2024-02-26,14.2522,15.2524,22,50
2024-02-27,13.9981,15.0229,21,49
2024-02-28,14.2232,15.2325,20,48
2024-02-29,14.0088,15.0507,19,47
2024-03-01,14.0481,15.0964,18,46
2024-03-04,14.0297,15.051,15,43
2024-03-05,14.703,15.6063,14,42
2024-03-06,14.7897,15.6097,13,41
2024-03-07,14.6174,15.6174,12,40
2024-03-08,15.0773,15.9453,11,39
2024-03-11,14.8956,15.8192,8,36
2024-03-12,13.9606,15.1004,7,35
2024-03-13,13.7973,15.0363,6,34
2024-03-14,14.342,15.4042,5,33
2024-03-15,14.5984,15.6778,4,32
2024-03-18,14.3579,15.3308,1,29
2024-03-19,13.9448,14.9214,0,28
2024-03-20,14.5645,15.5459,27,62
2024-03-21,14.4567,15.5371,26,61
2024-03-22,14.4814,15.5795,25,60
2024-03-25,14.4005,15.4969,22,57
2024-03-26,14.3463,15.3954,21,56
2024-03-27,14.0661,15.1988,20,55
2024-03-28,14.3687,15.4185,19,54
2024-04-01,14.5022,15.4306,15,50
2024-04-02,14.9996,15.7777,14,49
2024-04-03,14.9446,15.644,13,48
2024-04-04,15.8308,16.2118,12,47
2024-04-05,16.0774,16.5142,11,46
2024-04-08,15.347,15.9546,8,43
2024-04-09,15.0753,15.8977,7,42
2024-04-10,15.3171,16.1527,6,41
2024-04-11,15.0239,15.8992,5,40
2024-04-12,17.0882,17.1165,4,39
2024-04-15,18.4081,18.0133,1,36
2024-04-16,18.2475,17.4557,0,35
2024-04-17,17.2093,17.5233,34,62
2024-04-18,17.3829,17.6459,33,61
2024-04-19,17.8354,17.9513,32,60
2024-04-22,16.4697,16.8052,29,57
2024-04-23,15.7943,16.2121,28,56
2024-04-24,15.6252,16.0272,27,55
2024-04-25,16.0018,16.2415,26,54
2024-04-26,15.3964,15.9111,25,53
2024-04-29,15.1678,15.6545,22,50
2024-04-30,15.6634,15.952,21,49
2024-05-01,15.7081,16.0814,20,48
2024-05-02,15.1632,15.6452,19,47
2024-05-03,14.5915,15.1674,18,46
2024-05-06,14.1983,14.7946,15,43
2024-05-07,14.0973,14.7108,14,42
2024-05-08,13.9112,14.6128,13,41
2024-05-09,13.8112,14.5709,12,40
2024-05-10,13.5511,14.3785,11,39
2024-05-13,13.8191,14.5261,8,36
2024-05-14,13.5162,14.2591,7,35
2024-05-15,12.879,13.7759,6,34
2024-05-16,12.8347,13.7394,5,33
2024-05-17,12.6503,13.6146,4,32
2024-05-20,12.5725,13.6021,1,29
2024-05-21,12.1979,13.3887,0,28
2024-05-22,13.6649,14.514,27,55
2024-05-23,13.8561,14.6702,26,54
2024-05-24,13.4272,14.3147,25,53
2024-05-28,13.7256,14.5635,21,49
2024-05-29,14.3394,14.9519,20,48
2024-05-30,14.2928,14.903,19,47
2024-05-31,13.7896,14.5813,18,46
2024-06-03,13.6535,14.5124,15,43
2024-06-04,13.7165,14.5892,14,42
2024-06-05,13.3525,14.3946,13,41
2024-06-06,13.2562,14.3165,12,40
2024-06-07,13.0098,14.2232,11,39
2024-06-10,13.0295,14.2355,8,36
2024-06-11,12.9694,14.2445,7,35
2024-06-12,12.5556,13.9677,6,34
2024-06-13,12.4105,13.9653,5,33
2024-06-14,12.9549,14.4134,4,32
2024-06-17,12.8015,14.3193,1,29
2024-06-18,14.2961,15.2964,28,63
2024-06-20,14.7681,15.6549,26,61
2024-06-21,14.4458,15.3433,25,60
2024-06-24,14.3967,15.2751,22,57
2024-06-25,14.077,14.9865,21,56
2024-06-26,13.9083,14.8901,20,55
2024-06-27,13.7587,14.818,19,54
2024-06-28,14.0228,14.9402,18,53
2024-07-01,13.4175,14.4308,15,50
2024-07-02,13.206,14.296,14,49
2024-07-03,13.2699,14.3482,13,48
2024-07-05,13.3033,14.3738,11,46
2024-07-08,13.082,14.1818,8,43
2024-07-09,12.9957,14.2194,7,42
2024-07-10,12.9335,14.1545,6,41
2024-07-11,13.1184,14.1965,5,40
2024-07-12,12.8311,14.0232,4,39
2024-07-15,13.1369,14.219,1,36
2024-07-16,13.1593,14.3356,0,35
2024-07-17,14.808,15.7843,34,62
2024-07-18,15.2934,16.0481,33,61
2024-07-19,15.9169,16.5074,32,60
2024-07-22,15.0439,15.7971,29,57
2024-07-23,14.9323,15.6963,28,56
2024-07-24,17.072,17.4566,27,55
2024-07-25,17.1444,17.5661,26,54
2024-07-26,16.1771,16.718,25,53
2024-07-29,15.9722,16.3991,22,50
2024-07-30,16.4855,16.8294,21,49
2024-07-31,15.9994,16.4934,20,48
2024-08-01,17.4669,17.8469,19,47
2024-08-02,21.8527,21.9844,18,46
2024-08-05,32.0986,30.3911,15,43
2024-08-06,25.7702,24.8657,14,42
2024-08-07,25.0766,23.5773,13,41
2024-08-08,22.6885,21.7279,12,40
2024-08-09,19.4971,18.8533,11,39
2024-08-12,19.4647,18.8303,8,36
2024-08-13,17.5452,17.4046,7,35
2024-08-14,16.2453,16.2629,6,34
2024-08-15,15.3485,15.7452,5,33
2024-08-16,15.2799,15.6896,4,32
2024-08-19,14.7848,15.3728,1,29
2024-08-20,15.8801,16.0407,0,28
2024-08-21,16.228,18.4791,27,55
2024-08-22,17.0095,19.0438,26,54
2024-08-23,15.9286,18.0591,25,53
2024-08-26,15.947,17.9583,22,50
2024-08-27,15.5794,17.6572,21,49
2024-08-28,16.5703,18.3952,20,48
2024-08-29,15.9351,17.8579,19,47
2024-08-30,15.411,17.4021,18,46
2024-09-03,19.1208,20.1829,14,42
2024-09-04,19.5445,20.5578,13,41
2024-09-05,18.7523,19.6891,12,40
2024-09-06,20.4643,20.9192,11,39
2024-09-09,18.7253,19.7187,8,36
2024-09-10,18.2864,19.3349,7,35
2024-09-11,17.2328,18.6085,6,34
2024-09-12,16.9479,18.5068,5,33
2024-09-13,16.703,18.4866,4,32
2024-09-16,17.0904,18.6622,1,29
2024-09-17,17.8331,19.032,0,28
2024-09-18,18.7393,18.4054,27,62
2024-09-19,18.0222,17.7952,26,61
2024-09-20,17.9542,17.7076,25,60
2024-09-23,18.0066,17.7088,22,57
2024-09-24,18.0531,17.6609,21,56
2024-09-25,18.3144,17.9062,20,55
2024-09-26,18.2977,17.844,19,54
2024-09-27,19.2552,18.5204,18,53
2024-09-30,18.8425,18.0975,15,50
2024-10-01,20.4666,19.2892,14,49
2024-10-02,20.1015,19.1061,13,48
2024-10-03,21.0732,19.9132,12,47
2024-10-04,20.2031,19.1629,11,46
2024-10-07,22.5656,20.6485,8,43
2024-10-08,21.4558,19.894,7,42
2024-10-09,20.8987,19.3484,6,41
2024-10-10,21.3948,19.5553,5,40
2024-10-11,21.1276,19.3402,4,39
2024-10-14,20.2002,18.6485,1,36
2024-10-15,20.9675,19.305,0,35
2024-10-16,19.0531,18.4942,34,62
2024-10-17,18.7641,18.3153,33,61
2024-10-18,18.3002,17.9419,32,60
2024-10-21,18.3564,17.9371,29,57
2024-10-22,18.2834,17.844,28,56
2024-10-23,19.274,18.6272,27,55
2024-10-24,18.9021,18.3654,26,54
2024-10-25,19.8968,19.0437,25,53
2024-10-28,18.7978,18.2452,22,50
2024-10-29,18.7575,18.1953,21,49
2024-10-30,19.3182,18.5536,20,48
2024-10-31,20.9579,19.7307,19,47
2024-11-01,20.488,19.4768,18,46
2024-11-04,19.5077,18.7211,15,43
2024-11-05,18.3442,17.8957,14,42
2024-11-06,16.246,16.2785,13,41
2024-11-07,15.6411,15.8303,12,40
2024-11-08,15.4969,15.7606,11,39
2024-11-11,15.4861,15.7216,8,36
2024-11-12,15.2572,15.7362,7,35
2024-11-13,14.544,15.4598,6,34
2024-11-14,14.64,15.4412,5,33
2024-11-15,16.3884,16.3703,4,32
2024-11-18,15.6117,15.8517,1,29
2024-11-19,16.4181,16.4057,0,28
2024-11-20,16.9522,17.409,27,62
2024-11-21,16.7716,17.2813,26,61
2024-11-22,16.0654,16.8433,25,60
2024-11-25,15.4492,16.4269,22,57
2024-11-26,15.2541,16.3418,21,56
2024-11-27,15.169,16.2576,20,55
2024-11-29,14.8517,16.0529,18,53
2024-12-02,14.7128,16.0326,15,50
2024-12-03,14.5309,15.937,14,49
2024-12-04,14.6572,16.0881,13,48
2024-12-05,14.6032,16.201,12,47
2024-12-06,14.2855,15.9521,11,46
2024-12-09,14.7355,16.2983,8,43
2024-12-10,14.6523,16.2662,7,42
2024-12-11,14.2842,16.1838,6,41
2024-12-12,14.4062,16.2991,5,40
2024-12-13,14.519,16.2782,4,39
2024-12-16,14.6997,16.6091,1,36
2024-12-17,15.7483,16.9531,0,35
2024-12-18,19.762,19.6754,34,62
2024-12-19,21.7113,21.0178,33,61
2024-12-20,18.2606,18.5862,32,60
2024-12-23,17.0257,17.56,29,57
2024-12-24,15.9878,16.8502,28,56
2024-12-26,16.0329,16.9782,26,54
2024-12-27,16.9415,17.5586,25,53
2024-12-30,17.3868,17.7923,22,50
2024-12-31,17.5177,17.8708,21,49
2025-01-02,17.9098,18.2685,19,47
2025-01-03,16.6858,17.4356,18,46
2025-01-06,16.5686,17.3787,15,43
2025-01-07,17.8805,18.2637,14,42
2025-01-08,17.7197,18.1515,13,41
2025-01-09,17.9667,18.325,12,40
2025-01-10,19.0119,19.2947,11,39
2025-01-13,18.5959,18.9083,8,36
2025-01-14,18.2081,18.5544,7,35
2025-01-15,16.101,17.063,6,34
2025-01-16,16.189,17.0997,5,33
2025-01-17,16.1792,17.2382,4,32
2025-01-21,15.2423,16.5367,0,28
2025-01-22,16.7432,17.5879,27,55
2025-01-23,16.4733,17.3441,26,54
2025-01-24,16.382,17.2994,25,53
2025-01-27,17.6133,18.0353,22,50
2025-01-28,16.939,17.4803,21,49
2025-01-29,16.8431,17.4988,20,48
2025-01-30,16.7092,17.5228,19,47
2025-01-31,17.3586,17.986,18,46
2025-02-03,17.9108,18.1335,15,43
2025-02-04,17.2011,17.7673,14,42
2025-02-05,16.7703,17.491,13,41
2025-02-06,16.5795,17.4335,12,40
2025-02-07,17.3458,17.9512,11,39
2025-02-10,16.7021,17.5244,8,36
2025-02-11,16.7694,17.5614,7,35
2025-02-12,16.8012,17.4799,6,34
2025-02-13,16.1349,17.2427,5,33
2025-02-14,16.0117,17.1818,4,32
2025-02-18,15.6602,17.1256,0,28
2025-02-19,16.9066,17.8409,27,55
2025-02-20,17.0326,17.8579,26,54
2025-02-21,18.3007,18.699,25,53
2025-02-24,18.4302,18.7684,22,50
2025-02-25,18.4836,18.7907,21,49
2025-02-26,18.1337,18.6034,20,48
2025-02-27,19.3063,19.4276,19,47
2025-02-28,18.8291,19.0461,18,46
2025-03-03,20.6577,20.4435,15,43
2025-03-04,21.2409,20.7993,14,42
2025-03-05,20.1269,19.9017,13,41
2025-03-06,22.8281,21.7923,12,40
2025-03-07,21.6254,20.7863,11,39
2025-03-10,24.9344,22.7978,8,36
2025-03-11,24.6115,22.7661,7,35
2025-03-12,23.0749,21.7139,6,34
2025-03-13,24.4101,22.6331,5,33
2025-03-14,21.5211,20.6804,4,32
2025-03-17,20.8352,19.9169,1,29
2025-03-18,20.4806,20.3031,28,63
2025-03-19,19.7513,19.7468,27,62
2025-03-20,19.4005,19.4706,26,61
2025-03-21,19.4179,19.4739,25,60
2025-03-24,18.0635,18.4989,22,57
2025-03-25,18.2072,18.6554,21,56
2025-03-26,18.8445,19.1501,20,55
2025-03-27,18.9763,19.1588,19,54
2025-03-28,20.9817,20.5492,18,53
2025-03-31,20.8435,20.4872,15,50
2025-04-01,20.8794,20.5138,14,49
2025-04-02,20.1562,20.0227,13,48
2025-04-03,26.3753,24.1926,12,47
2025-04-04,32.4976,28.5193,11,46
2025-04-07,33.1708,28.1411,8,43
2025-04-08,39.1728,31.4333,7,42
2025-04-09,28.6489,25.1944,6,41
2025-04-10,35.8622,29.871,5,40
2025-04-11,34.6376,28.8917,4,39
2025-04-14,29.8594,25.6983,1,36
2025-04-15,29.9025,25.4674,0,35
2025-04-16,27.6258,26.318,34,62
2025-04-17,26.7284,25.7621,33,61
2025-04-21,28.4469,27.0167,29,57
2025-04-22,26.5397,25.7021,28,56
2025-04-23,25.4379,24.8708,27,55
2025-04-24,24.5677,24.0525,26,54
2025-04-25,23.4981,23.2525,25,53
2025-04-28,23.682,23.3132,22,50
2025-04-29,23.3847,23.1101,21,49
2025-04-30,24.0109,23.5652,20,48
2025-05-01,23.5699,23.261,19,47
2025-05-02,22.4818,22.4001,18,46
2025-05-05,23.1838,22.8084,15,43
2025-05-06,24.1076,23.5229,14,42
2025-05-07,23.3234,22.9534,13,41
2025-05-08,22.2923,22.229,12,40
2025-05-09,22.0058,22.092,11,39
2025-05-12,18.571,19.4058,8,36
2025-05-13,18.4379,19.2945,7,35
2025-05-14,18.7805,19.744,6,34
2025-05-15,18.2334,19.4628,5,33
2025-05-16,17.9271,19.4121,4,32
2025-05-19,18.2044,19.6515,1,29
2025-05-20,18.0043,19.4966,0,28
2025-05-21,20.7904,21.3693,27,55
2025-05-22,20.6395,21.2388,26,54
2025-05-23,22.0425,22.2839,25,53
2025-05-27,19.7008,20.522,21,49
2025-05-28,19.92,20.7911,20,48
2025-05-29,19.9594,20.8552,19,47
2025-05-30,20.0219,21.0379,18,46
2025-06-02,19.7059,20.8963,15,43
2025-06-03,19.204,20.574,14,42
2025-06-04,19.1474,20.498,13,41
2025-06-05,19.5782,20.8932,12,40
2025-06-06,18.5314,20.1545,11,39
2025-06-09,18.3048,20.0001,8,36
2025-06-10,18.1408,19.971,7,35
2025-06-11,18.3462,20.0947,6,34
2025-06-12,18.7455,20.2997,5,33
2025-06-13,21.2716,21.8201,4,32
2025-06-16,19.1942,20.2816,1,29
2025-06-17,20.9935,21.4052,0,28
2025-06-18,20.8053,21.4621,27,62
2025-06-20,21.1254,21.6516,25,60
2025-06-23,20.7581,21.499,22,57
2025-06-24,19.2484,20.446,21,56
2025-06-25,19.0176,20.2389,20,55
2025-06-26,18.9112,20.1218,19,54
2025-06-27,18.8523,20.1951,18,53
2025-06-30,18.7125,20.0976,15,50
2025-07-01,18.6524,20.1918,14,49
2025-07-02,18.5591,20.1827,13,48
2025-07-03,18.3205,20.0767,12,47
2025-07-07,18.729,20.2403,8,43
2025-07-08,18.0173,19.8183,7,42
2025-07-09,17.0818,19.2593,6,41
2025-07-10,16.8712,19.1121,5,40
2025-07-11,17.1231,19.1936,4,39
2025-07-14,17.3381,19.4824,1,36
2025-07-15,16.9855,19.3911,0,35
2025-07-16,19.5255,20.9535,34,62
2025-07-17,19.4451,20.9494,33,61
2025-07-18,19.141,20.8192,32,60
2025-07-21,19.0016,20.6923,29,57
2025-07-22,18.8975,20.705,28,56
2025-07-23,18.0956,20.0524,27,55
2025-07-24,18.0782,19.8785,26,54
2025-07-25,17.8844,19.7887,25,53
2025-07-28,17.3948,19.3055,22,50
2025-07-29,17.8434,19.7103,21,49
2025-07-30,17.9038,19.7879,20,48
2025-07-31,17.9566,19.8708,19,47
2025-08-01,19.8518,21.1103,18,46
2025-08-04,18.1045,19.9853,15,43
2025-08-05,18.3111,20.1609,14,42
2025-08-06,17.6048,19.5688,13,41
2025-08-07,17.7978,19.7075,12,40
2025-08-08,16.868,19.1604,11,39
2025-08-11,16.9014,19.2976,8,36
2025-08-12,15.8937,18.5508,7,35
2025-08-13,15.6455,18.4996,6,34
2025-08-14,15.7256,18.5444,5,33
2025-08-15,15.7742,18.4744,4,32
2025-08-18,15.3206,18.009,1,29
2025-08-19,15.5738,18.3931,0,28
2025-08-20,18.3008,20.1469,27,62
2025-08-21,18.6088,20.3754,26,61
2025-08-22,16.9975,19.0513,25,60
2025-08-25,17.0172,19.1565,22,57
2025-08-26,16.8867,19.0898,21,56
2025-08-27,16.9045,19.1748,20,55
2025-08-28,16.6525,19.0363,19,54
2025-08-29,17.149,19.3442,18,53
2025-09-02,17.7246,19.8497,14,49
2025-09-03,17.1889,19.4266,13,48
2025-09-04,16.5962,18.8515,12,47
2025-09-05,16.7106,18.8991,11,46
2025-09-08,16.3618,18.5378,8,43
2025-09-09,16.2916,18.4396,7,42
2025-09-10,16.1314,18.3931,6,41
2025-09-11,15.6473,17.995,5,40
2025-09-12,15.5928,17.9471,4,39
2025-09-15,15.7566,18.1366,1,36
2025-09-16,16.1034,18.4512,0,35
2025-09-17,17.7786,19.2488,34,62
2025-09-18,17.677,19.25,33,61
2025-09-19,17.7179,19.2825,32,60
2025-09-22,18.0476,19.534,29,57
2025-09-23,18.34,19.708,28,56
2025-09-24,18.0413,19.5247,27,55
2025-09-25,18.3333,19.7125,26,54
2025-09-26,17.4931,19.0568,25,53
2025-09-29,17.7466,19.2967,22,50
2025-09-30,17.588,19.2492,21,49
2025-10-01,17.5014,19.1491,20,48
2025-10-02,17.842,19.3483,19,47
2025-10-03,17.7273,19.2466,18,46
2025-10-06,17.602,19.1017,15,43
2025-10-07,18.1013,19.491,14,42
2025-10-08,17.6497,19.2059,13,41
2025-10-09,17.7004,19.2535,12,40
2025-10-10,21.0095,21.2344,11,39
2025-10-13,19.0245,19.6943,8,36
2025-10-14,20.2857,20.4843,7,35
2025-10-15,20.7228,20.6812,6,34
2025-10-16,24.0259,22.4142,5,33
2025-10-17,20.9137,20.7096,4,32
2025-10-20,18.4487,19.1805,1,29
2025-10-21,18.018,19.0436,0,28
2025-10-22,19.3039,19.8626,27,55
2025-10-23,18.9203,19.6218,26,54
2025-10-24,18.6373,19.3431,25,53
2025-10-27,18.0336,18.9361,22,50
2025-10-28,18.5732,19.4043,21,49
2025-10-29,18.9367,19.6877,20,48
2025-10-30,19.108,19.9203,19,47
2025-10-31,19.1308,19.9632,18,46
2025-11-03,18.938,19.8978,15,43
2025-11-04,19.7605,20.5025,14,42
2025-11-05,18.9114,19.7592,13,41
2025-11-06,20.053,20.3851,12,40
2025-11-07,19.8557,20.2058,11,39
2025-11-10,18.5012,19.2457,8,36
2025-11-11,18.3268,19.2449,7,35
2025-11-12,18.3384,19.3997,6,34
2025-11-13,20.4452,20.5383,5,33
2025-11-14,20.0738,20.1248,4,32
2025-11-17,22.0493,21.1688,1,29
2025-11-18,23.9669,21.7706,0,28
2025-11-19,21.2323,22.1568,27,62
2025-11-20,22.867,23.2206,26,61
2025-11-21,21.5533,22.4099,25,60
2025-11-24,19.8948,21.1013,22,57
2025-11-25,19.3179,20.5594,21,56
2025-11-26,18.7431,20.1608,20,55
2025-11-28,18.2687,19.867,18,53
2025-12-01,18.3442,19.8539,15,50
2025-12-02,17.9472,19.5901,14,49
2025-12-03,17.7946,19.5796,13,48
2025-12-04,17.5422,19.4156,12,47
2025-12-05,17.2631,19.2329,11,46
2025-12-08,17.6046,19.4845,8,43
2025-12-09,17.609,19.4999,7,42
2025-12-10,16.6644,18.8164,6,41
2025-12-11,16.2564,18.5716,5,40
2025-12-12,16.5715,18.5508,4,39
2025-12-15,16.5036,18.5302,1,36
2025-12-16,16.3399,18.5123,0,35
2025-12-17,18.8033,20.0573,34,62
2025-12-18,18.1867,19.6653,33,61
2025-12-19,17.4453,19.1272,32,60
2025-12-22,16.8537,18.6258,29,57
2025-12-23,16.9364,18.7306,28,56
2025-12-24,16.8532,18.8012,27,55
2025-12-26,16.8173,18.8394,25,53
2025-12-29,16.6251,18.5604,22,50
2025-12-30,16.3736,18.3952,21,49
2025-12-31,16.5325,18.534,20,48
2026-01-02,16.1271,18.2916,18,46
2026-01-05,16.4125,18.406,15,43
2026-01-06,16.2426,18.1904,14,42
2026-01-07,16.6914,18.3472,13,41
2026-01-08,16.5193,18.1492,12,40
2026-01-09,16.1552,17.8657,11,39
2026-01-12,16.1224,17.9274,8,36
2026-01-13,16.5992,18.3897,7,35
2026-01-14,17.287,18.8191,6,34
2026-01-15,16.5041,18.2809,5,33
2026-01-16,16.6389,18.3596,4,32
2026-01-20,20.2228,20.3916,0,28
2026-01-21,18.4095,19.2998,27,55
2026-01-22,17.9803,19.0033,26,54
2026-01-23,18.346,19.2365,25,53
2026-01-26,18.2753,19.2337,22,50
2026-01-27,18.594,19.5249,21,49
2026-01-28,18.6005,19.5362,20,48
2026-01-29,18.7805,19.6838,19,47
2026-01-30,19.0448,19.8981,18,46
2026-02-02,17.9118,19.0652,15,43
2026-02-03,18.9085,19.6359,14,42
2026-02-04,19.2928,19.8792,13,41
2026-02-05,20.8475,20.8342,12,40
2026-02-06,19.1365,19.7066,11,39
2026-02-09,18.2983,19.128,8,36
2026-02-10,18.8064,19.5156,7,35
2026-02-11,18.6671,19.4505,6,34
2026-02-12,20.6575,20.6289,5,33
2026-02-13,21.029,20.8254,4,32
2026-02-17,20.0571,20.2175,0,28
2026-02-18,20.1587,20.7646,27,55
2026-02-19,20.7531,21.242,26,54
2026-02-20,20.2231,20.8381,25,53
2026-02-23,21.0977,21.4043,22,50
2026-02-24,20.2524,20.9235,21,49
2026-02-25,19.4492,20.3214,20,48
2026-02-26,19.7561,20.5453,19,47
2026-02-27,20.6361,21.1511,18,46
2026-03-02,20.932,21.2758,15,43
2026-03-03,22.1056,22.0885,14,42
2026-03-04,21.2017,21.3553,13,41
2026-03-05,22.9737,22.4869,12,40
2026-03-06,26.9657,25.0027,11,39
2026-03-09,23.5673,22.9911,8,36
2026-03-10,25.0953,23.9178,7,35
2026-03-11,23.5823,22.9478,6,34
2026-03-12,25.8135,24.3687,5,33
2026-03-13,26.3706,24.7996,4,32
2026-03-16,23.3145,22.99,1,29
2026-03-17,22.3122,22.7161,0,28
2026-03-18,24.6547,24.1579,27,62
2026-03-19,23.9468,23.5295,26,61
2026-03-20,25.7467,24.7511,25,60
2026-03-23,24.3024,23.6039,22,57
2026-03-24,24.9404,24.1512,21,56
2026-03-25,24.2885,23.8017,20,55
2026-03-26,26.2588,25.0986,19,54
2026-03-27,28.49,26.4912,18,53
2026-03-30,28.2082,26.4497,15,50
2026-03-31,25.0224,24.412,14,49
2026-04-01,24.4503,23.9092,13,48
2026-04-02,24.4806,23.9468,12,47
2026-04-06,23.843,23.3132,8,43
2026-04-07,24.9752,23.9995,7,42
2026-04-08,21.6653,21.9085,6,41
2026-04-09,20.2766,21.2162,5,40
2026-04-10,20.4077,21.5654,4,39
2026-04-13,19.304,20.7147,1,36
2026-04-14,18.5981,20.4795,0,35
2026-04-15,20.5903,21.079,34,62
2026-04-16,20.4999,21.021,33,61
2026-04-17,20.2916,20.945,32,60
2026-04-20,20.5949,21.2929,29,57
2026-04-21,20.9532,21.5196,28,56
2026-04-22,20.6508,21.3167,27,55
2026-04-23,20.6595,21.3194,26,54
2026-04-24,20.8574,21.5145,25,53
2026-04-27,20.0502,21.0997,22,50
2026-04-28,19.7201,20.7805,21,49
2026-04-29,20.2515,21.1753,20,48
2026-04-30,19.4774,20.6453,19,47
2026-05-01,19.6928,20.7897,18,46
2026-05-04,19.9531,21.045,15,43
2026-05-05,19.7775,21.0615,14,42
2026-05-06,19.3268,20.6964,13,41
2026-05-07,19.0668,20.5952,12,40
2026-05-08,19.2159,20.6846,11,39
2026-05-11,19.4709,20.99,8,36
2026-05-12,19.0069,20.5673,7,35
2026-05-13,19.0526,20.9198,6,34
2026-05-14,18.3627,20.5377,5,33
2026-05-15,19.106,20.6563,4,32
2026-05-18,17.6228,20.281,1,29
2026-05-19,20.4174,21.7247,28,63
2026-05-20,19.9922,21.491,27,62
2026-05-21,19.3516,21.129,26,61
2026-05-22,19.5327,21.2031,25,60
2026-05-26,18.8709,20.7092,21,56
2026-05-27,18.3995,20.4518,20,55
2026-05-28,17.9751,20.2218,19,54
2026-05-29,17.5883,19.9449,18,53
2026-06-01,18.0701,20.4065,15,50
2026-06-02,17.6984,20.2431,14,49
2026-06-03,17.6055,20.3183,13,48
2026-06-04,16.997,19.6678,12,47
2026-06-05,19.1698,20.4832,11,46
2026-06-08,18.7394,20.1442,8,43
2026-06-09,19.0027,20.5199,7,42
2026-06-10,20.6899,21.4626,6,41
2026-06-11,19.2403,20.4894,5,40
2026-06-12,17.9717,19.6632,4,39
2026-06-15,16.1117,18.36,1,36
2026-06-16,16.1227,18.4177,0,35
2026-06-17,19.255,20.3117,34,62
2026-06-18,18.4931,19.9209,33,61
2026-06-22,18.4508,19.6583,29,57
2026-06-23,19.5058,20.2839,28,56
2026-06-24,19.4291,20.1412,27,55
2026-06-25,19.1066,19.8393,26,54
2026-06-26,19.0598,19.8178,25,53
2026-06-29,18.415,19.2634,22,50
2026-06-30,17.9507,18.949,21,49
2026-07-01,18.1033,19.0954,20,48
2026-07-02,17.9017,18.9641,19,47
2026-07-06,17.2517,18.6039,15,43
2026-07-07,17.5525,18.6997,14,42
2026-07-08,17.927,18.8545,13,41
2026-07-09,17.4187,18.6556,12,40
2026-07-10,16.9545,18.2982,11,39
2026-07-13,17.7668,18.7312,8,36
2026-07-14,17.3067,18.5165,7,35
2026-07-15,16.5489,18.0542,6,34
2026-07-16,17.2746,18.508,5,33
2026-07-17,18.8036,19.3004,4,32
2026-07-20,18.4507,18.9656,1,29
2026-07-21,17.0397,18.4089,0,28
2026-07-22,18.5033,19.5928,27,55
2026-07-23,19.5133,20.2246,26,54
2026-07-24,19.231,19.9851,25,53
2026-07-27,19.1398,19.8291,22,50
2026-07-28,18.9983,19.7005,21,49
2026-07-29,20.3094,20.5776,20,48
2026-07-30,18.7716,19.6787,19,47
2026-07-31,18.1046,19.2499,18,46
2026-08-03,17.9466,19.1787,15,43
2026-08-04,18.0473,19.2542,14,42
2026-08-05,17.4302,18.7083,13,41
2026-08-06,17.0952,18.5409,12,40
2026-08-07,16.9913,18.6639,11,39
2026-08-10,16.9577,18.5975,8,36
2026-08-11,16.7881,18.4293,7,35
2026-08-12,16.0226,17.9686,6,34
2026-08-13,16.001,18.1145,5,33
2026-08-14,15.5594,17.9201,4,32
2026-08-17,15.6125,18.0529,1,29
2026-08-18,15.8653,18.1906,0,28
2026-08-19,17.6066,19.3886,27,62
2026-08-20,17.8009,19.4505,26,61
2026-08-21,17.5022,19.1499,25,60
2026-08-24,17.589,19.1282,22,57
2026-08-25,17.2042,18.9246,21,56
2026-08-26,17.1549,18.8535,20,55
2026-08-27,16.6614,18.5279,19,54
2026-08-28,16.9353,18.7002,18,53
2026-08-31,16.5603,18.4425,15,50
2026-09-01,17.2528,18.8535,14,49
2026-09-02,16.5528,18.385,13,48
2026-09-03,16.1381,18.1013,12,47
2026-09-04,16.2669,18.1384,11,46
2026-09-08,16.6283,18.402,7,42
2026-09-09,17.052,18.6248,6,41
2026-09-10,18.1289,19.1305,5,40
2026-09-11,16.6044,18.3595,4,39
2026-09-14,16.8509,18.5041,1,36
2026-09-15,17.032,18.5473,0,35
2026-09-16,18.7253,19.1712,34,62
